model,method,clean_acc,auc_frontier,mean_retention,aggressive_retention
DINOv2 ViT-S/14,Attention Pruning,0.788,0.43184375,0.9055837563451776,0.765228426395939
DINOv2 ViT-S/14,Group-Mean Merging,0.788,0.452578125,0.9695431472081217,0.9162436548223349
DINOv2 ViT-S/14,Medoid Merging,0.788,0.44629296875,0.9568527918781726,0.9010152284263958
DINOv2 ViT-S/14,Norm Pruning,0.788,0.41648828125000004,0.8695431472081218,0.7131979695431473
DINOv2 ViT-S/14,Operator-Aware (Oracle),0.788,0.45634765625000007,0.9791878172588833,0.932741116751269
DINOv2 ViT-S/14,Operator-Aware (Rank-16),0.788,0.4539296875,0.9736040609137057,0.9289340101522842
DINOv2 ViT-S/14,Operator-Aware (Rank-32),0.788,0.45353125,0.9725888324873097,0.9263959390862944
DINOv2 ViT-S/14,Random Pruning,0.788,0.43095703124999996,0.9081218274111675,0.7804568527918782
DINOv2 ViT-S/14,ToMe (BSM),0.788,0.4433984375,0.9482233502538071,0.8807106598984771
DINOv2 ViT-S/14,Unweighted Centroid,0.788,0.44105468750000004,0.9385786802030456,0.8540609137055838
DeiT-Small,Attention Pruning,0.761,0.44157397959183675,0.98107752956636,0.9408672798948751
DeiT-Small,Group-Mean Merging,0.761,0.44797959183673475,1.0031537450722734,1.0039421813403417
DeiT-Small,Medoid Merging,0.761,0.4420408163265307,0.9863337713534822,0.9684625492772667
DeiT-Small,Norm Pruning,0.761,0.43431632653061225,0.9532194480946125,0.8436268068331143
DeiT-Small,Operator-Aware (Oracle),0.761,0.4461479591836735,0.9986859395532195,0.9960578186596584
DeiT-Small,Operator-Aware (Rank-16),0.761,0.44738010204081635,1.0021024967148489,1.0052562417871223
DeiT-Small,Operator-Aware (Rank-32),0.761,0.447201530612245,1.0021024967148489,1.0052562417871223
DeiT-Small,Random Pruning,0.761,0.43128571428571433,0.9603153745072273,0.9342969776609723
DeiT-Small,ToMe (BSM),0.761,0.4487397959183673,1.004993429697766,1.0039421813403417
DeiT-Small,Unweighted Centroid,0.761,0.43837755102040815,0.978712220762155,0.9671484888304862
DeiT-Tiny,Attention Pruning,0.679,0.3811938775510204,0.9387334315169367,0.8468335787923416
DeiT-Tiny,Group-Mean Merging,0.679,0.39694387755102045,0.9949926362297496,0.979381443298969
DeiT-Tiny,Medoid Merging,0.679,0.3920714285714286,0.9779086892488955,0.9528718703976435
DeiT-Tiny,Norm Pruning,0.679,0.3697219387755102,0.898379970544919,0.743740795287187
DeiT-Tiny,Operator-Aware (Oracle),0.679,0.3973979591836735,0.9961708394698086,0.9882179675994109
DeiT-Tiny,Operator-Aware (Rank-16),0.679,0.3980357142857144,0.9979381443298969,0.9882179675994109
DeiT-Tiny,Operator-Aware (Rank-32),0.679,0.3983826530612245,1.0002945508100147,1.0
DeiT-Tiny,Random Pruning,0.679,0.37345153061224495,0.9260677466863034,0.8630338733431516
DeiT-Tiny,ToMe (BSM),0.679,0.3956045918367347,0.9891016200294551,0.9690721649484536
DeiT-Tiny,Unweighted Centroid,0.679,0.3879540816326531,0.9637702503681884,0.9057437407952871
ViT-B/16,Attention Pruning,0.761,0.42344642857142856,0.9285151116951379,0.8252299605781865
ViT-B/16,Group-Mean Merging,0.761,0.43955357142857143,0.9810775295663602,0.961892247043364
ViT-B/16,Medoid Merging,0.761,0.43897448979591835,0.9805519053876479,0.973718791064389
ViT-B/16,Norm Pruning,0.761,0.41625255102040815,0.9064388961892247,0.7660972404730617
ViT-B/16,Operator-Aware (Oracle),0.761,0.4434005102040816,0.99053876478318,0.9776609724047306
ViT-B/16,Operator-Aware (Rank-16),0.761,0.44180612244897954,0.9860709592641262,0.9684625492772667
ViT-B/16,Operator-Aware (Rank-32),0.761,0.44232908163265305,0.988173455978975,0.9750328515111695
ViT-B/16,Random Pruning,0.761,0.4248163265306122,0.9437582128777924,0.9093298291721419
ViT-B/16,ToMe (BSM),0.761,0.43539285714285714,0.9721419185282523,0.9592641261498028
ViT-B/16,Unweighted Centroid,0.761,0.43614795918367344,0.9726675427069645,0.9474375821287779
