model,budget,baseline,delta_acc,win_count,loss_count,tie_count,mcnemar_p,mean_damage_diff
DeiT-Tiny,147,Random Pruning,0.007,20,13,967,0.296206368599087,0.07252770712971687
DeiT-Tiny,147,Norm Pruning,0.008,22,14,964,0.24298495403490966,0.05685198192298412
DeiT-Tiny,147,Attention Pruning,0.003,13,10,977,0.6776394844055176,0.018145421952009202
DeiT-Tiny,147,Group-Mean Merging,-0.002,3,5,992,0.7265625,0.004165416955947876
DeiT-Tiny,147,Medoid Merging,0.003,10,7,983,0.629058837890625,0.012841560333967208
DeiT-Tiny,147,Unweighted Centroid,0.01,23,13,964,0.13249816396273675,0.06419474858045578
DeiT-Tiny,147,ToMe (BSM),0.002,4,2,994,0.6875,0.002430631160736084
DeiT-Tiny,98,Random Pruning,0.041,58,17,925,2.1823279653758543e-06,0.2967479458898306
DeiT-Tiny,98,Norm Pruning,0.026,51,25,924,0.0038362357516146263,0.24309834872186184
DeiT-Tiny,98,Attention Pruning,0.014,31,17,952,0.05946337525377034,0.09253071904182435
DeiT-Tiny,98,Group-Mean Merging,0.006,9,3,988,0.14599609375,0.005747833162546158
DeiT-Tiny,98,Medoid Merging,0.002,19,17,964,0.8679394004284404,0.04475965408980846
DeiT-Tiny,98,Unweighted Centroid,0.013,40,27,933,0.1420713794263756,0.17899182264506816
DeiT-Tiny,98,ToMe (BSM),0.003,18,15,967,0.7283324808813632,0.03979477722942829
DeiT-Tiny,72,Random Pruning,0.036,71,35,894,0.0006060762772090588,0.42425989226996896
DeiT-Tiny,72,Norm Pruning,0.045,78,33,889,2.32626705010725e-05,0.4182673183977604
DeiT-Tiny,72,Attention Pruning,0.027,55,28,917,0.004039208886669413,0.2169615606814623
DeiT-Tiny,72,Group-Mean Merging,-0.004,10,14,976,0.5412561893463135,0.014623254969716072
DeiT-Tiny,72,Medoid Merging,0.007,29,22,949,0.4010619910279374,0.08570341585576534
DeiT-Tiny,72,Unweighted Centroid,0.005,42,37,921,0.6529643755164601,0.26065612526237963
DeiT-Tiny,72,ToMe (BSM),-0.009,12,21,967,0.16275565745308995,0.04185972782969475
DeiT-Tiny,49,Random Pruning,0.069,103,34,863,2.8993549295363596e-09,0.5875148972570896
DeiT-Tiny,49,Norm Pruning,0.087,124,37,839,3.538055305122546e-12,0.7471381777003407
DeiT-Tiny,49,Attention Pruning,0.055,90,35,875,9.239977718978823e-07,0.438808376327157
DeiT-Tiny,49,Group-Mean Merging,-0.002,13,15,972,0.8505540192127228,0.02918628816306591
DeiT-Tiny,49,Medoid Merging,0.026,48,22,930,0.0025475648982539578,0.1464773347079754
DeiT-Tiny,49,Unweighted Centroid,0.026,60,34,906,0.009547810466077417,0.3743594053089619
DeiT-Tiny,49,ToMe (BSM),0.015,32,17,951,0.04438416098714981,0.1070439631342888
DeiT-Tiny,32,Random Pruning,0.085,129,44,827,6.999045647626698e-11,0.7611317066624761
DeiT-Tiny,32,Norm Pruning,0.166,197,31,772,9.827690750089789e-31,1.2045875509642066
DeiT-Tiny,32,Attention Pruning,0.096,134,38,828,9.475132836761556e-14,0.692039973333478
DeiT-Tiny,32,Group-Mean Merging,0.006,27,21,952,0.470879013621712,0.05390729211270809
DeiT-Tiny,32,Medoid Merging,0.024,53,29,918,0.010637487878147722,0.12857877732813358
DeiT-Tiny,32,Unweighted Centroid,0.056,86,30,884,1.9182738987900616e-07,0.49349542024731635
DeiT-Tiny,32,ToMe (BSM),0.013,35,22,943,0.11116111910399346,0.11105377499759198
DeiT-Small,147,Random Pruning,0.005,11,6,983,0.332305908203125,0.04963593688607216
DeiT-Small,147,Norm Pruning,-0.006,3,9,988,0.14599609375,0.00929686764627695
DeiT-Small,147,Attention Pruning,0.001,6,5,989,1.0,-0.006533358387649059
DeiT-Small,147,Group-Mean Merging,0.001,2,1,997,1.0,-0.004129576832056046
DeiT-Small,147,Medoid Merging,0.002,4,2,994,0.6875,-0.0010803395807743072
DeiT-Small,147,Unweighted Centroid,0.006,14,8,978,0.28627872467041016,0.017223674297332764
DeiT-Small,147,ToMe (BSM),0.001,2,1,997,1.0,-0.013606023430824279
DeiT-Small,98,Random Pruning,0.022,38,16,946,0.003838265880326096,0.21502171233296394
DeiT-Small,98,Norm Pruning,0.01,25,15,960,0.1538599441628321,0.08101787257939577
DeiT-Small,98,Attention Pruning,0.002,14,12,974,0.8450189828872681,0.006188263423740864
DeiT-Small,98,Group-Mean Merging,-0.004,5,9,986,0.4239501953125,-0.019358027063310145
DeiT-Small,98,Medoid Merging,0.003,12,9,979,0.6636238098144531,0.011832750439643859
DeiT-Small,98,Unweighted Centroid,0.01,29,19,952,0.19341265286193737,0.10857362565398217
DeiT-Small,98,ToMe (BSM),-0.004,8,12,980,0.5034446716308594,-0.0242928129658103
DeiT-Small,72,Random Pruning,0.028,51,23,926,0.0015162236642818601,0.3374557378143072
DeiT-Small,72,Norm Pruning,0.01,36,26,938,0.25285439418811073,0.1964706182256341
DeiT-Small,72,Attention Pruning,0.0,16,16,968,1.0,0.03893635153025389
DeiT-Small,72,Group-Mean Merging,-0.005,8,13,979,0.38331031799316406,-0.03588196089863777
DeiT-Small,72,Medoid Merging,0.01,21,11,968,0.11018416518345475,0.0021895693242549898
DeiT-Small,72,Unweighted Centroid,0.012,36,24,940,0.1550019040032606,0.16929816342890264
DeiT-Small,72,ToMe (BSM),-0.007,10,17,973,0.24778856337070465,-0.038933631055057046
DeiT-Small,49,Random Pruning,0.044,67,23,910,3.7950491781678e-06,0.4732003108263016
DeiT-Small,49,Norm Pruning,0.043,75,32,893,3.918715378691487e-05,0.49534794594347475
DeiT-Small,49,Attention Pruning,0.022,39,17,944,0.004561532746408219,0.16756157132983207
DeiT-Small,49,Group-Mean Merging,-0.003,13,16,971,0.711071103811264,-0.046440833061933515
DeiT-Small,49,Medoid Merging,0.011,27,16,957,0.12628947438543037,0.0245356362760067
DeiT-Small,49,Unweighted Centroid,0.026,51,25,924,0.0038362357516146263,0.2689026354253292
DeiT-Small,49,ToMe (BSM),-0.008,15,23,962,0.2558750795433298,-0.02529002733528614
DeiT-Small,32,Random Pruning,0.047,74,27,899,3.1798876310461662e-06,0.6429055325835943
DeiT-Small,32,Norm Pruning,0.116,151,35,814,2.271773708901119e-18,0.9862301605194808
DeiT-Small,32,Attention Pruning,0.042,68,26,906,1.7316912262453792e-05,0.4119630078300834
DeiT-Small,32,Group-Mean Merging,-0.006,17,23,960,0.42959050784338615,-0.06692890411615372
DeiT-Small,32,Medoid Merging,0.021,41,20,939,0.009853448195259268,0.08703562033176422
DeiT-Small,32,Unweighted Centroid,0.022,53,31,916,0.021383189937144585,0.3879518829807639
DeiT-Small,32,ToMe (BSM),-0.006,22,28,950,0.47988766169832786,-0.04284591543674469
ViT-B/16,147,Random Pruning,0.01,19,9,972,0.08715855330228806,0.06663469517230988
ViT-B/16,147,Norm Pruning,0.009,16,7,977,0.0931396484375,0.05823666773736477
ViT-B/16,147,Attention Pruning,0.005,17,12,971,0.45825831964612007,0.00437888865172863
ViT-B/16,147,Group-Mean Merging,0.001,6,5,989,1.0,0.007525803923606873
ViT-B/16,147,Medoid Merging,0.005,7,2,991,0.1796875,0.0057533117532730105
ViT-B/16,147,Unweighted Centroid,0.006,21,15,964,0.4050322461407632,0.00527434691786766
ViT-B/16,147,ToMe (BSM),0.003,7,4,989,0.548828125,0.009472566366195678
ViT-B/16,98,Random Pruning,0.025,39,14,947,0.0008023308868949641,0.26804323509614914
ViT-B/16,98,Norm Pruning,0.03,50,20,930,0.00044028500651396835,0.2395594671992585
ViT-B/16,98,Attention Pruning,0.021,39,18,943,0.0075081755341502,0.15668682202976197
ViT-B/16,98,Group-Mean Merging,0.007,15,8,977,0.21003961563110352,-0.012618592199869454
ViT-B/16,98,Medoid Merging,0.004,15,11,974,0.557197093963623,0.05076100846659392
ViT-B/16,98,Unweighted Centroid,0.014,28,14,958,0.04355852192384191,0.02388022081833333
ViT-B/16,98,ToMe (BSM),0.014,21,7,972,0.012540951371192932,0.012090995508246124
ViT-B/16,72,Random Pruning,0.044,60,16,924,3.850977823529725e-07,0.3504562280103564
ViT-B/16,72,Norm Pruning,0.046,68,22,910,1.249258128763103e-06,0.45674752312898637
ViT-B/16,72,Attention Pruning,0.03,55,25,920,0.0010527348573533446,0.32960523541271686
ViT-B/16,72,Group-Mean Merging,0.01,21,11,968,0.11018416518345475,-0.02453927108645439
ViT-B/16,72,Medoid Merging,0.011,23,12,965,0.08953107893466952,0.04681084611266852
ViT-B/16,72,Unweighted Centroid,0.012,32,20,948,0.12634707581392135,0.06015873597562313
ViT-B/16,72,ToMe (BSM),0.016,26,10,964,0.011330984183587134,-0.014525009259581566
ViT-B/16,49,Random Pruning,0.047,66,19,915,3.040683333139466e-07,0.4681010209321976
ViT-B/16,49,Norm Pruning,0.074,103,29,868,6.465338130990345e-11,0.9382473812252283
ViT-B/16,49,Attention Pruning,0.064,90,26,884,1.894640656756038e-09,0.6789202754795551
ViT-B/16,49,Group-Mean Merging,0.006,26,20,954,0.4613911821367651,-0.04589422589540482
ViT-B/16,49,Medoid Merging,0.015,34,19,947,0.053438810537711046,0.09804914520680905
ViT-B/16,49,Unweighted Centroid,0.013,35,22,943,0.11116111910399346,0.06916862745583058
ViT-B/16,49,ToMe (BSM),0.023,39,16,945,0.0026672623828598026,0.03878739993274212
ViT-B/16,32,Random Pruning,0.052,85,33,882,1.8430439047785736e-06,0.699804714012891
ViT-B/16,32,Norm Pruning,0.161,193,32,775,3.098577833957225e-29,1.801024367792532
ViT-B/16,32,Attention Pruning,0.116,149,33,818,8.346010968285125e-19,1.191327262878418
ViT-B/16,32,Group-Mean Merging,0.012,42,30,928,0.1945051658673991,-0.03640297792851925
ViT-B/16,32,Medoid Merging,0.003,43,40,917,0.8264047244491923,0.16080932153016328
ViT-B/16,32,Unweighted Centroid,0.023,60,37,903,0.02499073659259804,0.14113153901323677
ViT-B/16,32,ToMe (BSM),0.014,46,32,922,0.14053828626952242,0.03860449089109898
DINOv2 ViT-S/14,192,Random Pruning,0.002,22,20,958,0.8776143287523154,0.1425652188435197
DINOv2 ViT-S/14,192,Norm Pruning,0.008,23,15,962,0.2558750795433298,0.12451634047180414
DINOv2 ViT-S/14,192,Attention Pruning,0.0,13,13,974,1.0,0.05872024774365127
DINOv2 ViT-S/14,192,Group-Mean Merging,-0.002,7,9,984,0.803619384765625,0.02239954425394535
DINOv2 ViT-S/14,192,Medoid Merging,0.001,14,13,973,1.0,0.02977142198383808
DINOv2 ViT-S/14,192,Unweighted Centroid,0.004,18,14,968,0.5966148958541453,0.09803237455897033
DINOv2 ViT-S/14,192,ToMe (BSM),0.003,12,9,979,0.6636238098144531,0.031352167084813115
DINOv2 ViT-S/14,128,Random Pruning,0.03,46,16,938,0.00017632711255144299,0.30841922576725483
DINOv2 ViT-S/14,128,Norm Pruning,0.047,67,20,913,4.3053681250011935e-07,0.4529237476140261
DINOv2 ViT-S/14,128,Attention Pruning,0.019,43,24,933,0.027119992403126333,0.24051402125507593
DINOv2 ViT-S/14,128,Group-Mean Merging,0.008,21,13,966,0.22948101302608848,0.03886211590468883
DINOv2 ViT-S/14,128,Medoid Merging,0.023,31,8,961,0.0002940768754342571,0.10521839800477027
DINOv2 ViT-S/14,128,Unweighted Centroid,0.023,42,19,939,0.004444019471066869,0.22322506301105022
DINOv2 ViT-S/14,128,ToMe (BSM),0.028,44,16,940,0.00039404324272610154,0.10707995815575123
DINOv2 ViT-S/14,94,Random Pruning,0.053,77,24,899,1.1806803494439654e-07,0.5785483820736408
DINOv2 ViT-S/14,94,Norm Pruning,0.073,95,22,883,5.31440299094321e-12,0.7811808979809284
DINOv2 ViT-S/14,94,Attention Pruning,0.046,75,29,896,7.366510614966003e-06,0.5291313191056252
DINOv2 ViT-S/14,94,Group-Mean Merging,0.0,25,25,950,1.0,0.06341461030207575
DINOv2 ViT-S/14,94,Medoid Merging,0.021,41,20,939,0.009853448195259268,0.1591081595569849
DINOv2 ViT-S/14,94,Unweighted Centroid,0.022,49,27,924,0.01544026202090637,0.33164008605480194
DINOv2 ViT-S/14,94,ToMe (BSM),0.016,40,24,936,0.05994118956699923,0.1190826124548912
DINOv2 ViT-S/14,64,Random Pruning,0.075,107,32,861,1.2069281353323776e-10,0.8210125450268387
DINOv2 ViT-S/14,64,Norm Pruning,0.131,161,30,809,7.167434382229872e-23,1.2514664850011468
DINOv2 ViT-S/14,64,Attention Pruning,0.093,126,33,841,5.266175903677328e-14,0.9134478316307068
DINOv2 ViT-S/14,64,Group-Mean Merging,0.019,43,24,933,0.027119992403126333,0.10841698034107686
DINOv2 ViT-S/14,64,Medoid Merging,0.018,43,25,932,0.038460053348927506,0.2409124554246664
DINOv2 ViT-S/14,64,Unweighted Centroid,0.049,77,28,895,1.8534768352189496e-06,0.5520702438056468
DINOv2 ViT-S/14,64,ToMe (BSM),0.034,66,32,902,0.0007698826407272644,0.29005337903648615
DINOv2 ViT-S/14,42,Random Pruning,0.12,167,47,786,5.829220638442029e-17,1.2841182428598403
DINOv2 ViT-S/14,42,Norm Pruning,0.173,225,52,723,8.116571110867868e-27,1.644621144324541
DINOv2 ViT-S/14,42,Attention Pruning,0.132,181,49,770,5.545050194207693e-19,1.332595949575305
DINOv2 ViT-S/14,42,Group-Mean Merging,0.013,50,37,913,0.1979791406725175,0.024921627536416052
DINOv2 ViT-S/14,42,Medoid Merging,0.025,76,51,873,0.03278956169303346,0.22783154290914537
DINOv2 ViT-S/14,42,Unweighted Centroid,0.062,96,34,870,4.944275600544126e-08,0.6969304077625275
DINOv2 ViT-S/14,42,ToMe (BSM),0.041,93,52,855,0.0008332149554767824,0.426484021872282
