model,method,budget,rem_frac,top1_acc,top1_flip,margin_damage,logit_l2,kl_div,op_residual,clean_acc,retention
DINOv2 ViT-S/14,Attention Pruning,42,0.1640625,0.603,0.338,2.022651068009436,51.66185179710388,0.9200863508711018,,0.788,0.765228426395939
DINOv2 ViT-S/14,Attention Pruning,64,0.25,0.678,0.242,1.2116723448187112,40.03235349273682,0.47297065308550906,,0.788,0.8604060913705583
DINOv2 ViT-S/14,Attention Pruning,94,0.3671875,0.732,0.165,0.646311362348497,29.255744218826294,0.22991321442555487,,0.788,0.9289340101522842
DINOv2 ViT-S/14,Attention Pruning,128,0.5,0.771,0.101,0.289135948613286,20.487806619167326,0.10171283345106012,,0.788,0.9784263959390863
DINOv2 ViT-S/14,Attention Pruning,192,0.75,0.784,0.04,0.07032320143096149,8.85940032839775,0.01751830037936629,,0.788,0.9949238578680203
DINOv2 ViT-S/14,Group-Mean Merging,42,0.1640625,0.722,0.174,0.7149767459705472,32.14636880111694,0.2560548205692812,32.35026113510132,0.788,0.9162436548223349
DINOv2 ViT-S/14,Group-Mean Merging,64,0.25,0.752,0.105,0.40664149352908135,23.1405485329628,0.11836143411851344,25.588868035316466,0.788,0.9543147208121827
DINOv2 ViT-S/14,Group-Mean Merging,94,0.3671875,0.778,0.073,0.1805946535449475,16.054367312431335,0.051191396536905416,19.08379655790329,0.788,0.9873096446700508
DINOv2 ViT-S/14,Group-Mean Merging,128,0.5,0.782,0.044,0.08748404326289892,10.785497600793839,0.02412835931644986,13.476798510551452,0.788,0.9923857868020305
DINOv2 ViT-S/14,Group-Mean Merging,192,0.75,0.786,0.02,0.034002497941255566,4.321589156389236,0.004089642309522176,5.797948276400566,0.788,0.9974619289340102
DINOv2 ViT-S/14,Medoid Merging,42,0.1640625,0.71,0.199,0.9178866613432765,35.54450139045716,0.33569479489930315,34.00380222511291,0.788,0.9010152284263958
DINOv2 ViT-S/14,Medoid Merging,64,0.25,0.753,0.128,0.5391369686126709,26.719339262485505,0.16272719682180287,27.04795987033844,0.788,0.9555837563451777
DINOv2 ViT-S/14,Medoid Merging,94,0.3671875,0.757,0.102,0.27628820279985666,19.524611722946165,0.08129120397816474,20.60493195104599,0.788,0.9606598984771574
DINOv2 ViT-S/14,Medoid Merging,128,0.5,0.767,0.063,0.15384032536298037,14.426412228822707,0.04179138609104268,15.175741600513458,0.788,0.9733502538071066
DINOv2 ViT-S/14,Medoid Merging,192,0.75,0.783,0.033,0.0413743756711483,7.24564457988739,0.012137854950887374,7.266817542076111,0.788,0.9936548223350253
DINOv2 ViT-S/14,Norm Pruning,42,0.1640625,0.562,0.38,2.334676262758672,57.087490983963015,1.131439045907724,,0.788,0.7131979695431473
DINOv2 ViT-S/14,Norm Pruning,64,0.25,0.64,0.266,1.5496909981891513,45.91635378265381,0.6701521374883832,,0.788,0.8121827411167513
DINOv2 ViT-S/14,Norm Pruning,94,0.3671875,0.705,0.183,0.8983609412238002,34.77699248123169,0.3445660821123847,,0.788,0.8946700507614213
DINOv2 ViT-S/14,Norm Pruning,128,0.5,0.743,0.125,0.5015456749722361,25.569306515693665,0.17364336799368835,,0.788,0.9428934010152283
DINOv2 ViT-S/14,Norm Pruning,192,0.75,0.776,0.061,0.13611929415911436,12.41570782494545,0.035573137096596895,,0.788,0.9847715736040609
DINOv2 ViT-S/14,Operator-Aware (Oracle),42,0.1640625,0.735,0.15,0.6900551184341311,29.939159452438354,0.23121941359032736,19.746654754638673,0.788,0.932741116751269
DINOv2 ViT-S/14,Operator-Aware (Oracle),64,0.25,0.771,0.087,0.29822451318800447,19.289520307540894,0.08045673229859358,15.93736800146103,0.788,0.9784263959390863
DINOv2 ViT-S/14,Operator-Aware (Oracle),94,0.3671875,0.778,0.056,0.11718004324287176,12.014320579051972,0.028858922807530746,12.071730160236358,0.788,0.9873096446700508
DINOv2 ViT-S/14,Operator-Aware (Oracle),128,0.5,0.79,0.03,0.04862192735821009,7.386812570810318,0.010789319253400294,8.674838461637497,0.788,1.00253807106599
DINOv2 ViT-S/14,Operator-Aware (Oracle),192,0.75,0.784,0.015,0.011602953687310218,2.6764986608028414,0.001529927940505125,3.847369433581829,0.788,0.9949238578680203
DINOv2 ViT-S/14,Operator-Aware (Rank-16),42,0.1640625,0.732,0.163,0.6776806001663208,31.076468863487243,0.23512608180458527,30.556779150009156,0.788,0.9289340101522842
DINOv2 ViT-S/14,Operator-Aware (Rank-16),64,0.25,0.756,0.103,0.3753798753749579,22.0051525683403,0.10075386391105917,24.246797679901125,0.788,0.9593908629441624
DINOv2 ViT-S/14,Operator-Aware (Rank-16),94,0.3671875,0.773,0.071,0.16660187294706702,15.072451849937439,0.042323054971899525,18.12295992565155,0.788,0.9809644670050761
DINOv2 ViT-S/14,Operator-Aware (Rank-16),128,0.5,0.786,0.037,0.07961219289153815,10.05551450586319,0.019513098918265998,12.838010993003845,0.788,0.9974619289340102
DINOv2 ViT-S/14,Operator-Aware (Rank-16),192,0.75,0.789,0.018,0.031078316003084184,4.01152017390728,0.003238575132546444,5.550147540450096,0.788,1.001269035532995
DINOv2 ViT-S/14,Operator-Aware (Rank-32),42,0.1640625,0.73,0.16,0.6540736616924405,30.532903314590452,0.22567707166020182,29.660055790901183,0.788,0.9263959390862944
DINOv2 ViT-S/14,Operator-Aware (Rank-32),64,0.25,0.753,0.1,0.3591001544129103,21.45517441368103,0.09429262889454366,23.57423452281952,0.788,0.9555837563451777
DINOv2 ViT-S/14,Operator-Aware (Rank-32),94,0.3671875,0.776,0.068,0.15878020563535392,14.604379351139068,0.03917808357895848,17.639383744239808,0.788,0.9847715736040609
DINOv2 ViT-S/14,Operator-Aware (Rank-32),128,0.5,0.784,0.034,0.07492667021602392,9.706009445667267,0.017910916603332227,12.510880583286285,0.788,0.9949238578680203
DINOv2 ViT-S/14,Operator-Aware (Rank-32),192,0.75,0.789,0.018,0.02944145354628563,3.860736083447933,0.0029324950494897307,5.420517483949661,0.788,1.001269035532995
DINOv2 ViT-S/14,Random Pruning,42,0.1640625,0.615,0.323,1.9741733612939716,53.5043939781189,0.8026464897452752,,0.788,0.7804568527918782
DINOv2 ViT-S/14,Random Pruning,64,0.25,0.696,0.214,1.1192370582148432,40.79367359733582,0.3934252310345755,,0.788,0.8832487309644669
DINOv2 ViT-S/14,Random Pruning,94,0.3671875,0.725,0.154,0.6957284253165126,30.621366554260256,0.2078287575441914,,0.788,0.9200507614213197
DINOv2 ViT-S/14,Random Pruning,128,0.5,0.76,0.1,0.3570411531254649,22.381466713905333,0.09996981325425987,,0.788,0.9644670050761421
DINOv2 ViT-S/14,Random Pruning,192,0.75,0.782,0.062,0.1541681725308299,13.21800565624237,0.03370840063094966,,0.788,0.9923857868020305
DINOv2 ViT-S/14,ToMe (BSM),42,0.1640625,0.694,0.223,1.116539140306413,41.02264274024964,0.48379084890897367,,0.788,0.8807106598984771
DINOv2 ViT-S/14,ToMe (BSM),64,0.25,0.737,0.155,0.5882778922244907,29.67717389678955,0.2206259734432615,,0.788,0.9352791878172588
DINOv2 ViT-S/14,ToMe (BSM),94,0.3671875,0.762,0.103,0.23626265569776297,19.035642842292784,0.08298359449663838,,0.788,0.9670050761421319
DINOv2 ViT-S/14,ToMe (BSM),128,0.5,0.762,0.074,0.1557018855139613,14.059492989063262,0.041415989891777374,,0.788,0.9670050761421319
DINOv2 ViT-S/14,ToMe (BSM),192,0.75,0.781,0.022,0.04295512077212334,5.287633045434951,0.006881234969380785,,0.788,0.9911167512690355
DINOv2 ViT-S/14,Unweighted Centroid,42,0.1640625,0.673,0.247,1.3869855261966586,47.137518419265746,0.4826277105836143,32.35026113510132,0.788,0.8540609137055838
DINOv2 ViT-S/14,Unweighted Centroid,64,0.25,0.722,0.177,0.8502947569936514,35.481786518096925,0.24751548630997605,25.588868035316466,0.788,0.9162436548223349
DINOv2 ViT-S/14,Unweighted Centroid,94,0.3671875,0.756,0.119,0.4488201292976737,26.005589150428772,0.12710418336704243,19.08379655790329,0.788,0.9593908629441624
DINOv2 ViT-S/14,Unweighted Centroid,128,0.5,0.767,0.097,0.2718469903692603,19.29790931224823,0.07517101071746862,13.476798510551452,0.788,0.9733502538071066
DINOv2 ViT-S/14,Unweighted Centroid,192,0.75,0.78,0.044,0.10963532824628056,10.525147983551026,0.022038296963862395,5.797948276400566,0.788,0.9898477157360406
DeiT-Small,Attention Pruning,32,0.16326530612244897,0.716,0.154,0.5362083150371909,12.424762251138688,0.26152219977462665,,0.761,0.9408672798948751
DeiT-Small,Attention Pruning,49,0.25,0.738,0.106,0.24658881852030753,9.634039005041123,0.1337043407736346,,0.761,0.9697766097240473
DeiT-Small,Attention Pruning,72,0.3673469387755102,0.759,0.07,0.08364875289052724,7.199346270442009,0.058902113585325426,,0.761,0.9973718791064389
DeiT-Small,Attention Pruning,98,0.5,0.759,0.05,0.03194049198180437,5.275675189077854,0.02717382389854174,,0.761,0.9973718791064389
DeiT-Small,Attention Pruning,147,0.75,0.761,0.02,0.0029371863082051277,2.674969048410654,0.004583869817230152,,0.761,1.0
DeiT-Small,Group-Mean Merging,32,0.16326530612244897,0.764,0.063,0.05731640309095383,6.343130058288574,0.039587807183503174,7.696612270236015,0.761,1.0039421813403417
DeiT-Small,Group-Mean Merging,49,0.25,0.763,0.049,0.03258641412854195,4.987530070483684,0.023435032352834242,6.164612886309624,0.761,1.002628120893561
DeiT-Small,Group-Mean Merging,72,0.3673469387755102,0.764,0.035,0.00883044046163559,3.6517025398015974,0.012026545778440777,4.588191982328892,0.761,1.0039421813403417
DeiT-Small,Group-Mean Merging,98,0.5,0.765,0.021,0.006394201494753361,2.553608541280031,0.005698655140309711,3.241876168817282,0.761,1.0052562417871223
DeiT-Small,Group-Mean Merging,147,0.75,0.761,0.007,0.005340967863798142,1.1504439125582575,0.0009544183798170707,1.4432768222540617,0.761,1.0
DeiT-Small,Medoid Merging,32,0.16326530612244897,0.737,0.113,0.21128092753887176,8.7955588285923,0.09666493542311946,8.77674435532093,0.761,0.9684625492772667
DeiT-Small,Medoid Merging,49,0.25,0.749,0.079,0.10356288346648217,7.205411691308021,0.05883571776881581,7.144941156506539,0.761,0.9842312746386334
DeiT-Small,Medoid Merging,72,0.3673469387755102,0.749,0.062,0.04690197068452835,5.7693315689563756,0.03409100695361849,5.543195572733879,0.761,0.9842312746386334
DeiT-Small,Medoid Merging,98,0.5,0.758,0.041,0.037584978997707366,4.5619056538343425,0.018068270244257292,4.161014818549156,0.761,0.9960578186596584
DeiT-Small,Medoid Merging,147,0.75,0.76,0.023,0.00839020511507988,2.8680792585909365,0.00506557051413256,2.2726308580935,0.761,0.9986859395532195
DeiT-Small,Norm Pruning,32,0.16326530612244897,0.642,0.275,1.1104754677265882,15.27024081325531,0.6698820926412009,,0.761,0.8436268068331143
DeiT-Small,Norm Pruning,49,0.25,0.717,0.172,0.5743751931339502,11.624630528211593,0.2798659604162676,,0.761,0.9421813403416557
DeiT-Small,Norm Pruning,72,0.3673469387755102,0.749,0.11,0.24118301958590746,8.316324287176132,0.12121662574482615,,0.761,0.9842312746386334
DeiT-Small,Norm Pruning,98,0.5,0.751,0.078,0.10677010113745927,5.792405437231064,0.05730909115792019,,0.761,0.9868593955321945
DeiT-Small,Norm Pruning,147,0.75,0.768,0.027,0.018767412342131137,2.4909370811879636,0.009438241852185456,,0.761,1.0091984231274638
DeiT-Small,Operator-Aware (Oracle),32,0.16326530612244897,0.758,0.047,0.12424530720710754,4.674479374349117,0.0324873424982361,5.106788267791271,0.761,0.9960578186596584
DeiT-Small,Operator-Aware (Oracle),49,0.25,0.76,0.032,0.07902724719047546,3.457687212884426,0.015774910602602176,4.143248965740204,0.761,0.9986859395532195
DeiT-Small,Operator-Aware (Oracle),72,0.3673469387755102,0.759,0.021,0.04471240136027336,2.41417108219862,0.006464628268557135,3.137274393737316,0.761,0.9973718791064389
DeiT-Small,Operator-Aware (Oracle),98,0.5,0.761,0.011,0.025752228558063507,1.6538211401700973,0.002802794711889874,2.2622601605057717,0.761,1.0
DeiT-Small,Operator-Aware (Oracle),147,0.75,0.762,0.006,0.009470544695854188,0.7604380870908499,0.0004021830287638295,1.078131000071764,0.761,1.0013140604467805
DeiT-Small,Operator-Aware (Rank-16),32,0.16326530612244897,0.765,0.056,0.06733558097481727,5.682151346504688,0.028442774140217807,7.036665705442428,0.761,1.0052562417871223
DeiT-Small,Operator-Aware (Rank-16),49,0.25,0.758,0.042,0.043460026890039444,4.409932290494442,0.015921130870934577,5.656056060016155,0.761,0.9960578186596584
DeiT-Small,Operator-Aware (Rank-16),72,0.3673469387755102,0.766,0.028,0.020446430772542955,3.2119878181815147,0.007851741150923772,4.230860033035278,0.761,1.0065703022339028
DeiT-Small,Operator-Aware (Rank-16),98,0.5,0.763,0.016,0.014395265817642212,2.248259505838156,0.003604899710117024,3.0050997498333456,0.761,1.002628120893561
DeiT-Small,Operator-Aware (Rank-16),147,0.75,0.761,0.005,0.008066111564636231,1.040550984993577,0.0006235964252300619,1.3624747331440448,0.761,1.0
DeiT-Small,Operator-Aware (Rank-32),32,0.16326530612244897,0.765,0.055,0.07220886963605881,5.431258053898811,0.025932208565354813,6.760891048550606,0.761,1.0052562417871223
DeiT-Small,Operator-Aware (Rank-32),49,0.25,0.76,0.037,0.04788769379258156,4.191213337421417,0.014054902766481973,5.442520604670047,0.761,0.9986859395532195
DeiT-Small,Operator-Aware (Rank-32),72,0.3673469387755102,0.766,0.021,0.024689046263694763,3.043700296700001,0.006802837668190478,4.078939370632171,0.761,1.0065703022339028
DeiT-Small,Operator-Aware (Rank-32),98,0.5,0.761,0.014,0.017068253964185716,2.131609378635883,0.0031053868367380347,2.903761663258076,0.761,1.0
DeiT-Small,Operator-Aware (Rank-32),147,0.75,0.761,0.006,0.008734794080257416,0.9951485990658402,0.0005390604511412675,1.3260010970532894,0.761,1.0
DeiT-Small,Random Pruning,32,0.16326530612244897,0.711,0.167,0.7671508397907019,14.546969795227051,0.2814896584120579,,0.761,0.9342969776609723
DeiT-Small,Random Pruning,49,0.25,0.716,0.144,0.552227558016777,12.034187216758728,0.18986388985707892,,0.761,0.9408672798948751
DeiT-Small,Random Pruning,72,0.3673469387755102,0.731,0.122,0.3821681391745806,9.486075534343719,0.11957088094140636,,0.761,0.9605781865965834
DeiT-Small,Random Pruning,98,0.5,0.739,0.09,0.24077394089102744,7.194953925848007,0.0716329811970354,,0.761,0.9710906701708278
DeiT-Small,Random Pruning,147,0.75,0.757,0.039,0.05910648158192634,3.646811876296997,0.01784886994198314,,0.761,0.9947437582128777
DeiT-Small,ToMe (BSM),32,0.16326530612244897,0.764,0.079,0.08139939177036286,6.850721144914627,0.05496114656177815,,0.761,1.0039421813403417
DeiT-Small,ToMe (BSM),49,0.25,0.768,0.062,0.053737219855189325,5.630087139368057,0.03508342828686,,0.761,1.0091984231274638
DeiT-Small,ToMe (BSM),72,0.3673469387755102,0.766,0.042,0.005778770305216312,4.004193863272667,0.017577436289036994,,0.761,1.0065703022339028
DeiT-Small,ToMe (BSM),98,0.5,0.765,0.033,0.0014594155922532082,3.209907369047403,0.012656532488093944,,0.761,1.0052562417871223
DeiT-Small,ToMe (BSM),147,0.75,0.761,0.005,-0.004135478734970093,1.1754064564034343,0.0011519139327210723,,0.761,1.0
DeiT-Small,Unweighted Centroid,32,0.16326530612244897,0.736,0.141,0.5121971901878715,13.561150683403016,0.18601463738968596,7.696612270236015,0.761,0.9671484888304862
DeiT-Small,Unweighted Centroid,49,0.25,0.734,0.122,0.34792988261580465,11.79142794752121,0.12231886713695712,6.164612886309624,0.761,0.9645203679369251
DeiT-Small,Unweighted Centroid,72,0.3673469387755102,0.747,0.102,0.214010564789176,10.016926314353944,0.08180287498189136,4.588191982328892,0.761,0.9816031537450722
DeiT-Small,Unweighted Centroid,98,0.5,0.751,0.084,0.13432585421204568,8.43873025751114,0.0531434920032043,3.241876168817282,0.761,0.9868593955321945
DeiT-Small,Unweighted Centroid,147,0.75,0.756,0.047,0.02669421899318695,6.021828705430031,0.021543382653384468,1.4432768222540617,0.761,0.9934296977660972
DeiT-Tiny,Attention Pruning,32,0.16326530612244897,0.575,0.284,0.7349316580742598,19.83722370958328,0.43698889115452766,,0.679,0.8468335787923416
DeiT-Tiny,Attention Pruning,49,0.25,0.625,0.212,0.45408317214250565,15.70066933989525,0.2594968884101836,,0.679,0.9204712812960235
DeiT-Tiny,Attention Pruning,72,0.3673469387755102,0.647,0.146,0.22710176520049571,11.53450152683258,0.12656088324054143,,0.679,0.9528718703976435
DeiT-Tiny,Attention Pruning,98,0.5,0.665,0.099,0.09726776540279389,8.078430528402329,0.05683556670963299,,0.679,0.979381443298969
DeiT-Tiny,Attention Pruning,147,0.75,0.675,0.044,0.01855382961034775,3.4018980808854105,0.010202362247568089,,0.679,0.9941089837997055
DeiT-Tiny,Group-Mean Merging,32,0.16326530612244897,0.665,0.1,0.09679897685348987,7.897717626571655,0.04545088267221581,8.92757027244568,0.679,0.979381443298969
DeiT-Tiny,Group-Mean Merging,49,0.25,0.682,0.062,0.044461083978414535,5.963021674990654,0.02529922761954367,6.96046288228035,0.679,1.004418262150221
DeiT-Tiny,Group-Mean Merging,72,0.3673469387755102,0.678,0.045,0.024763459488749504,4.222426551342011,0.012488561364050839,5.077086488425731,0.679,0.9985272459499264
DeiT-Tiny,Group-Mean Merging,98,0.5,0.673,0.027,0.010484879523515702,2.85520518630743,0.005678712321045169,3.49647730794549,0.679,0.9911634756995582
DeiT-Tiny,Group-Mean Merging,147,0.75,0.68,0.016,0.004573824614286423,1.151216648504138,0.0010295577185570437,1.4466004035323858,0.679,1.0014727540500736
DeiT-Tiny,Medoid Merging,32,0.16326530612244897,0.647,0.149,0.17147046206891536,11.968005609750747,0.12332013508182718,11.075408709764481,0.679,0.9528718703976435
DeiT-Tiny,Medoid Merging,49,0.25,0.654,0.122,0.16175213052332402,9.505515097260474,0.07412453685508807,8.77904449248314,0.679,0.9631811487481591
DeiT-Tiny,Medoid Merging,72,0.3673469387755102,0.667,0.092,0.09584362037479878,7.419436124205589,0.04361631789212697,6.669079437732696,0.679,0.9823269513991163
DeiT-Tiny,Medoid Merging,98,0.5,0.677,0.064,0.04949670045077801,5.675547605872154,0.025097109459064085,4.886173975467682,0.679,0.9970544918998527
DeiT-Tiny,Medoid Merging,147,0.75,0.675,0.037,0.013249967992305756,3.1501872512996196,0.007124200132107944,2.4322501958906653,0.679,0.9941089837997055
DeiT-Tiny,Norm Pruning,32,0.16326530612244897,0.505,0.382,1.2474792357049882,21.294599456310273,0.7866056009624154,,0.679,0.743740795287187
DeiT-Tiny,Norm Pruning,49,0.25,0.593,0.273,0.7624129735156894,16.863019887447358,0.43830970128206537,,0.679,0.873343151693667
DeiT-Tiny,Norm Pruning,72,0.3673469387755102,0.629,0.208,0.42840752291679385,12.634814350128174,0.22071400876529515,,0.679,0.926362297496318
DeiT-Tiny,Norm Pruning,98,0.5,0.653,0.145,0.2478353950828314,9.091521871089935,0.11337865488574607,,0.679,0.9617083946980853
DeiT-Tiny,Norm Pruning,147,0.75,0.67,0.062,0.05726038958132267,4.071404580295086,0.018326073608768638,,0.679,0.9867452135493372
DeiT-Tiny,Operator-Aware (Oracle),32,0.16326530612244897,0.671,0.055,0.04289168474078178,5.58125345659256,0.02123169896140462,6.644995980739593,0.679,0.9882179675994109
DeiT-Tiny,Operator-Aware (Oracle),49,0.25,0.68,0.041,0.015274795815348624,4.060246796011925,0.009919788820567191,5.217179503560066,0.679,1.0014727540500736
DeiT-Tiny,Operator-Aware (Oracle),72,0.3673469387755102,0.674,0.021,0.010140204519033432,2.7989518131017683,0.004303197314562567,3.8457573129534723,0.679,0.9926362297496318
DeiT-Tiny,Operator-Aware (Oracle),98,0.5,0.679,0.018,0.004737046360969543,1.8873928964734077,0.0018757539004018327,2.6867204446196555,0.679,1.0
DeiT-Tiny,Operator-Aware (Oracle),147,0.75,0.678,0.009,0.00040840765833854677,0.7842355061881244,0.00028139146875219014,1.1463808674700557,0.679,0.9985272459499264
DeiT-Tiny,Operator-Aware (Rank-16),32,0.16326530612244897,0.671,0.079,0.07110423746705055,7.118883114814758,0.032934677623736204,8.304582507491112,0.679,0.9882179675994109
DeiT-Tiny,Operator-Aware (Rank-16),49,0.25,0.682,0.052,0.029407518699765205,5.336459327578544,0.017539743875386194,6.490064943671227,0.679,1.004418262150221
DeiT-Tiny,Operator-Aware (Rank-16),72,0.3673469387755102,0.679,0.035,0.017462410181760788,3.7718443862199784,0.008471825182030443,4.750915219843388,0.679,1.0
DeiT-Tiny,Operator-Aware (Rank-16),98,0.5,0.678,0.02,0.007063743025064469,2.5599912523031234,0.003862937272213458,3.2870871819853784,0.679,0.9985272459499264
DeiT-Tiny,Operator-Aware (Rank-16),147,0.75,0.678,0.01,0.00313962659239769,1.0468032357469201,0.0006724582586812175,1.3723211007155478,0.679,0.9985272459499264
DeiT-Tiny,Operator-Aware (Rank-32),32,0.16326530612244897,0.679,0.069,0.06237148767709732,6.770568944096565,0.028912376819804193,8.005528716444969,0.679,1.0
DeiT-Tiny,Operator-Aware (Rank-32),49,0.25,0.682,0.047,0.024604953736066817,5.055089561879635,0.015076223084550294,6.26252392911911,0.679,1.004418262150221
DeiT-Tiny,Operator-Aware (Rank-32),72,0.3673469387755102,0.68,0.034,0.015055579841136932,3.565652739286423,0.0071943550199939635,4.590700749218464,0.679,1.0014727540500736
DeiT-Tiny,Operator-Aware (Rank-32),98,0.5,0.678,0.018,0.006144363969564438,2.4219712435901166,0.003274929897255788,3.1821399832963944,0.679,0.9985272459499264
DeiT-Tiny,Operator-Aware (Rank-32),147,0.75,0.677,0.01,0.0025441608726978304,0.9955948116332293,0.0005589051885717709,1.3336540830470622,0.679,0.9970544918998527
DeiT-Tiny,Random Pruning,32,0.16326530612244897,0.586,0.275,0.8040233914032578,19.43679072141647,0.3919536057575606,,0.679,0.8630338733431516
DeiT-Tiny,Random Pruning,49,0.25,0.611,0.207,0.6027896930724382,16.16004677629471,0.25602106150542386,,0.679,0.8998527245949925
DeiT-Tiny,Random Pruning,72,0.3673469387755102,0.638,0.167,0.43440009678900243,12.937609738826751,0.16191534717858302,,0.679,0.9396170839469808
DeiT-Tiny,Random Pruning,98,0.5,0.638,0.129,0.3014849922508001,9.819603448867797,0.09428542652609759,,0.679,0.9396170839469808
DeiT-Tiny,Random Pruning,147,0.75,0.671,0.067,0.07293611478805542,5.092044715642929,0.023083162674825873,,0.679,0.9882179675994109
DeiT-Tiny,ToMe (BSM),32,0.16326530612244897,0.658,0.11,0.15394545973837376,9.006338883638382,0.06742241891496815,,0.679,0.9690721649484536
DeiT-Tiny,ToMe (BSM),49,0.25,0.665,0.085,0.12231875894963741,7.553570479035377,0.04720792218798306,,0.679,0.979381443298969
DeiT-Tiny,ToMe (BSM),72,0.3673469387755102,0.683,0.063,0.05199993234872818,5.149236095428467,0.02138439388174447,,0.679,1.0058910162002945
DeiT-Tiny,ToMe (BSM),98,0.5,0.676,0.058,0.04453182359039783,4.304139701098204,0.015518481780265575,,0.679,0.9955817378497791
DeiT-Tiny,ToMe (BSM),147,0.75,0.676,0.018,0.002839038819074631,1.3215002891868353,0.0013716823973991268,,0.679,0.9955817378497791
DeiT-Tiny,Unweighted Centroid,32,0.16326530612244897,0.615,0.214,0.5363871049880982,17.23680750656128,0.2507373329694383,8.92757027244568,0.679,0.9057437407952871
DeiT-Tiny,Unweighted Centroid,49,0.25,0.654,0.172,0.3896342011243105,14.694296763420105,0.16672394062811507,6.96046288228035,0.679,0.9631811487481591
DeiT-Tiny,Unweighted Centroid,72,0.3673469387755102,0.669,0.145,0.2707963297814131,12.088118145942689,0.10886852215370163,5.077086488425731,0.679,0.9852724594992636
DeiT-Tiny,Unweighted Centroid,98,0.5,0.666,0.123,0.18372886900603771,9.679967255353928,0.07082596678694245,3.49647730794549,0.679,0.9808541973490427
DeiT-Tiny,Unweighted Centroid,147,0.75,0.668,0.067,0.06460315623879433,5.679944870471954,0.02487432940542931,1.4466004035323858,0.679,0.9837997054491899
ViT-B/16,Attention Pruning,32,0.16326530612244897,0.628,0.272,1.4621374705284833,15.650627126693726,0.7092088251371169,,0.761,0.8252299605781865
ViT-B/16,Attention Pruning,49,0.25,0.688,0.19,0.847494745388627,11.836836943626404,0.4045422467925682,,0.761,0.9040735873850196
ViT-B/16,Attention Pruning,72,0.3673469387755102,0.726,0.142,0.43195158016681673,8.703692935466766,0.21499767157120414,,0.761,0.9540078843626807
ViT-B/16,Attention Pruning,98,0.5,0.737,0.096,0.20739964117109774,6.212434438109398,0.10320470059802983,,0.761,0.9684625492772667
ViT-B/16,Attention Pruning,147,0.75,0.754,0.048,0.00784833301603794,2.761031572073698,0.02016795636501075,,0.761,0.9908015768725361
ViT-B/16,Group-Mean Merging,32,0.16326530612244897,0.732,0.091,0.23440722972154618,8.106849967479706,0.06750399351652504,13.90067483472824,0.761,0.961892247043364
ViT-B/16,Group-Mean Merging,49,0.25,0.746,0.065,0.1226802440136671,6.40611213195324,0.036206303465014175,11.422652953386306,0.761,0.9802890932982917
ViT-B/16,Group-Mean Merging,72,0.3673469387755102,0.746,0.045,0.07780707366764546,4.518423245966434,0.01969356330682612,8.583476113796234,0.761,0.9802890932982917
ViT-B/16,Group-Mean Merging,98,0.5,0.751,0.029,0.03809422694146633,2.719970053344965,0.008717394939484677,5.519974777042866,0.761,0.9868593955321945
ViT-B/16,Group-Mean Merging,147,0.75,0.758,0.008,0.010995248287916183,0.8289710052385926,0.0013140953641579357,2.0299942449182273,0.761,0.9960578186596584
ViT-B/16,Medoid Merging,32,0.16326530612244897,0.741,0.121,0.4316195291802287,9.410045365929603,0.14321194004605012,14.910459979772568,0.761,0.973718791064389
ViT-B/16,Medoid Merging,49,0.25,0.737,0.103,0.26662361511588095,7.488774620294571,0.0862822955285826,12.169669988632203,0.761,0.9684625492772667
ViT-B/16,Medoid Merging,72,0.3673469387755102,0.745,0.065,0.14915719086676835,5.490737840056419,0.04852139705091349,9.282994303107262,0.761,0.9789750328515111
ViT-B/16,Medoid Merging,98,0.5,0.754,0.042,0.10147382760792971,3.8091654049754142,0.02146544217847628,6.349053777217865,0.761,0.9908015768725361
ViT-B/16,Medoid Merging,147,0.75,0.754,0.021,0.009222756117582321,1.8910774707496165,0.0060570801098158425,2.909570826768875,0.761,0.9908015768725361
ViT-B/16,Norm Pruning,32,0.16326530612244897,0.583,0.343,2.071834575442597,18.74843391418457,0.9552919829931871,,0.761,0.7660972404730617
ViT-B/16,Norm Pruning,49,0.25,0.678,0.221,1.1068218511343002,13.564858263254166,0.46866908054685974,,0.761,0.8909329829172142
ViT-B/16,Norm Pruning,72,0.3673469387755102,0.71,0.161,0.5590938678830862,9.68622051334381,0.2450220299551943,,0.761,0.9329829172141918
ViT-B/16,Norm Pruning,98,0.5,0.728,0.113,0.29027228634059427,6.841533650636673,0.1261989256271329,,0.761,0.9566360052562417
ViT-B/16,Norm Pruning,147,0.75,0.75,0.043,0.06170611210167408,3.1598477908968925,0.02879775234903684,,0.761,0.9855453350854139
ViT-B/16,Operator-Aware (Oracle),32,0.16326530612244897,0.744,0.06,0.2708102076500654,6.5176703660488124,0.05458456218307504,9.631198897838592,0.761,0.9776609724047306
ViT-B/16,Operator-Aware (Oracle),49,0.25,0.752,0.035,0.16857446990907193,5.092057269066572,0.023875354597224827,8.046119747757912,0.761,0.988173455978975
ViT-B/16,Operator-Aware (Oracle),72,0.3673469387755102,0.756,0.03,0.10234634475409984,3.544397199854255,0.013281822138085545,6.009828362643718,0.761,0.9934296977660972
ViT-B/16,Operator-Aware (Oracle),98,0.5,0.758,0.015,0.05071281914133578,2.00066490534693,0.005629412854479426,3.769272280186415,0.761,0.9960578186596584
ViT-B/16,Operator-Aware (Oracle),147,0.75,0.759,0.007,0.003469444364309311,0.6008443672768772,0.0007732916974181023,1.3613400635123254,0.761,0.9973718791064389
ViT-B/16,Operator-Aware (Rank-16),32,0.16326530612244897,0.737,0.075,0.20840062327682973,7.554908037126064,0.04371493654300548,13.170124488353729,0.761,0.9684625492772667
ViT-B/16,Operator-Aware (Rank-16),49,0.25,0.748,0.04,0.10889188109338284,5.926169399917126,0.021609821236915083,10.845995210289955,0.761,0.9829172141918529
ViT-B/16,Operator-Aware (Rank-16),72,0.3673469387755102,0.749,0.035,0.07266123236715794,4.149927805572748,0.011527876292666576,8.14326171040535,0.761,0.9842312746386334
ViT-B/16,Operator-Aware (Rank-16),98,0.5,0.756,0.016,0.035960303768515584,2.4565118411332367,0.004835557156840195,5.216138199329376,0.761,0.9934296977660972
ViT-B/16,Operator-Aware (Rank-16),147,0.75,0.762,0.004,0.008325213104486466,0.7260162629485131,0.0006311097077897258,1.912930493801832,0.761,1.0013140604467805
ViT-B/16,Operator-Aware (Rank-32),32,0.16326530612244897,0.742,0.066,0.20252736504375934,7.33228500944376,0.03760005209258861,12.82152171266079,0.761,0.9750328515111695
ViT-B/16,Operator-Aware (Rank-32),49,0.25,0.751,0.032,0.10786144338175654,5.732238143265247,0.01760037288607549,10.57129790687561,0.761,0.9868593955321945
ViT-B/16,Operator-Aware (Rank-32),72,0.3673469387755102,0.749,0.029,0.07210995568335056,4.003164249122142,0.00946927004656095,7.933714510679245,0.761,0.9842312746386334
ViT-B/16,Operator-Aware (Rank-32),98,0.5,0.756,0.011,0.036611630901694295,2.351152703717351,0.0038662453729123173,5.071919715642929,0.761,0.9934296977660972
ViT-B/16,Operator-Aware (Rank-32),147,0.75,0.762,0.004,0.007573951184749603,0.6854204116612673,0.00047295461299786724,1.8569450851678848,0.761,1.0013140604467805
ViT-B/16,Random Pruning,32,0.16326530612244897,0.692,0.183,0.9706149216629565,13.786892607688904,0.40473701919186167,,0.761,0.9093298291721419
ViT-B/16,Random Pruning,49,0.25,0.705,0.151,0.6366754908412695,10.460618669033051,0.2599776194564845,,0.761,0.926412614980289
ViT-B/16,Random Pruning,72,0.3673469387755102,0.712,0.12,0.4528025727644563,7.574272990226746,0.17030072794857995,,0.761,0.9356110381077529
ViT-B/16,Random Pruning,98,0.5,0.733,0.086,0.31875605423748493,5.657833304286003,0.09914422548001954,,0.761,0.9632063074901445
ViT-B/16,Random Pruning,147,0.75,0.749,0.049,0.07010413953661919,3.114637059241533,0.030689437420335367,,0.761,0.9842312746386334
ViT-B/16,ToMe (BSM),32,0.16326530612244897,0.73,0.104,0.3094146985411644,6.971059793531895,0.101219472842247,,0.761,0.9592641261498028
ViT-B/16,ToMe (BSM),49,0.25,0.729,0.083,0.20736186984181404,5.046291746437549,0.06197589418965606,,0.761,0.9579500657030223
ViT-B/16,ToMe (BSM),72,0.3673469387755102,0.74,0.056,0.08782133549451827,3.385624163210392,0.027201933885587948,,0.761,0.9724047306176083
ViT-B/16,ToMe (BSM),98,0.5,0.744,0.042,0.06280381464958192,2.6029866824150085,0.01896009510615403,,0.761,0.9776609724047306
ViT-B/16,ToMe (BSM),147,0.75,0.756,0.013,0.01294201073050499,0.8583773478642106,0.0017887986687380817,,0.761,0.9934296977660972
ViT-B/16,Unweighted Centroid,32,0.16326530612244897,0.721,0.138,0.4119417466633022,10.256815169334411,0.15186131391297453,13.90067483472824,0.761,0.9474375821287779
ViT-B/16,Unweighted Centroid,49,0.25,0.739,0.103,0.23774309736490248,9.15115855050087,0.10857104689726566,11.422652953386306,0.761,0.9710906701708278
ViT-B/16,Unweighted Centroid,72,0.3673469387755102,0.744,0.092,0.16250508072972297,7.919059463500977,0.08587205095620516,8.583476113796234,0.761,0.9776609724047306
ViT-B/16,Unweighted Centroid,98,0.5,0.744,0.088,0.07459303995966911,6.869832288265228,0.06586399027475863,5.519974777042866,0.761,0.9776609724047306
ViT-B/16,Unweighted Centroid,147,0.75,0.753,0.068,0.008743791282176972,5.814908560156822,0.0406394886395417,2.0299942449182273,0.761,0.9894875164257556
