model,budget,rank,top1_acc,margin_damage,logit_l2,op_residual
DINOv2 ViT-S/14,42,16,0.732,0.6776806001663208,31.076468863487243,30.556779150009156
DINOv2 ViT-S/14,42,32,0.73,0.6540736616924405,30.532903314590452,29.660055790901183
DINOv2 ViT-S/14,42,64,0.735,0.6302682129964232,29.868090126991273,28.423195583343507
DINOv2 ViT-S/14,64,16,0.756,0.3753798753749579,22.0051525683403,24.246797679901125
DINOv2 ViT-S/14,64,32,0.753,0.3591001544129103,21.45517441368103,23.57423452281952
DINOv2 ViT-S/14,64,64,0.758,0.3395833928119391,20.761275661468506,22.637929659843444
DINOv2 ViT-S/14,94,16,0.773,0.16660187294706702,15.072451849937439,18.12295992565155
DINOv2 ViT-S/14,94,32,0.776,0.15878020563535392,14.604379351139068,17.639383744239808
DINOv2 ViT-S/14,94,64,0.774,0.14964414551667868,14.004523849010468,16.966176659584047
DINOv2 ViT-S/14,128,16,0.786,0.07961219289153815,10.05551450586319,12.838010993003845
DINOv2 ViT-S/14,128,32,0.784,0.07492667021602392,9.706009445667267,12.510880583286285
DINOv2 ViT-S/14,128,64,0.784,0.07020372936874628,9.25218364095688,12.05402982378006
DINOv2 ViT-S/14,192,16,0.789,0.031078316003084184,4.01152017390728,5.550147540450096
DINOv2 ViT-S/14,192,32,0.789,0.02944145354628563,3.860736083447933,5.420517483949661
DINOv2 ViT-S/14,192,64,0.785,0.026998248308897018,3.6607306964993476,5.237569271326065
DeiT-Small,32,16,0.765,0.06733558097481727,5.682151346504688,7.036665705442428
DeiT-Small,32,32,0.765,0.07220886963605881,5.431258053898811,6.760891048550606
DeiT-Small,32,64,0.764,0.08046028387546539,5.160942228257656,6.414208292484283
DeiT-Small,49,16,0.758,0.043460026890039444,4.409932290494442,5.656056060016155
DeiT-Small,49,32,0.76,0.04788769379258156,4.191213337421417,5.442520604670047
DeiT-Small,49,64,0.758,0.053047715783119204,3.9505695078969003,5.17207470703125
DeiT-Small,72,16,0.766,0.020446430772542955,3.2119878181815147,4.230860033035278
DeiT-Small,72,32,0.766,0.024689046263694763,3.043700296700001,4.078939370632171
DeiT-Small,72,64,0.765,0.02968447583913803,2.8537263399362565,3.8850506862998007
DeiT-Small,98,16,0.763,0.014395265817642212,2.248259505838156,3.0050997498333456
DeiT-Small,98,32,0.761,0.017068253964185716,2.131609378635883,2.903761663258076
DeiT-Small,98,64,0.762,0.019801538348197936,1.9972799409031867,2.773256628602743
DeiT-Small,147,16,0.761,0.008066111564636231,1.040550984993577,1.3624747331440448
DeiT-Small,147,32,0.761,0.008734794080257416,0.9951485990658402,1.3260010970532894
DeiT-Small,147,64,0.762,0.009375698238611221,0.9397729013711215,1.2779368876963855
DeiT-Tiny,32,16,0.671,0.07110423746705055,7.118883114814758,8.304582507491112
DeiT-Tiny,32,32,0.679,0.06237148767709732,6.770568944096565,8.005528716444969
DeiT-Tiny,32,64,0.676,0.053037227004766464,6.338408549547196,7.600046234607697
DeiT-Tiny,49,16,0.682,0.029407518699765205,5.336459327578544,6.490064943671227
DeiT-Tiny,49,32,0.682,0.024604953736066817,5.055089561879635,6.26252392911911
DeiT-Tiny,49,64,0.681,0.019431031674146653,4.701326474487781,5.951466245412827
DeiT-Tiny,72,16,0.679,0.017462410181760788,3.7718443862199784,4.750915219843388
DeiT-Tiny,72,32,0.68,0.015055579841136932,3.565652739286423,4.590700749218464
DeiT-Tiny,72,64,0.68,0.012578816950321198,3.3017403421998024,4.370291809678077
DeiT-Tiny,98,16,0.678,0.007063743025064469,2.5599912523031234,3.2870871819853784
DeiT-Tiny,98,32,0.678,0.006144363969564438,2.4219712435901166,3.1821399832963944
DeiT-Tiny,98,64,0.678,0.005496933877468109,2.242432004377246,3.0364953307211398
DeiT-Tiny,147,16,0.678,0.00313962659239769,1.0468032357469201,1.3723211007155478
DeiT-Tiny,147,32,0.677,0.0025441608726978304,0.9955948116332293,1.3336540830470622
DeiT-Tiny,147,64,0.677,0.0018319993019104005,0.9273732518218458,1.2791943643167616
ViT-B/16,32,16,0.737,0.20840062327682973,7.554908037126064,13.170124488353729
ViT-B/16,32,32,0.742,0.20252736504375934,7.33228500944376,12.82152171266079
ViT-B/16,32,64,0.742,0.20161335755884646,7.0889287339448925,12.365297047615051
ViT-B/16,49,16,0.748,0.10889188109338284,5.926169399917126,10.845995210289955
ViT-B/16,49,32,0.751,0.10786144338175654,5.732238143265247,10.57129790687561
ViT-B/16,49,64,0.752,0.11260071803443134,5.522745382815599,10.21239155292511
ViT-B/16,72,16,0.749,0.07266123236715794,4.149927805572748,8.14326171040535
ViT-B/16,72,32,0.749,0.07210995568335056,4.003164249122142,7.933714510679245
ViT-B/16,72,64,0.751,0.07428777472674847,3.8419479452669623,7.659352688550949
ViT-B/16,98,16,0.756,0.035960303768515584,2.4565118411332367,5.216138199329376
ViT-B/16,98,32,0.756,0.036611630901694295,2.351152703717351,5.071919715642929
ViT-B/16,98,64,0.757,0.03753882874548435,2.232123445957899,4.882872225940227
ViT-B/16,147,16,0.762,0.008325213104486466,0.7260162629485131,1.912930493801832
ViT-B/16,147,32,0.762,0.007573951184749603,0.6854204116612673,1.8569450851678848
ViT-B/16,147,64,0.76,0.0066053481698036196,0.6409948874413968,1.7838849095106124
