sample_id,global_selected_layer,entropy,dominant_fraction,fraction_matching_global,num_distinct_layers,count_layer_0,count_layer_1,count_layer_2,count_layer_3,count_layer_4,count_layer_5,count_layer_6,count_layer_7
0,0,2.7372432018660087,0.29081632653061223,0.1326530612244898,8,26,57,18,8,35,29,9,14
1,3,2.729605196929816,0.22448979591836735,0.22448979591836735,8,32,3,23,44,29,18,7,40
2,1,2.886886220271075,0.18877551020408162,0.15306122448979592,8,13,30,37,34,10,19,22,31
3,5,2.6294326261847414,0.25,0.1836734693877551,8,38,7,2,16,11,36,37,49
4,1,2.3278225696814543,0.42346938775510207,0.42346938775510207,8,3,83,22,7,43,10,24,4
5,0,2.5766785553852714,0.3979591836734694,0.3979591836734694,8,78,12,8,30,19,25,11,13
6,4,2.60800545062812,0.2755102040816326,0.17346938775510204,8,2,33,37,54,34,14,18,4
7,0,2.872745655720849,0.25,0.25,8,49,22,16,18,11,28,27,25
8,2,2.729722868066256,0.34183673469387754,0.34183673469387754,8,20,13,67,23,27,10,21,15
9,6,2.547839226261329,0.4030612244897959,0.4030612244897959,8,7,9,9,19,23,20,79,30
10,0,2.770710752287419,0.29591836734693877,0.14795918367346939,8,29,58,10,9,29,22,16,23
11,1,2.805765824640245,0.2602040816326531,0.2602040816326531,8,13,51,26,17,10,26,15,38
12,6,2.7495530696551365,0.2653061224489796,0.1326530612244898,8,12,21,52,11,17,11,26,46
13,0,2.5918014271284617,0.24489795918367346,0.24489795918367346,8,48,2,16,27,41,41,19,2
14,5,2.8813799811347973,0.23469387755102042,0.23469387755102042,8,28,25,23,18,19,46,28,9
15,1,2.940356506258425,0.18877551020408162,0.18877551020408162,8,26,37,25,19,27,19,13,30
16,0,2.730002184584057,0.25510204081632654,0.25510204081632654,8,50,28,24,6,11,31,38,8
17,7,2.808879489973513,0.2755102040816326,0.09183673469387756,8,54,23,21,31,24,19,6,18
18,6,2.8419483547384004,0.22448979591836735,0.04591836734693878,8,12,18,31,32,32,18,9,44
19,5,2.8064363812782593,0.23979591836734693,0.23979591836734693,8,30,21,11,14,34,47,8,31
20,7,2.8857928273364655,0.20408163265306123,0.14795918367346939,8,30,33,19,9,17,40,19,29
21,6,2.485283779275514,0.33163265306122447,0.0663265306122449,8,32,12,48,65,7,1,13,18
22,1,2.8337804083657163,0.2653061224489796,0.14285714285714285,8,23,28,11,21,52,20,11,30
23,2,2.8927700712862805,0.22448979591836735,0.17346938775510204,8,44,18,34,20,25,17,12,26
24,2,2.8537795078729964,0.22448979591836735,0.16326530612244897,8,29,44,32,18,33,10,14,16
25,1,2.6624649731165784,0.30612244897959184,0.30612244897959184,8,15,60,31,13,41,21,6,9
26,0,2.2485742503763424,0.4897959183673469,0.4897959183673469,8,96,1,13,17,14,32,4,19
27,1,2.449062608399257,0.3877551020408163,0.22959183673469388,8,9,45,21,4,13,6,76,22
28,5,2.811767317533408,0.28061224489795916,0.16326530612244897,8,19,55,26,18,8,32,19,19
29,3,2.7878157330881606,0.29081632653061223,0.10204081632653061,8,36,57,20,20,23,11,12,17
30,1,2.809485072193123,0.22448979591836735,0.11224489795918367,8,7,22,15,43,30,19,44,16
31,1,2.738144215756419,0.28061224489795916,0.28061224489795916,8,9,55,31,23,12,9,19,38
32,0,2.5967279942935075,0.25,0.19387755102040816,8,38,49,11,12,49,27,3,7
33,4,2.625709274808411,0.3673469387755102,0.17857142857142858,8,72,6,13,14,35,16,18,22
34,7,2.845122033220388,0.23469387755102042,0.16326530612244897,8,46,38,14,20,16,13,17,32
35,6,2.6923799261944006,0.27040816326530615,0.27040816326530615,8,18,41,14,16,33,19,53,2
36,5,2.859671490507055,0.22448979591836735,0.22448979591836735,8,30,32,17,29,19,44,17,8
37,3,2.7515941182059627,0.27040816326530615,0.10714285714285714,8,53,10,4,21,29,34,24,21
38,4,2.7046060128446205,0.3010204081632653,0.18877551020408162,8,34,10,18,14,37,59,16,8
39,4,2.684901955239912,0.3010204081632653,0.3010204081632653,8,6,13,20,14,59,46,17,21
40,3,2.6306152686766078,0.2857142857142857,0.1377551020408163,8,9,56,21,27,49,21,6,7
41,7,2.844683697558735,0.2602040816326531,0.2602040816326531,8,21,20,12,12,21,26,33,51
42,3,2.4891619621984162,0.32653061224489793,0.29591836734693877,8,64,15,11,58,22,3,10,13
43,0,2.683675143781616,0.336734693877551,0.11734693877551021,8,23,25,8,12,19,10,33,66
44,5,2.782087440958855,0.25,0.12755102040816327,8,15,39,22,49,28,25,12,6
45,7,2.48682353106494,0.3163265306122449,0.3112244897959184,8,3,62,18,18,12,10,12,61
46,7,2.7374399157220504,0.29591836734693877,0.29591836734693877,8,43,23,17,13,11,18,13,58
47,7,2.6822194611273775,0.33163265306122447,0.33163265306122447,8,38,18,19,8,17,22,9,65
48,7,2.8234901291153505,0.20918367346938777,0.15816326530612246,8,41,3,25,25,27,30,14,31
49,1,2.5939809313707154,0.23979591836734693,0.21428571428571427,8,2,42,12,11,47,7,44,31
50,1,2.88822175395256,0.21428571428571427,0.19387755102040816,8,22,38,20,12,42,18,27,17
51,2,2.576308694876431,0.336734693877551,0.336734693877551,8,7,21,66,20,17,47,13,5
52,0,2.746225473690097,0.20918367346938777,0.14285714285714285,8,28,3,10,33,34,12,41,35
53,1,2.211049991672539,0.3673469387755102,0.3673469387755102,8,5,72,3,16,15,17,1,67
54,3,2.7386959133369846,0.2602040816326531,0.2602040816326531,8,7,22,21,51,39,14,8,34
55,1,2.3277515211830435,0.4387755102040816,0.4387755102040816,7,41,86,17,16,16,10,0,10
56,1,2.7547238549383417,0.24489795918367346,0.21428571428571427,8,9,42,7,15,19,33,23,48
57,7,2.48974567157439,0.25510204081632654,0.24489795918367346,8,5,50,42,34,7,4,6,48
58,0,2.3616276603005906,0.46938775510204084,0.46938775510204084,8,92,11,17,28,10,10,3,25
59,5,2.5739568851199204,0.3520408163265306,0.3520408163265306,8,6,13,20,12,43,69,25,8
60,0,2.9558673029925395,0.19387755102040816,0.14795918367346939,8,29,24,23,17,38,22,25,18
61,2,2.845510502228894,0.20918367346938777,0.20918367346938777,8,6,26,41,21,24,29,13,36
62,3,2.8827524246960112,0.19387755102040816,0.10204081632653061,8,34,9,15,20,31,19,30,38
63,4,2.8954849095469606,0.17857142857142858,0.15816326530612246,8,6,22,32,23,31,35,25,22
64,6,2.7440529378107836,0.21428571428571427,0.21428571428571427,8,37,3,28,10,15,39,42,22
65,2,2.600209607946005,0.3673469387755102,0.17346938775510204,8,26,14,34,72,19,14,4,13
66,7,2.543111004727994,0.34183673469387754,0.19387755102040816,8,8,21,36,11,67,3,12,38
67,7,2.4353444538495337,0.4030612244897959,0.4030612244897959,8,7,8,26,18,40,3,15,79
68,1,2.6196737508826176,0.3622448979591837,0.3622448979591837,8,7,71,18,39,17,11,19,14
69,5,2.8259280723129536,0.2602040816326531,0.2602040816326531,8,16,33,17,19,24,51,8,28
70,4,2.712700374022167,0.25,0.25,8,5,18,45,24,49,32,9,14
71,6,2.7864920954214725,0.25,0.25,8,22,38,21,10,22,28,49,6
72,1,2.904476341216758,0.1989795918367347,0.17346938775510204,8,18,34,27,11,21,17,29,39
73,5,2.7308180009804657,0.23979591836734693,0.23979591836734693,8,35,4,10,26,40,47,21,13
74,0,2.7020297714304093,0.32653061224489793,0.32653061224489793,8,64,40,15,16,11,11,18,21
75,2,2.8553942168621607,0.2602040816326531,0.12244897959183673,8,12,19,24,51,16,29,29,16
76,2,2.717385924326411,0.2602040816326531,0.1326530612244898,8,7,15,26,10,51,11,38,38
77,7,2.5551997052081967,0.2755102040816326,0.08673469387755102,8,32,1,10,28,54,6,48,17
78,5,2.8088940236194793,0.2653061224489796,0.17346938775510204,8,10,12,18,24,52,34,30,16
79,1,2.747981802266103,0.23979591836734693,0.15816326530612246,8,21,31,45,11,19,5,17,47
80,1,2.5835174624657418,0.3112244897959184,0.3112244897959184,8,6,61,13,8,28,24,48,8
81,7,2.571407316334745,0.35714285714285715,0.35714285714285715,8,11,36,25,28,5,7,14,70
82,4,2.7082559115082088,0.3112244897959184,0.3112244897959184,8,15,28,34,10,61,13,27,8
83,3,2.8449889658589154,0.17857142857142858,0.14285714285714285,8,26,3,25,28,33,35,16,30
84,7,2.7760190775245626,0.2857142857142857,0.1683673469387755,8,12,15,24,8,56,20,28,33
85,6,2.8804775789618144,0.22959183673469388,0.14795918367346939,8,30,21,14,11,45,27,29,19
86,4,2.6563759902919166,0.24489795918367346,0.15306122448979592,8,48,4,8,25,30,42,6,33
87,1,2.801235097348267,0.22959183673469388,0.1989795918367347,8,6,39,20,13,45,20,34,19
88,5,2.606960799017053,0.2602040816326531,0.2602040816326531,8,46,6,24,7,31,51,28,3
89,0,2.860260192605298,0.23469387755102042,0.23469387755102042,8,46,29,33,12,13,16,19,28
90,6,2.453431413615874,0.45408163265306123,0.15816326530612246,8,13,12,10,19,89,13,31,9
91,6,2.686338435613428,0.2755102040816326,0.2193877551020408,8,54,7,9,12,33,25,43,13
92,5,2.487364501050003,0.32142857142857145,0.1836734693877551,8,1,63,13,13,47,36,17,6
93,0,2.7342660927957567,0.2602040816326531,0.2602040816326531,8,51,3,15,41,27,18,26,15
94,1,2.7299969137826903,0.2602040816326531,0.10204081632653061,8,17,20,51,7,19,37,7,38
95,5,2.6520539071903726,0.29081632653061223,0.29081632653061223,8,9,15,14,12,38,57,43,8
96,7,2.557652225853916,0.35714285714285715,0.22959183673469388,8,17,10,8,15,70,7,24,45
97,2,2.804837000091772,0.28061224489795916,0.07142857142857142,8,55,29,14,27,9,18,28,16
98,1,2.3044813977424585,0.47959183673469385,0.16326530612244897,8,5,32,7,20,94,4,17,17
99,4,2.7429627717370706,0.23469387755102042,0.20408163265306123,8,3,11,22,46,40,32,15,27
100,1,2.720843378045961,0.25510204081632654,0.2193877551020408,8,2,43,13,19,50,21,27,21
101,0,2.6908148196116075,0.2653061224489796,0.2653061224489796,8,52,5,10,27,17,49,21,15
102,0,2.727665036859344,0.20918367346938777,0.16326530612244897,8,32,36,23,8,41,23,32,1
103,4,2.580476996830806,0.2653061224489796,0.2653061224489796,8,41,6,25,9,52,3,15,45
104,6,2.6146001394518814,0.30612244897959184,0.30612244897959184,8,18,53,18,7,19,12,60,9
105,7,2.8727608868956245,0.22959183673469388,0.22959183673469388,8,21,26,24,6,24,24,26,45
106,0,2.593703702947187,0.33163265306122447,0.33163265306122447,8,65,12,26,1,28,13,15,36
107,3,2.8914453760828334,0.2193877551020408,0.12244897959183673,8,17,25,12,24,15,34,26,43
108,3,2.830272321781301,0.2653061224489796,0.2653061224489796,8,20,14,34,52,19,16,12,29
109,1,2.6421247852520313,0.29081632653061223,0.10204081632653061,8,19,20,16,54,12,10,8,57
110,6,2.8049576767259885,0.22448979591836735,0.07142857142857142,8,30,44,42,13,14,10,14,29
111,4,2.770542206886932,0.23979591836734693,0.23979591836734693,8,18,20,6,22,47,42,31,10
112,7,2.5069601929768615,0.34183673469387754,0.23979591836734693,8,3,67,20,26,19,6,8,47
113,3,2.7839277331088605,0.2755102040816326,0.07142857142857142,8,7,27,28,14,54,18,15,33
114,1,2.6028564369019107,0.336734693877551,0.336734693877551,8,6,66,14,4,29,19,21,37
115,5,2.877467856176394,0.22959183673469388,0.22959183673469388,8,13,15,19,31,29,45,29,15
116,6,2.75874948191312,0.22959183673469388,0.22959183673469388,8,38,30,14,4,34,12,45,19
117,7,2.8031985940014135,0.24489795918367346,0.24489795918367346,8,19,38,20,25,11,28,7,48
118,5,2.832985912223757,0.2653061224489796,0.2653061224489796,8,21,12,20,20,11,52,32,28
119,0,2.5381355213392593,0.35714285714285715,0.21428571428571427,8,42,9,21,11,70,11,4,28
120,7,2.5773578462437436,0.32142857142857145,0.10714285714285714,8,1,12,26,7,63,37,29,21
121,2,2.854719354562964,0.19387755102040816,0.1683673469387755,8,29,6,33,23,31,24,12,38
122,7,2.731657083581643,0.35714285714285715,0.35714285714285715,8,18,18,22,18,12,21,17,70
123,7,2.806754641525293,0.27040816326530615,0.27040816326530615,8,15,21,10,18,23,39,17,53
124,5,2.8543539023243003,0.21428571428571427,0.1377551020408163,8,34,15,24,28,6,27,20,42
125,7,2.889819888422184,0.18877551020408162,0.18877551020408162,8,21,36,13,14,16,24,35,37
126,3,2.756752077560206,0.2602040816326531,0.2602040816326531,8,21,6,30,51,41,11,19,17
127,2,2.7746082870167035,0.23979591836734693,0.23979591836734693,8,5,16,47,40,33,16,15,24
128,6,2.5995872353284684,0.25,0.2193877551020408,8,49,2,8,22,14,46,43,12
129,0,2.7386484525119235,0.2602040816326531,0.2602040816326531,8,51,14,16,26,11,9,21,48
130,1,2.9315438934896165,0.1683673469387755,0.1683673469387755,8,27,33,8,24,24,26,27,27
131,7,2.8757225340482986,0.19387755102040816,0.1836734693877551,8,29,38,20,7,28,17,21,36
132,4,2.779358237739842,0.2602040816326531,0.11734693877551021,8,18,27,33,13,23,4,27,51
133,5,2.830299581769406,0.23979591836734693,0.15306122448979592,8,7,23,13,28,47,30,31,17
134,5,2.8015610411680907,0.2857142857142857,0.16326530612244897,8,17,56,14,25,24,32,19,9
135,5,2.836063664326434,0.2755102040816326,0.2755102040816326,8,12,30,18,17,19,54,17,29
136,3,2.7927035869515504,0.2602040816326531,0.2602040816326531,8,28,12,8,51,19,14,30,34
137,5,2.7872297527044076,0.25510204081632654,0.17346938775510204,8,34,12,12,13,12,34,29,50
138,6,2.192722380203079,0.5255102040816326,0.12755102040816327,8,4,16,3,18,103,7,25,20
139,2,2.6989516720658226,0.33163265306122447,0.15306122448979592,8,65,18,30,15,26,14,23,5
140,1,2.627313275252263,0.33163265306122447,0.33163265306122447,8,30,65,15,12,20,37,3,14
141,2,2.4413504265332318,0.3622448979591837,0.12755102040816327,8,71,46,25,22,18,4,8,2
142,5,2.856000337227886,0.24489795918367346,0.09183673469387756,8,9,14,24,26,28,18,29,48
143,5,2.840277397492315,0.21428571428571427,0.04591836734693878,8,31,42,41,14,17,9,23,19
144,5,2.6628719979316435,0.30612244897959184,0.22959183673469388,8,4,13,20,14,22,45,18,60
145,2,2.603382103906459,0.39285714285714285,0.11224489795918367,8,8,22,22,7,77,18,19,23
146,7,2.6693533250403094,0.2857142857142857,0.23469387755102042,8,56,13,20,6,8,18,29,46
147,3,2.8686929935590477,0.19387755102040816,0.10204081632653061,8,13,38,12,20,29,35,14,35
148,2,2.6088732753619537,0.37755102040816324,0.15306122448979592,8,30,8,30,12,13,74,16,13
149,6,2.6728524817459,0.3010204081632653,0.15816326530612246,8,27,33,21,11,59,3,31,11
150,6,2.8832586162253966,0.17857142857142858,0.17857142857142858,8,34,22,7,29,31,23,35,15
151,0,2.8691403312285795,0.23469387755102042,0.1836734693877551,8,36,28,19,46,17,12,16,22
152,6,2.784927838085946,0.2602040816326531,0.08163265306122448,8,30,4,32,20,26,17,16,51
153,7,2.854989944486007,0.19387755102040816,0.15816326530612246,8,21,15,34,25,38,27,5,31
154,4,2.7147093855428275,0.25510204081632654,0.22448979591836735,8,36,8,13,50,44,18,19,8
155,4,2.84937918052365,0.24489795918367346,0.1836734693877551,8,27,20,15,18,36,22,10,48
156,2,2.7758189679166865,0.23979591836734693,0.15306122448979592,8,11,9,30,28,47,37,26,8
157,2,2.808694387685832,0.23469387755102042,0.1683673469387755,8,17,23,33,31,13,28,5,46
158,2,2.91227976060689,0.22448979591836735,0.11734693877551021,8,21,19,23,28,21,28,44,12
159,4,2.7868805624840904,0.23979591836734693,0.23979591836734693,8,19,29,23,31,47,33,8,6
160,5,2.867949936417756,0.17857142857142858,0.17857142857142858,8,30,18,15,29,32,35,6,31
161,4,2.8004523684619675,0.23469387755102042,0.23469387755102042,8,35,19,6,24,46,33,10,23
162,2,2.852972515544226,0.24489795918367346,0.14285714285714285,8,15,18,28,18,33,48,10,26
163,2,2.3836074834901226,0.39285714285714285,0.25,7,77,0,49,15,15,10,15,15
164,0,2.8932760029092,0.17346938775510204,0.1683673469387755,8,33,18,16,10,34,32,19,34
165,5,2.76298569752983,0.2602040816326531,0.2602040816326531,8,9,36,21,33,7,51,15,24
166,6,2.7710138851098502,0.2653061224489796,0.10714285714285714,8,35,7,12,12,28,52,21,29
167,4,2.8628015338105977,0.23979591836734693,0.1683673469387755,8,23,21,11,22,33,12,27,47
168,6,2.7776885082505958,0.2653061224489796,0.2653061224489796,8,18,8,17,18,15,25,52,43
169,0,2.2654946775980753,0.49489795918367346,0.49489795918367346,8,97,8,6,10,31,27,6,11
170,4,2.8095630376084455,0.2602040816326531,0.2602040816326531,8,10,15,28,31,51,17,32,12
171,2,2.830775909958285,0.1989795918367347,0.16326530612244897,8,3,31,32,39,17,27,28,19
172,7,2.6936406839202496,0.32142857142857145,0.08673469387755102,8,17,63,21,18,14,40,6,17
173,5,2.7531563530670016,0.3010204081632653,0.19387755102040816,8,59,12,19,13,11,38,24,20
174,1,2.79636789255279,0.21428571428571427,0.21428571428571427,8,7,42,33,22,26,41,10,15
175,5,2.7472557486629077,0.29081632653061223,0.19387755102040816,8,20,15,11,30,15,38,57,10
176,7,2.8717495046005976,0.2193877551020408,0.2193877551020408,8,17,34,29,19,11,14,29,43
177,6,2.8427912337403276,0.22959183673469388,0.14795918367346939,8,45,13,16,20,10,25,29,38
178,5,2.9268480016753444,0.17857142857142858,0.17857142857142858,8,31,27,18,26,21,35,10,28
179,2,2.470678736769988,0.42857142857142855,0.42857142857142855,8,12,34,84,17,14,20,4,11
180,0,2.861610559179641,0.23469387755102042,0.23469387755102042,8,46,15,17,23,13,39,25,18
181,5,2.892942192788124,0.20918367346938777,0.1989795918367347,8,21,27,15,20,41,39,19,14
182,0,2.835793575686761,0.24489795918367346,0.24489795918367346,8,48,30,13,11,17,16,26,35
183,1,2.852819254843994,0.22959183673469388,0.14285714285714285,8,10,28,18,12,34,20,29,45
184,4,2.80412588091587,0.22959183673469388,0.22959183673469388,8,26,41,29,18,45,10,8,19
185,5,2.862610406259037,0.24489795918367346,0.12755102040816327,8,17,30,18,48,30,25,10,18
186,2,2.7440120642822428,0.2857142857142857,0.1377551020408163,8,14,24,27,17,38,6,14,56
187,7,2.793231376838149,0.1989795918367347,0.1989795918367347,8,9,6,34,34,31,30,13,39
188,3,2.910151807530016,0.20408163265306123,0.14795918367346939,8,19,21,13,29,26,33,15,40
189,5,2.817309989451971,0.18877551020408162,0.17857142857142858,8,37,28,26,30,5,35,8,27
190,0,2.839080018429474,0.27040816326530615,0.16326530612244897,8,32,14,18,13,22,17,27,53
191,0,2.6283357126172024,0.2653061224489796,0.2653061224489796,8,52,2,24,47,22,14,29,6
192,2,2.864913157728791,0.18877551020408162,0.1683673469387755,8,10,30,33,8,37,22,28,28
193,3,2.877783300983853,0.19387755102040816,0.16326530612244897,8,27,9,30,32,28,21,11,38
194,2,2.784842892237826,0.20918367346938777,0.20918367346938777,8,21,6,41,6,36,28,24,34
195,2,2.52651888306486,0.39285714285714285,0.1836734693877551,8,8,6,36,20,20,21,8,77
196,3,2.711454356059428,0.25510204081632654,0.24489795918367346,8,10,26,50,48,12,19,6,25
197,5,2.89891709716675,0.19387755102040816,0.1836734693877551,8,14,19,18,22,34,36,15,38
198,0,2.7954164957788503,0.2193877551020408,0.2193877551020408,8,43,31,29,9,19,11,12,42
199,1,2.8659906528694803,0.17857142857142858,0.17857142857142858,8,21,35,28,31,10,8,31,32
200,7,2.85154687738802,0.2602040816326531,0.2602040816326531,8,19,31,30,12,18,19,16,51
201,7,2.6473034330493093,0.37755102040816324,0.37755102040816324,8,16,15,26,8,21,24,12,74
202,5,2.887811665672844,0.23979591836734693,0.23979591836734693,8,22,17,18,36,17,47,19,20
203,3,2.861212679147216,0.22448979591836735,0.1377551020408163,8,24,44,27,27,34,13,18,9
204,2,2.922255875640038,0.18877551020408162,0.18877551020408162,8,32,22,37,9,23,23,24,26
205,2,2.8934383618904262,0.20918367346938777,0.20918367346938777,8,15,14,41,24,39,17,22,24
206,0,2.874182100696723,0.1836734693877551,0.1836734693877551,8,36,16,17,22,35,27,35,8
207,1,2.9209451602901795,0.15816326530612246,0.15816326530612246,8,18,31,24,29,28,28,8,30
208,6,2.7739526801062073,0.23469387755102042,0.23469387755102042,8,38,22,11,14,41,13,46,11
209,4,2.835963838794899,0.23469387755102042,0.23469387755102042,8,6,14,24,28,46,32,19,27
210,6,2.883817943388621,0.1989795918367347,0.19387755102040816,8,39,26,11,14,23,28,38,17
211,1,2.7401077630257116,0.2653061224489796,0.17346938775510204,8,18,34,52,21,7,23,6,35
212,4,2.8873998329043262,0.23469387755102042,0.14795918367346939,8,46,20,29,11,29,25,18,18
213,4,2.8823253344533537,0.19387755102040816,0.1836734693877551,8,30,14,21,11,36,16,30,38
214,0,2.9807746236568446,0.1683673469387755,0.11734693877551021,8,23,22,21,24,29,33,20,24
215,4,2.6452869381598147,0.35714285714285715,0.15306122448979592,8,70,9,24,10,30,14,11,28
216,4,2.7301707096226426,0.33163265306122447,0.12755102040816327,8,7,26,19,15,25,24,65,15
217,3,2.7729183702889486,0.29081632653061223,0.15306122448979592,8,20,11,16,30,57,28,26,8
218,0,2.839435645160283,0.2193877551020408,0.15816326530612246,8,31,16,20,21,43,6,37,22
219,1,2.756104940030526,0.25510204081632654,0.25510204081632654,8,7,50,34,38,22,22,9,14
220,4,2.821518763703951,0.29081632653061223,0.10714285714285714,8,17,33,16,18,21,20,14,57
221,0,2.597295016593546,0.3877551020408163,0.3877551020408163,8,76,8,20,18,9,32,20,13
222,0,2.6409283467778386,0.24489795918367346,0.24489795918367346,8,48,11,8,3,41,27,15,43
223,1,2.870442466026903,0.20918367346938777,0.20918367346938777,8,23,41,27,28,34,22,8,13
224,0,2.8893791321747324,0.1989795918367347,0.19387755102040816,8,38,26,39,9,22,24,17,21
225,4,2.645236166355585,0.32142857142857145,0.32142857142857145,8,15,15,6,14,63,23,14,46
226,0,2.8274754036737706,0.2653061224489796,0.2653061224489796,8,52,17,16,33,30,18,10,20
227,3,2.841607560426585,0.25510204081632654,0.25510204081632654,8,14,15,31,50,11,22,22,31
228,6,2.9329349944990373,0.15816326530612246,0.14795918367346939,8,24,31,30,15,27,11,29,29
229,1,2.598820781604978,0.29081632653061223,0.25,8,19,49,6,15,29,18,3,57
230,4,2.6451401204295557,0.29591836734693877,0.29591836734693877,8,8,38,26,12,58,7,10,37
231,4,2.8134488682322387,0.20408163265306123,0.20408163265306123,8,22,20,7,34,40,8,29,36
232,5,2.704200592815051,0.2653061224489796,0.2653061224489796,8,5,13,19,25,26,52,10,46
233,5,2.914233199085094,0.20408163265306123,0.12755102040816327,8,35,26,20,21,15,25,14,40
234,5,2.8406281229317076,0.23469387755102042,0.23469387755102042,8,18,22,14,22,43,46,12,19
235,7,2.788918828465245,0.22959183673469388,0.1683673469387755,8,14,45,37,25,22,16,4,33
236,4,2.6443163024814043,0.3112244897959184,0.3112244897959184,8,45,14,10,31,61,9,15,11
237,1,2.867887316364574,0.25,0.12244897959183673,8,49,24,17,21,29,23,9,24
238,1,2.6386193850532953,0.30612244897959184,0.30612244897959184,8,6,60,30,43,20,11,7,19
239,2,2.9507062063700236,0.17857142857142858,0.10204081632653061,8,24,35,20,25,14,33,21,24
240,6,2.8494381823998247,0.19387755102040816,0.11734693877551021,8,24,6,37,38,28,28,23,12
241,0,2.8424937700374917,0.2193877551020408,0.2193877551020408,8,43,34,10,13,22,17,19,38
242,0,2.7662683510611252,0.24489795918367346,0.24489795918367346,8,48,7,12,33,22,23,11,40
243,4,2.7990881164999424,0.22448979591836735,0.22448979591836735,8,14,32,39,13,44,11,11,32
244,2,2.941417485268828,0.21428571428571427,0.09183673469387756,8,23,26,18,17,20,24,26,42
245,0,2.1661852887465165,0.41836734693877553,0.41836734693877553,8,82,13,2,11,61,15,11,1
246,1,2.764838354460087,0.23469387755102042,0.23469387755102042,8,4,46,34,27,16,28,9,32
247,0,2.8899954463234954,0.1989795918367347,0.1989795918367347,8,39,9,16,29,36,21,24,22
248,7,2.8050158580503,0.29591836734693877,0.29591836734693877,8,16,30,17,27,21,12,15,58
249,2,2.8615636674851346,0.21428571428571427,0.1326530612244898,8,31,11,26,20,37,16,13,42
250,0,2.9657134826975247,0.15816326530612246,0.15306122448979592,8,30,31,23,23,31,23,19,16
251,1,2.9451464920955317,0.17857142857142858,0.11224489795918367,8,16,22,26,18,35,25,35,19
252,5,2.777736456235864,0.2602040816326531,0.2602040816326531,8,21,12,27,13,28,51,37,7
253,1,2.7641771679896214,0.25510204081632654,0.21428571428571427,8,11,42,9,10,50,24,25,25
254,0,2.8985936080177335,0.21428571428571427,0.09183673469387756,8,18,42,17,22,16,18,39,24
255,5,2.8266152106230105,0.29081632653061223,0.29081632653061223,8,24,16,18,16,15,57,19,31
256,4,2.925201176332587,0.19387755102040816,0.12755102040816327,8,26,21,16,18,25,38,16,36
257,3,2.892492943554206,0.18877551020408162,0.18877551020408162,8,36,36,21,37,14,17,14,21
258,7,2.596596112790559,0.2857142857142857,0.25510204081632654,8,14,21,56,33,5,9,8,50
259,3,2.594591715557206,0.30612244897959184,0.30612244897959184,7,23,0,19,60,13,24,14,43
260,0,2.528299672480172,0.39285714285714285,0.18877551020408162,8,37,14,5,16,77,25,9,13
261,6,2.945831604886175,0.17857142857142858,0.11224489795918367,8,33,18,17,20,20,35,22,31
262,0,2.4299096289765902,0.42346938775510207,0.42346938775510207,8,83,6,6,13,20,22,38,8
263,1,2.606405408407265,0.35714285714285715,0.35714285714285715,8,19,70,11,9,7,16,26,38
264,2,2.866445196478363,0.21428571428571427,0.17346938775510204,8,11,16,34,25,24,12,32,42
265,7,2.534013814346215,0.3673469387755102,0.3673469387755102,8,29,6,3,27,11,32,16,72
266,7,2.7805132413559637,0.30612244897959184,0.30612244897959184,8,16,10,22,18,33,16,21,60
267,5,2.8500234232768467,0.18877551020408162,0.18877551020408162,8,18,33,25,20,25,37,4,34
268,1,2.8746570303551926,0.17857142857142858,0.17857142857142858,8,28,35,18,28,30,5,20,32
269,1,2.810700427822314,0.2602040816326531,0.2602040816326531,8,35,51,8,26,21,16,13,26
270,0,2.758046437714664,0.2857142857142857,0.2857142857142857,8,56,9,16,14,38,27,24,12
271,2,2.81595345152524,0.23469387755102042,0.17857142857142858,8,37,22,35,17,46,15,8,16
272,0,2.8763241835111533,0.20918367346938777,0.20918367346938777,8,41,15,15,15,24,16,33,37
273,5,2.787812871617788,0.25,0.25,8,32,34,15,8,28,49,21,9
274,6,2.706312823686443,0.29081632653061223,0.14285714285714285,8,57,10,15,17,45,14,28,10
275,3,2.815406002094276,0.24489795918367346,0.1377551020408163,8,7,35,14,27,27,14,24,48
276,1,2.889844037063538,0.19387755102040816,0.1377551020408163,8,23,27,20,33,38,13,10,32
277,0,2.774618970093659,0.2857142857142857,0.2857142857142857,8,56,22,23,23,12,18,7,35
278,7,2.8274818588441155,0.25510204081632654,0.25510204081632654,8,10,12,36,26,24,18,20,50
279,1,2.5060398492615112,0.3673469387755102,0.3673469387755102,8,8,72,23,7,16,4,43,23
280,7,2.9568740583092037,0.17346938775510204,0.1377551020408163,8,28,17,21,30,34,23,16,27
281,1,2.861410235310216,0.22959183673469388,0.22959183673469388,8,20,45,36,14,24,14,30,13
282,0,2.860606998448284,0.25510204081632654,0.25510204081632654,8,50,33,14,20,21,24,12,22
283,0,2.4106887522388845,0.45408163265306123,0.45408163265306123,8,89,4,14,14,32,15,20,8
284,6,2.9069953223325022,0.20918367346938777,0.12244897959183673,8,15,26,41,17,32,28,24,13
285,4,2.7717876861394677,0.2857142857142857,0.2857142857142857,8,6,18,20,29,56,29,12,26
286,1,2.8694957609126126,0.23469387755102042,0.1989795918367347,8,23,39,17,17,46,14,23,17
287,6,2.7771497845982243,0.24489795918367346,0.24489795918367346,8,7,17,31,23,33,30,48,7
288,2,2.859168828972276,0.22448979591836735,0.15306122448979592,8,16,39,30,19,44,11,18,19
289,1,2.876415175796279,0.21428571428571427,0.21428571428571427,8,29,42,13,8,27,28,26,23
290,7,2.3570526648793626,0.3979591836734694,0.3979591836734694,8,25,22,5,5,1,43,17,78
291,2,2.795680109094477,0.2653061224489796,0.2653061224489796,8,22,5,52,15,30,17,26,29
292,6,2.7187322733326296,0.2857142857142857,0.2857142857142857,8,28,2,25,12,18,31,56,24
293,1,2.6367985502217053,0.336734693877551,0.336734693877551,8,18,66,8,13,39,10,30,12
294,3,2.782507952309942,0.33163265306122447,0.33163265306122447,8,17,19,21,65,20,13,21,20
295,4,2.8054006014434583,0.24489795918367346,0.24489795918367346,8,11,24,17,26,48,18,42,10
296,2,2.797149626819576,0.20918367346938777,0.20408163265306123,8,6,41,40,19,32,10,18,30
297,7,2.8590034183179722,0.28061224489795916,0.28061224489795916,8,21,15,18,22,24,16,25,55
298,2,2.786480673082883,0.3010204081632653,0.14795918367346939,8,26,16,29,59,21,20,8,17
299,6,2.7322276099535685,0.27040816326530615,0.14795918367346939,8,12,53,19,18,45,11,29,9
300,3,2.7852809205848654,0.28061224489795916,0.16326530612244897,8,25,7,24,32,19,23,11,55
301,0,2.6776234942235773,0.25,0.25,8,49,6,22,4,32,40,11,32
302,7,2.6918027451425717,0.28061224489795916,0.1989795918367347,8,11,55,7,16,38,10,20,39
303,4,2.7356699270530282,0.3010204081632653,0.14795918367346939,8,59,14,19,26,29,12,6,31
304,3,2.7802936321547036,0.19387755102040816,0.1836734693877551,8,30,2,12,36,25,19,38,34
305,6,2.6913044607716707,0.3010204081632653,0.1836734693877551,8,26,4,15,59,21,9,36,26
306,2,2.903838743041796,0.18877551020408162,0.18877551020408162,8,26,34,37,13,18,12,28,28
307,5,2.643384714040293,0.3163265306122449,0.12244897959183673,8,4,7,62,33,15,24,17,34
308,2,2.9141245843306915,0.19387755102040816,0.12244897959183673,8,21,14,24,29,19,15,36,38
309,2,2.709142603447141,0.22448979591836735,0.22448979591836735,8,22,3,44,21,30,29,42,5
310,7,2.807306400864645,0.2653061224489796,0.18877551020408162,8,52,20,19,21,7,24,16,37
311,3,2.874916877629225,0.21428571428571427,0.1377551020408163,8,23,9,27,27,18,42,15,35
312,0,2.828780003184461,0.2653061224489796,0.2653061224489796,8,52,18,36,20,16,15,12,27
313,1,2.883083988827417,0.22448979591836735,0.1836734693877551,8,24,36,16,20,25,20,11,44
314,0,2.6464702416308157,0.25,0.23979591836734693,8,47,37,49,12,25,5,6,15
315,0,2.861513867065528,0.2193877551020408,0.16326530612244897,8,32,18,13,23,43,25,9,33
316,4,2.724083284300228,0.25,0.1836734693877551,8,9,16,49,45,36,15,8,18
317,7,2.631482955281893,0.3010204081632653,0.3010204081632653,8,16,8,3,16,19,37,38,59
318,0,2.826667548804217,0.25,0.1836734693877551,8,36,18,21,23,49,28,10,11
319,0,2.633445876181788,0.2653061224489796,0.2653061224489796,8,52,22,31,5,49,4,16,17
320,7,2.9400653113919635,0.1989795918367347,0.09693877551020408,8,18,39,23,27,15,30,25,19
321,5,2.797633581600721,0.30612244897959184,0.10714285714285714,8,11,20,19,22,14,21,29,60
322,0,2.732923489968309,0.23979591836734693,0.1836734693877551,8,36,14,33,47,20,18,27,1
323,5,2.7674854692350612,0.24489795918367346,0.15816326530612246,8,8,22,20,48,43,31,10,14
324,1,2.8551125705353604,0.25,0.12244897959183673,8,13,24,23,11,34,49,20,22
325,2,2.794347372336196,0.27040816326530615,0.11734693877551021,8,53,10,23,15,28,32,26,9
326,1,2.2939776163799834,0.4897959183673469,0.4897959183673469,8,7,96,18,15,18,31,3,8
327,3,2.655708762647094,0.32653061224489793,0.32653061224489793,8,23,7,22,64,26,17,33,4
328,2,2.521710335465849,0.3673469387755102,0.3673469387755102,8,13,17,72,16,48,4,14,12
329,7,2.870413390254864,0.20408163265306123,0.15816326530612246,8,28,32,12,18,26,40,9,31
330,0,2.646885095429581,0.2602040816326531,0.2602040816326531,8,51,37,18,9,30,37,13,1
331,7,2.7700352757269275,0.2602040816326531,0.1683673469387755,8,25,25,2,51,18,20,22,33
332,4,2.900633200358912,0.2193877551020408,0.2193877551020408,8,17,18,12,30,43,21,31,24
333,2,2.917031145432783,0.22448979591836735,0.22448979591836735,8,12,25,44,19,23,21,26,26
334,2,2.8527605035211137,0.20408163265306123,0.16326530612244897,8,25,33,32,17,19,25,40,5
335,7,2.7181044839078408,0.22448979591836735,0.08673469387755102,8,26,22,41,2,35,9,44,17
336,0,2.677806925121793,0.34183673469387754,0.34183673469387754,8,67,28,29,10,9,10,19,24
337,7,2.7161900891361115,0.23979591836734693,0.14795918367346939,8,4,30,10,45,16,15,47,29
338,1,2.853819338385006,0.25510204081632654,0.17857142857142858,8,15,35,18,18,15,17,28,50
339,6,2.8231582861353206,0.30612244897959184,0.11734693877551021,8,17,19,24,20,19,14,23,60
340,1,2.8485540489658057,0.23469387755102042,0.23469387755102042,8,15,46,18,31,35,16,10,25
341,0,2.9015864475468693,0.22959183673469388,0.09693877551020408,8,19,13,21,28,25,29,16,45
342,6,2.5857225539752844,0.29591836734693877,0.2857142857142857,8,19,5,13,58,23,10,56,12
343,0,2.853412702781286,0.19387755102040816,0.15306122448979592,8,30,30,23,7,35,22,11,38
344,6,2.877237235080468,0.17346938775510204,0.11734693877551021,8,17,34,33,34,8,32,23,15
345,1,2.9464197037730764,0.20408163265306123,0.20408163265306123,8,19,40,25,19,20,29,18,26
346,2,2.936313166385929,0.18877551020408162,0.17346938775510204,8,22,16,34,15,27,22,23,37
347,1,2.7733103226647744,0.23979591836734693,0.23979591836734693,8,15,47,7,26,18,39,34,10
348,5,2.8867830280448548,0.23979591836734693,0.23979591836734693,8,32,22,22,23,21,47,18,11
349,3,2.4661568286641016,0.4336734693877551,0.11224489795918367,8,11,6,8,22,85,27,11,26
350,4,2.8059825992750413,0.25510204081632654,0.25510204081632654,8,18,20,26,12,50,19,41,10
351,0,2.7152010923761347,0.3010204081632653,0.14795918367346939,8,29,12,11,10,59,32,32,11
352,0,2.298099949799689,0.4897959183673469,0.4897959183673469,7,96,0,12,22,19,12,15,20
353,5,2.6583225510373882,0.2653061224489796,0.17346938775510204,8,3,20,18,27,52,34,4,38
354,4,2.777511274509424,0.28061224489795916,0.28061224489795916,8,33,20,12,10,55,16,34,16
355,3,2.893463635345925,0.2193877551020408,0.2193877551020408,8,30,24,15,43,12,32,18,22
356,3,2.6770976044964634,0.25510204081632654,0.25510204081632654,8,2,21,35,50,14,27,8,39
357,0,2.9143953135942713,0.20918367346938777,0.17857142857142858,8,35,25,16,26,19,16,41,18
358,0,2.641303774893987,0.3520408163265306,0.3520408163265306,8,69,19,10,8,15,23,14,38
359,4,2.7030233210291015,0.22959183673469388,0.22959183673469388,8,4,16,38,18,45,25,7,43
360,7,2.9119955043477135,0.18877551020408162,0.1326530612244898,8,34,19,27,14,27,37,12,26
361,3,2.487760864964349,0.3673469387755102,0.10204081632653061,8,3,29,16,20,72,33,22,1
362,3,2.7434273582865885,0.25,0.2193877551020408,8,22,8,20,43,49,30,6,18
363,3,2.7996003270649177,0.25,0.20408163265306123,8,10,16,20,40,49,32,16,13
364,2,2.916260067341766,0.1836734693877551,0.1836734693877551,8,23,32,36,19,32,19,25,10
365,6,2.352240065073264,0.42346938775510207,0.42346938775510207,8,38,30,18,5,12,8,83,2
366,2,2.846612606337056,0.18877551020408162,0.18877551020408162,8,29,12,37,26,35,35,13,9
367,3,2.877384787578517,0.1836734693877551,0.17857142857142858,8,12,9,33,35,24,36,20,27
368,3,2.721166542741,0.2193877551020408,0.1836734693877551,8,43,9,8,36,5,30,26,39
369,4,2.7205873614568006,0.29081632653061223,0.1989795918367347,8,57,28,10,14,39,26,8,14
370,2,2.7622659787580157,0.2602040816326531,0.18877551020408162,8,5,19,37,51,34,20,14,16
371,3,2.864402943523304,0.20918367346938777,0.20918367346938777,8,12,15,33,41,28,10,28,29
372,6,2.8488992333625767,0.25,0.25,8,34,17,26,13,11,22,49,24
373,2,2.854738738717089,0.21428571428571427,0.14285714285714285,8,11,21,28,42,32,16,35,11
374,0,2.680225917849773,0.33163265306122447,0.1683673469387755,8,33,21,4,17,65,16,26,14
375,1,2.5869735438675834,0.30612244897959184,0.30612244897959184,8,25,60,45,31,10,3,10,12
376,5,2.8161773050459926,0.23979591836734693,0.1683673469387755,8,20,9,21,20,10,33,36,47
377,6,2.8151835250604282,0.23979591836734693,0.2193877551020408,8,15,10,27,16,22,47,43,16
378,4,2.8059029441021197,0.20408163265306123,0.18877551020408162,8,5,33,23,26,37,9,23,40
379,4,2.5951905275511455,0.3622448979591837,0.21428571428571427,8,9,71,23,15,42,10,12,14
380,1,2.954671562105513,0.1683673469387755,0.1683673469387755,8,23,33,26,17,14,29,29,25
381,3,2.6970995726857514,0.2602040816326531,0.17346938775510204,8,51,24,8,34,42,12,5,20
382,4,2.8996038867522755,0.19387755102040816,0.15816326530612246,8,24,16,21,36,31,38,11,19
383,7,2.7533031397385885,0.2602040816326531,0.2602040816326531,8,22,7,43,22,8,22,21,51
384,1,2.9218649886412873,0.23469387755102042,0.12755102040816327,8,46,25,23,18,20,24,24,16
385,3,2.9376660228480382,0.20408163265306123,0.20408163265306123,8,14,22,22,40,29,28,22,19
386,7,2.609914728940994,0.35714285714285715,0.35714285714285715,8,11,12,35,10,7,27,24,70
387,6,2.6239128690410487,0.30612244897959184,0.1377551020408163,8,4,60,31,14,38,17,27,5
388,6,2.6437469092980033,0.29591836734693877,0.29591836734693877,8,20,17,11,52,11,20,58,7
389,5,2.7816408589489843,0.1989795918367347,0.1989795918367347,8,1,25,27,15,38,39,23,28
390,7,2.5326736071725064,0.413265306122449,0.413265306122449,8,14,8,5,22,27,20,19,81
391,2,2.886215282909636,0.2193877551020408,0.1377551020408163,8,29,18,27,8,26,26,43,19
392,7,2.8810553359784388,0.22448979591836735,0.1683673469387755,8,21,26,20,44,26,17,9,33
393,2,2.8575962924983624,0.24489795918367346,0.15816326530612246,8,20,15,31,48,27,17,28,10
394,5,2.8378902194678957,0.2602040816326531,0.10714285714285714,8,26,23,19,24,26,21,6,51
395,4,2.7971337801519223,0.1989795918367347,0.1989795918367347,8,27,4,36,27,39,21,9,33
396,1,2.917628941137747,0.1989795918367347,0.1989795918367347,8,23,39,22,18,27,14,17,36
397,3,2.7423003629448,0.20918367346938777,0.20918367346938777,8,4,7,15,41,41,30,26,32
398,6,2.754954338632656,0.21428571428571427,0.21428571428571427,8,19,7,6,25,40,39,42,18
399,2,2.793311197552549,0.20918367346938777,0.19387755102040816,8,16,41,38,22,35,17,24,3
400,6,2.8924849175186904,0.19387755102040816,0.1377551020408163,8,34,20,20,7,26,24,27,38
401,1,2.7656317715848564,0.2602040816326531,0.21428571428571427,8,51,42,7,13,19,30,17,17
402,4,2.876397709742435,0.19387755102040816,0.19387755102040816,8,33,12,21,35,38,27,20,10
403,7,2.758410914335807,0.2653061224489796,0.2653061224489796,8,44,16,12,9,28,15,20,52
404,3,2.8919502499441867,0.1989795918367347,0.17346938775510204,8,19,22,11,34,34,39,15,22
405,0,2.5452452869504762,0.4030612244897959,0.4030612244897959,8,79,30,15,12,28,16,7,9
406,7,2.695706140059603,0.2653061224489796,0.2653061224489796,8,32,22,27,4,4,21,34,52
407,3,2.870978950293238,0.1836734693877551,0.1836734693877551,8,14,30,33,36,27,14,9,33
408,5,2.602733401473846,0.29081632653061223,0.29081632653061223,8,15,16,18,4,31,57,6,49
409,1,2.7021667424988642,0.2755102040816326,0.14285714285714285,8,7,28,32,54,38,19,11,7
410,6,2.866093386079391,0.21428571428571427,0.21428571428571427,8,19,12,24,11,20,35,42,33
411,6,2.3885041049634563,0.3979591836734694,0.3979591836734694,8,3,9,12,12,10,51,78,21
412,7,2.775263908263437,0.21428571428571427,0.1836734693877551,8,36,5,10,14,42,22,31,36
413,7,2.835015921608393,0.22959183673469388,0.12244897959183673,8,15,8,45,35,34,17,18,24
414,7,2.681014243864559,0.29591836734693877,0.29591836734693877,8,14,9,30,12,9,44,20,58
415,0,2.697729360242371,0.30612244897959184,0.30612244897959184,8,60,3,23,34,14,13,24,25
416,4,2.68464266793424,0.32653061224489793,0.1836734693877551,8,13,64,11,14,36,22,28,8
417,4,2.809453385218303,0.23979591836734693,0.23979591836734693,8,14,42,20,14,47,28,22,9
418,2,2.7095202172653448,0.29591836734693877,0.17346938775510204,8,13,13,34,36,21,6,15,58
419,7,2.804823919710405,0.23979591836734693,0.23979591836734693,8,21,15,34,26,34,7,12,47
420,3,2.8968358174244084,0.2193877551020408,0.1377551020408163,8,33,21,14,27,43,27,16,15
421,1,2.945901813788328,0.18877551020408162,0.12755102040816327,8,21,25,20,26,30,37,13,24
422,0,2.8576106302222524,0.22448979591836735,0.22448979591836735,8,44,8,29,27,28,23,11,26
423,1,2.89499404128221,0.20918367346938777,0.20918367346938777,8,24,41,35,10,23,17,27,19
424,2,2.9417732127618077,0.20408163265306123,0.1377551020408163,8,19,16,27,21,30,23,20,40
425,6,2.6840816516603105,0.37755102040816324,0.37755102040816324,8,20,23,14,20,18,12,74,15
426,2,2.7638266889015832,0.2755102040816326,0.1377551020408163,8,33,29,27,8,54,23,12,10
427,1,2.787090337858443,0.21428571428571427,0.1836734693877551,8,6,36,13,42,42,24,17,16
428,3,2.7653822171506954,0.2755102040816326,0.20918367346938777,8,8,25,15,41,14,23,16,54
429,1,2.119371680026843,0.5255102040816326,0.07653061224489796,8,3,15,2,13,103,30,25,5
430,0,2.2852203748651343,0.5051020408163265,0.5051020408163265,8,99,9,9,19,12,15,4,29
431,6,2.930180998725767,0.17857142857142858,0.1683673469387755,8,24,17,20,35,13,22,33,32
432,5,2.926268104816121,0.17346938775510204,0.1683673469387755,8,17,28,34,13,18,33,32,21
433,3,2.846505895617312,0.2602040816326531,0.2602040816326531,8,23,31,23,51,20,15,9,24
434,7,2.7840086593531206,0.2857142857142857,0.2857142857142857,8,13,33,21,25,15,25,8,56
435,2,2.6544937937948543,0.2857142857142857,0.2857142857142857,8,4,51,56,20,21,12,16,16
436,1,2.827502447855531,0.23469387755102042,0.19387755102040816,8,26,38,15,12,23,9,27,46
437,2,2.594555230406664,0.34183673469387754,0.0663265306122449,8,67,25,13,29,18,7,3,34
438,7,2.759337744058481,0.29081632653061223,0.29081632653061223,8,20,35,18,14,31,11,10,57
439,5,2.8461703043882736,0.2193877551020408,0.19387755102040816,8,43,6,21,19,22,38,28,19
440,0,2.7071885616736013,0.30612244897959184,0.30612244897959184,8,60,5,30,16,20,25,9,31
441,4,2.832164246378925,0.23469387755102042,0.23469387755102042,8,33,9,31,23,46,9,22,23
442,6,2.7525320035154177,0.2857142857142857,0.2857142857142857,8,6,20,22,15,40,21,56,16
443,1,2.7156348377097412,0.29591836734693877,0.29591836734693877,8,3,58,10,31,20,23,27,24
444,2,2.8527975227173084,0.2653061224489796,0.2653061224489796,8,12,21,52,22,17,33,22,17
445,1,2.395802962474243,0.47959183673469385,0.47959183673469385,8,21,94,14,16,4,12,22,13
446,3,2.7995264112583875,0.23979591836734693,0.23979591836734693,8,20,8,16,47,20,15,25,45
447,5,2.7481856547735215,0.2602040816326531,0.2602040816326531,8,19,13,27,17,31,51,3,35
448,0,2.899274226999505,0.17346938775510204,0.17346938775510204,8,34,16,20,31,21,33,32,9
449,4,2.6745858625710794,0.3469387755102041,0.14795918367346939,8,9,8,68,19,29,19,15,29
450,5,2.8660077304050366,0.20408163265306123,0.16326530612244897,8,35,15,23,17,40,32,8,26
451,1,2.923840540670751,0.19387755102040816,0.19387755102040816,8,20,38,16,17,38,22,25,20
452,5,2.7846220053121877,0.32653061224489793,0.32653061224489793,8,17,15,15,17,20,64,24,24
453,0,2.885554354723939,0.23979591836734693,0.23979591836734693,8,47,32,15,20,17,16,29,20
454,0,2.937150104990941,0.18877551020408162,0.18877551020408162,8,37,13,22,34,26,22,22,20
455,3,2.899646108163634,0.2193877551020408,0.2193877551020408,8,13,28,28,43,16,17,31,20
456,1,2.8769751831730925,0.22448979591836735,0.22448979591836735,8,9,44,31,20,21,17,32,22
457,5,2.905530428106797,0.20918367346938777,0.14795918367346939,8,25,16,12,20,20,29,41,33
458,6,2.7042734692907158,0.32142857142857145,0.32142857142857145,8,26,22,25,30,8,15,63,7
459,0,2.908239027055714,0.18877551020408162,0.1326530612244898,8,26,10,26,27,27,30,13,37
460,6,2.819125884649462,0.1989795918367347,0.15306122448979592,8,1,25,26,25,39,25,30,25
461,0,2.570114332966594,0.37755102040816324,0.37755102040816324,8,74,18,11,2,19,26,30,16
462,0,2.697536699855179,0.32653061224489793,0.32653061224489793,8,64,33,20,9,24,24,15,7
463,4,2.9099292341114467,0.1989795918367347,0.1989795918367347,8,23,31,20,25,39,20,9,29
464,6,2.8599323403165333,0.22959183673469388,0.20408163265306123,8,24,22,16,17,21,11,40,45
465,3,2.9190646037076764,0.1989795918367347,0.1989795918367347,8,13,35,20,39,21,24,17,27
466,0,2.732652584243668,0.23469387755102042,0.20918367346938777,8,41,27,35,46,19,10,14,4
467,4,2.709663860934853,0.2193877551020408,0.2193877551020408,8,5,4,14,41,43,28,29,32
468,2,2.9179245091205583,0.21428571428571427,0.1836734693877551,8,20,42,36,19,18,17,21,23
469,0,2.675181224530977,0.30612244897959184,0.30612244897959184,8,60,12,5,11,29,39,24,16
470,4,2.839519333749582,0.22448979591836735,0.17857142857142858,8,7,44,12,30,35,21,24,23
471,1,2.8088223307046465,0.23979591836734693,0.1683673469387755,8,7,33,17,12,30,32,18,47
472,1,2.899168795408572,0.2193877551020408,0.10204081632653061,8,13,20,27,15,26,19,33,43
473,0,2.6097520683744246,0.3163265306122449,0.17857142857142858,8,35,4,10,27,62,6,33,19
474,1,2.819008433300536,0.2755102040816326,0.15816326530612246,8,31,31,19,17,13,19,12,54
475,3,2.7751622871956054,0.25,0.25,8,18,11,18,49,44,8,20,28
476,3,2.878875245688537,0.20408163265306123,0.20408163265306123,8,21,8,14,40,23,29,32,29
477,0,2.7483313162849563,0.3163265306122449,0.3163265306122449,8,62,25,20,10,15,32,11,21
478,7,2.4411583644136057,0.45918367346938777,0.45918367346938777,8,8,24,20,18,5,15,16,90
479,6,2.6600653262649896,0.2602040816326531,0.20408163265306123,8,13,30,4,36,6,16,40,51
480,2,2.699873192860202,0.2602040816326531,0.2602040816326531,8,13,9,51,17,21,7,29,49
481,6,2.881333450405548,0.21428571428571427,0.21428571428571427,8,22,10,26,17,22,38,42,19
482,7,2.6692825661212076,0.34183673469387754,0.34183673469387754,8,17,7,16,14,36,13,26,67
483,1,2.746608400978353,0.21428571428571427,0.19387755102040816,8,38,38,26,3,15,24,10,42
484,2,2.738888140957571,0.23979591836734693,0.23469387755102042,8,7,19,46,32,23,11,11,47
485,1,2.553930911496942,0.27040816326530615,0.27040816326530615,8,9,53,14,11,7,48,7,47
486,7,2.915257652722192,0.1836734693877551,0.1836734693877551,8,26,31,10,24,32,20,17,36
487,3,2.8965085947272096,0.24489795918367346,0.24489795918367346,8,26,13,19,48,24,17,25,24
488,1,2.5123278051768163,0.34183673469387754,0.14795918367346939,8,5,29,15,12,32,67,1,35
489,2,2.7840487040311985,0.1989795918367347,0.17346938775510204,8,35,16,34,1,25,23,23,39
490,2,2.598691984377199,0.3112244897959184,0.3112244897959184,8,9,11,61,41,21,15,3,35
491,4,2.87518828747515,0.18877551020408162,0.12244897959183673,8,30,20,13,8,24,29,35,37
492,1,2.8043487077662665,0.2193877551020408,0.1377551020408163,8,8,27,27,10,34,43,12,35
493,2,2.737023138504032,0.32653061224489793,0.32653061224489793,8,13,17,64,33,10,16,19,24
494,6,2.5891766254133155,0.23469387755102042,0.23469387755102042,8,45,10,3,7,42,33,46,10
495,5,2.7278300858898197,0.22959183673469388,0.22448979591836735,8,45,8,20,8,18,44,13,40
496,7,2.7651867259188156,0.29081632653061223,0.18877551020408162,8,14,26,23,10,57,12,17,37
497,7,2.721440410396759,0.24489795918367346,0.22448979591836735,8,14,30,9,9,32,48,10,44
498,6,2.9365956539651243,0.1836734693877551,0.11224489795918367,8,31,16,15,36,19,26,22,31
499,6,2.979182469210203,0.15816326530612246,0.12755102040816327,8,23,24,23,16,27,31,25,27
500,6,2.790247216851645,0.20408163265306123,0.20408163265306123,8,3,15,37,20,38,24,40,19
501,2,2.8209266812345914,0.23469387755102042,0.23469387755102042,8,25,43,46,22,10,12,21,17
502,7,2.7270928593785424,0.24489795918367346,0.24489795918367346,8,4,14,13,34,44,21,18,48
503,1,2.9035427744909557,0.21428571428571427,0.21428571428571427,8,16,42,17,17,21,21,24,38
504,7,2.791881409290194,0.22448979591836735,0.2193877551020408,8,5,19,27,19,26,13,44,43
505,7,2.897176740661089,0.1989795918367347,0.1989795918367347,8,27,12,22,13,34,30,19,39
506,3,2.643782117262872,0.32653061224489793,0.32653061224489793,8,30,6,10,64,38,10,17,21
507,6,2.8342877652703247,0.22959183673469388,0.08163265306122448,8,45,21,10,24,18,18,16,44
508,2,2.904560953333402,0.2193877551020408,0.1836734693877551,8,18,25,36,18,23,16,43,17
509,7,2.6434649084795447,0.32142857142857145,0.32142857142857145,8,28,11,13,3,30,15,33,63
510,1,2.823474292976856,0.25510204081632654,0.25510204081632654,8,12,50,28,34,14,16,13,29
511,1,2.8805522297658057,0.19387755102040816,0.19387755102040816,8,15,38,13,32,24,30,11,33
512,6,2.6613540183795115,0.35714285714285715,0.35714285714285715,8,27,6,20,11,20,15,70,27
513,3,2.8499548136651303,0.1989795918367347,0.12755102040816327,8,39,17,9,25,39,20,13,34
514,1,2.8488032380813935,0.25,0.25,8,13,49,22,18,17,16,22,39
515,5,2.7537162171519736,0.23979591836734693,0.1377551020408163,8,47,2,25,13,31,27,16,35
516,0,2.9018472608945025,0.1989795918367347,0.1989795918367347,8,39,11,17,26,20,26,37,20
517,5,2.6738664361044715,0.22448979591836735,0.14795918367346939,8,43,4,40,6,17,29,13,44
518,3,2.8722962167724644,0.22448979591836735,0.15816326530612246,8,21,21,11,31,44,35,15,18
519,0,2.771240072531956,0.2602040816326531,0.2602040816326531,8,51,13,13,25,33,38,14,9
520,2,2.9441568133477256,0.21428571428571427,0.21428571428571427,8,20,25,42,24,23,16,25,21
521,1,2.9153024588701157,0.23979591836734693,0.23979591836734693,8,21,47,24,26,19,15,22,22
522,5,2.810965155267967,0.2755102040816326,0.16326530612244897,8,17,28,16,21,8,32,20,54
523,3,2.8266966723635516,0.2653061224489796,0.1989795918367347,8,13,15,19,39,52,21,21,16
524,3,2.8479212857320726,0.21428571428571427,0.21428571428571427,8,19,8,18,42,37,18,19,35
525,7,2.678060651638702,0.32142857142857145,0.32142857142857145,8,37,24,9,6,15,17,25,63
526,1,2.846581272735507,0.2755102040816326,0.2755102040816326,8,19,54,12,27,24,14,25,21
527,0,2.6323322917197403,0.29081632653061223,0.27040816326530615,8,53,14,6,22,20,15,9,57
528,1,2.835422540507642,0.20918367346938777,0.15306122448979592,8,15,30,41,21,9,28,12,40
529,3,2.928039941375263,0.17346938775510204,0.1326530612244898,8,34,9,22,26,33,25,22,25
530,2,2.5348418838276747,0.336734693877551,0.20408163265306123,8,24,6,40,7,8,36,9,66
531,0,2.506702712461583,0.3979591836734694,0.3979591836734694,8,78,12,14,3,8,24,31,26
532,0,2.6819191604433668,0.2755102040816326,0.2755102040816326,8,54,12,24,6,29,9,16,46
533,0,2.6623841604091596,0.20918367346938777,0.20918367346938777,8,41,40,5,27,30,7,5,41
534,1,2.7609580075425297,0.2602040816326531,0.16326530612244897,8,7,32,24,24,51,5,25,28
535,1,2.8814702265020404,0.20408163265306123,0.1836734693877551,8,40,36,15,23,11,30,15,26
536,3,2.8991070800063774,0.21428571428571427,0.17857142857142858,8,14,24,17,35,29,17,18,42
537,7,2.85310802564297,0.1836734693877551,0.17857142857142858,8,7,35,30,15,36,23,15,35
538,7,2.552120616409368,0.3622448979591837,0.3622448979591837,8,8,29,35,25,9,15,4,71
539,2,2.857040723315699,0.20918367346938777,0.1683673469387755,8,19,32,33,7,22,28,41,14
540,2,2.715244122232136,0.24489795918367346,0.16326530612244897,8,36,14,32,48,32,3,8,23
541,4,2.7015899734301856,0.22959183673469388,0.17857142857142858,8,23,45,6,3,35,20,43,21
542,3,2.9450565432416194,0.1989795918367347,0.1989795918367347,8,20,30,29,39,21,21,18,18
543,0,2.7297672266135318,0.3112244897959184,0.18877551020408162,8,37,27,10,17,13,12,19,61
544,6,2.873584215698585,0.19387755102040816,0.19387755102040816,8,10,20,18,37,25,34,38,14
545,2,2.7889591673292937,0.2857142857142857,0.2857142857142857,8,17,31,56,25,13,30,11,13
546,6,2.737546116602068,0.2857142857142857,0.1326530612244898,8,13,24,16,21,56,36,26,4
547,0,2.914104277814614,0.23979591836734693,0.23979591836734693,8,47,18,21,21,21,27,16,25
548,6,2.797217577235209,0.2602040816326531,0.2602040816326531,8,23,22,11,8,35,30,51,16
549,4,2.9032310012621267,0.19387755102040816,0.1683673469387755,8,22,13,31,38,33,28,13,18
550,3,2.895325879145619,0.1683673469387755,0.16326530612244897,8,7,20,29,32,24,18,33,33
551,3,2.8457029501860944,0.19387755102040816,0.15306122448979592,8,34,38,23,30,15,25,4,27
552,3,2.9234351068619215,0.17346938775510204,0.14285714285714285,8,26,8,23,28,30,21,34,26
553,0,2.843414962492094,0.23469387755102042,0.17346938775510204,8,34,19,12,46,20,30,9,26
554,6,2.6998249139138304,0.2857142857142857,0.22959183673469388,8,12,7,19,56,15,13,45,29
555,0,2.9398909890309772,0.19387755102040816,0.17346938775510204,8,34,15,19,24,24,21,21,38
556,5,2.633577979369858,0.2755102040816326,0.2193877551020408,8,54,14,42,13,12,43,4,14
557,2,2.756942827725526,0.25,0.1683673469387755,8,49,19,33,28,30,24,3,10
558,2,2.7327907756484793,0.33163265306122447,0.11734693877551021,8,22,6,23,15,18,65,23,24
559,0,2.889739111589127,0.25510204081632654,0.25510204081632654,8,50,18,16,25,20,26,16,25
560,5,2.908870076291657,0.21428571428571427,0.21428571428571427,8,20,20,16,22,14,42,28,34
561,2,2.664031982515116,0.23469387755102042,0.23469387755102042,8,7,46,46,13,31,14,4,35
562,6,2.9040761907488157,0.17346938775510204,0.17346938775510204,8,15,12,24,31,32,15,34,33
563,4,2.8536673185608854,0.19387755102040816,0.19387755102040816,8,23,9,32,17,38,29,37,11
564,7,2.8327787608412063,0.22448979591836735,0.14285714285714285,8,18,32,5,19,32,44,18,28
565,6,2.856786747564493,0.20918367346938777,0.15816326530612246,8,11,41,37,30,16,14,31,16
566,0,2.911848584752983,0.1989795918367347,0.1989795918367347,8,39,30,29,9,25,24,20,20
567,0,2.932521621147518,0.1989795918367347,0.12244897959183673,8,24,31,16,19,28,24,15,39
568,2,2.8689094260373453,0.1989795918367347,0.1989795918367347,8,20,34,39,24,36,10,12,21
569,4,2.7926027973161642,0.27040816326530615,0.27040816326530615,8,20,42,15,14,53,21,20,11
570,0,2.6671447916078046,0.3010204081632653,0.3010204081632653,8,59,6,14,27,25,34,27,4
571,1,2.7632626456250353,0.28061224489795916,0.19387755102040816,8,24,38,13,17,21,22,6,55
572,1,2.826753379326701,0.21428571428571427,0.18877551020408162,8,29,37,18,10,42,18,33,9
573,2,2.9192825193849865,0.20408163265306123,0.17346938775510204,8,18,26,34,17,19,15,27,40
574,5,2.185368544925924,0.4897959183673469,0.15306122448979592,7,8,15,29,14,96,30,4,0
575,1,2.8260324446350538,0.20918367346938777,0.1683673469387755,8,12,33,33,20,29,5,23,41
576,5,2.529702941996603,0.37244897959183676,0.05612244897959184,8,13,38,22,12,25,11,2,73
577,0,2.8568986242845775,0.22448979591836735,0.22448979591836735,8,44,10,26,21,18,22,40,15
578,1,2.8390476644409746,0.24489795918367346,0.24489795918367346,8,29,48,23,31,15,12,10,28
579,5,2.6689972127080104,0.29591836734693877,0.29591836734693877,8,36,19,24,29,21,58,5,4
580,2,2.861269438520423,0.21428571428571427,0.21428571428571427,8,13,24,42,18,30,8,31,30
581,7,2.7596382260299728,0.2755102040816326,0.2755102040816326,8,5,10,19,32,23,30,23,54
582,5,2.8414189726869976,0.1989795918367347,0.1989795918367347,8,37,37,27,15,12,39,19,10
583,6,2.8205929730581802,0.27040816326530615,0.27040816326530615,8,23,16,31,21,29,13,53,10
584,2,2.892623722563377,0.1989795918367347,0.14795918367346939,8,28,30,29,16,29,15,10,39
585,7,2.9355170967485416,0.1836734693877551,0.17857142857142858,8,36,23,22,19,14,19,28,35
586,0,2.867917366751329,0.24489795918367346,0.24489795918367346,8,48,14,13,34,19,27,22,19
587,7,2.880617056921138,0.22448979591836735,0.22448979591836735,8,31,23,31,20,20,18,9,44
588,1,2.719314124745464,0.3469387755102041,0.09693877551020408,8,20,19,68,18,7,22,25,17
589,6,2.557967945996834,0.3979591836734694,0.03571428571428571,8,78,10,17,33,22,19,7,10
590,5,2.643427769614436,0.2857142857142857,0.19387755102040816,8,29,8,1,26,15,38,23,56
591,1,2.131847086106686,0.5,0.5,8,7,98,41,1,15,12,3,19
592,3,2.765238436796545,0.25,0.14285714285714285,8,22,19,49,28,11,18,6,43
593,0,2.895612810078135,0.20918367346938777,0.10714285714285714,8,21,11,29,18,41,17,35,24
594,0,2.9014785059576518,0.18877551020408162,0.1326530612244898,8,26,32,11,13,37,19,31,27
595,1,2.650083133063383,0.27040816326530615,0.27040816326530615,8,3,53,42,30,5,14,25,24
596,3,2.562068086145888,0.34183673469387754,0.061224489795918366,8,67,6,7,12,9,28,25,42
597,7,2.72586540105791,0.25510204081632654,0.25510204081632654,8,10,35,29,21,6,36,9,50
598,0,2.9249225272338903,0.17346938775510204,0.14285714285714285,8,28,30,30,11,17,34,18,28
599,3,2.7211469997078135,0.25510204081632654,0.25510204081632654,8,7,5,25,50,40,15,32,22
600,6,2.7569924152499334,0.22448979591836735,0.15816326530612246,8,6,30,33,7,12,33,31,44
601,0,2.918062757836648,0.18877551020408162,0.15306122448979592,8,30,37,18,15,16,36,19,25
602,5,2.837266855080712,0.25510204081632654,0.10714285714285714,8,50,17,15,17,19,21,16,41
603,1,2.7455050201697393,0.29081632653061223,0.18877551020408162,8,27,37,18,11,25,12,57,9
604,7,2.6261038069396894,0.3622448979591837,0.3622448979591837,8,21,14,29,28,4,13,16,71
605,5,2.9753866597771417,0.17346938775510204,0.1377551020408163,8,20,22,18,24,25,27,26,34
606,7,2.913474551069326,0.24489795918367346,0.24489795918367346,8,17,21,20,24,21,26,19,48
607,6,2.802697422432454,0.2653061224489796,0.15816326530612246,8,19,31,8,19,11,52,31,25
608,0,2.7705169129212557,0.29591836734693877,0.14795918367346939,8,29,30,15,23,15,58,7,19
609,7,2.748952938534689,0.30612244897959184,0.12755102040816327,8,22,5,24,28,13,19,60,25
610,6,2.7732428391638706,0.28061224489795916,0.28061224489795916,8,9,18,10,15,27,31,55,31
611,0,2.7401822789561563,0.25510204081632654,0.18877551020408162,8,37,50,15,7,31,29,6,21
612,2,2.9370987303638723,0.1683673469387755,0.1683673469387755,8,32,32,33,20,21,12,20,26
613,7,2.408176748355389,0.3826530612244898,0.12244897959183673,8,11,11,45,2,75,24,4,24
614,5,2.7948094267067356,0.30612244897959184,0.08673469387755102,8,24,8,21,23,23,17,20,60
615,2,2.7656770882925352,0.25,0.25,8,21,13,49,30,23,10,42,8
616,6,2.728566311637538,0.20918367346938777,0.20408163265306123,8,16,38,33,5,41,16,40,7
617,7,2.855911127724439,0.22448979591836735,0.10714285714285714,8,26,14,37,44,29,12,13,21
618,3,2.8181914798645042,0.2602040816326531,0.2602040816326531,8,38,16,13,51,16,30,15,17
619,5,2.8466135614510257,0.20918367346938777,0.17857142857142858,8,28,28,13,25,41,35,6,20
620,2,2.7205421107498635,0.24489795918367346,0.24489795918367346,8,42,30,48,19,28,18,5,6
621,4,2.796147868236305,0.3163265306122449,0.3163265306122449,8,19,24,17,20,62,12,25,17
622,7,2.9343097217652536,0.19387755102040816,0.19387755102040816,8,15,18,25,21,29,18,32,38
623,0,2.428977892777259,0.4336734693877551,0.4336734693877551,8,85,12,20,12,3,15,12,37
624,3,2.6856404606706086,0.32142857142857145,0.32142857142857145,8,13,25,23,63,20,10,6,36
625,0,2.818690735720179,0.24489795918367346,0.24489795918367346,8,48,21,14,11,42,27,16,17
626,7,2.9079314388576067,0.18877551020408162,0.18877551020408162,8,33,12,23,32,22,13,24,37
627,2,2.933661001472325,0.20408163265306123,0.20408163265306123,8,33,18,40,21,25,19,16,24
628,7,2.806312811842929,0.22959183673469388,0.22959183673469388,8,35,12,14,18,35,29,8,45
629,7,2.7952424380522607,0.25,0.25,8,31,10,28,29,26,17,6,49
630,2,2.8467421861822295,0.19387755102040816,0.19387755102040816,8,11,24,38,19,30,34,7,33
631,4,2.679790619253458,0.32142857142857145,0.1836734693877551,8,18,63,9,20,36,5,19,26
632,3,2.8067298295144436,0.25510204081632654,0.25510204081632654,8,7,25,23,50,37,24,17,13
633,1,2.804506159518876,0.23979591836734693,0.17346938775510204,8,4,34,18,22,17,22,32,47
634,0,2.902439190041531,0.2193877551020408,0.1377551020408163,8,27,27,10,23,26,24,16,43
635,0,2.6135020540025,0.23979591836734693,0.21428571428571427,8,42,47,12,3,47,25,13,7
636,2,2.7253631989232563,0.23979591836734693,0.1836734693877551,8,27,17,36,42,47,10,6,11
637,1,2.769019700241939,0.25,0.11224489795918367,8,23,22,21,39,49,6,8,28
638,1,2.6146423201826288,0.32142857142857145,0.32142857142857145,8,11,63,11,44,33,8,15,11
639,0,2.8240558351925227,0.22959183673469388,0.18877551020408162,8,37,9,21,10,18,24,32,45
640,7,2.864163147499482,0.22448979591836735,0.22448979591836735,8,10,15,17,24,31,35,20,44
641,7,2.7669996123873655,0.29081632653061223,0.29081632653061223,8,8,26,37,14,17,17,20,57
642,7,2.9501826885104068,0.17346938775510204,0.17346938775510204,8,33,19,21,15,28,20,26,34
643,1,2.765290888437603,0.25,0.25,8,10,49,26,11,8,35,21,36
644,0,2.8022149886160594,0.22448979591836735,0.22448979591836735,8,44,15,18,31,20,7,44,17
645,3,2.735440534290242,0.2193877551020408,0.20918367346938777,8,43,41,13,41,10,7,13,28
646,7,2.8117455814649626,0.22959183673469388,0.22959183673469388,8,7,28,30,24,26,7,29,45
647,2,2.8918165319719953,0.20918367346938777,0.16326530612244897,8,41,33,32,20,17,11,17,25
648,1,2.6828700183870176,0.3469387755102041,0.3469387755102041,8,11,68,14,24,8,21,18,32
649,5,2.8816188869999535,0.20918367346938777,0.20918367346938777,8,9,16,21,25,20,41,28,36
650,4,2.842406258856848,0.23469387755102042,0.17857142857142858,8,28,9,21,25,35,21,11,46
651,4,2.8727456557208484,0.25,0.25,8,16,25,22,27,49,18,11,28
652,2,2.879353349607239,0.18877551020408162,0.15816326530612246,8,22,31,31,12,8,29,37,26
653,0,2.6904113941384162,0.23469387755102042,0.22959183673469388,8,45,46,30,11,19,10,3,32
654,5,2.9340526537095473,0.1989795918367347,0.1989795918367347,8,23,26,20,20,13,39,23,32
655,6,2.8605556138975654,0.1989795918367347,0.1989795918367347,8,22,38,15,9,18,35,39,20
656,7,2.8075360159270026,0.25,0.15816326530612246,8,20,8,49,37,18,12,21,31
657,7,2.875730397965423,0.18877551020408162,0.18877551020408162,8,30,29,25,26,29,6,14,37
658,5,2.8313169646849112,0.2193877551020408,0.18877551020408162,8,18,32,43,13,20,37,7,26
659,0,2.838668035652737,0.20918367346938777,0.11734693877551021,8,23,31,24,15,8,14,41,40
660,6,2.789547793576842,0.23469387755102042,0.10714285714285714,8,39,7,24,18,46,9,21,32
661,1,2.8818900602687103,0.20408163265306123,0.15816326530612246,8,21,31,16,14,31,40,11,32
662,1,2.9177868552742128,0.18877551020408162,0.12755102040816327,8,36,25,18,37,19,21,12,28
663,0,2.775188057819319,0.23979591836734693,0.22448979591836735,8,44,24,9,19,7,25,21,47
664,5,2.7687765281335457,0.3112244897959184,0.12755102040816327,8,28,61,11,12,22,25,13,24
665,2,2.8891967768848863,0.20918367346938777,0.17346938775510204,8,41,14,34,24,14,24,14,31
666,1,2.8924012417250187,0.22448979591836735,0.22448979591836735,8,31,44,23,12,19,28,14,25
667,4,2.6159708881706503,0.336734693877551,0.336734693877551,8,19,25,1,11,66,27,16,31
668,7,2.7038742618820857,0.3010204081632653,0.16326530612244897,8,59,9,8,20,12,19,37,32
669,2,2.9122776126408496,0.20918367346938777,0.20918367346938777,8,25,23,41,15,15,26,34,17
670,4,2.9526084133468378,0.1989795918367347,0.1989795918367347,8,16,21,20,24,39,22,26,28
671,0,2.672767186868017,0.35714285714285715,0.35714285714285715,8,70,14,8,14,28,23,13,26
672,7,2.665763075452215,0.32653061224489793,0.32653061224489793,8,36,15,16,23,12,26,4,64
673,5,2.9555803859605065,0.15816326530612246,0.1326530612244898,8,31,28,13,26,27,26,17,28
674,2,2.8864409356449325,0.17857142857142858,0.17346938775510204,8,12,27,34,11,35,16,30,31
675,6,2.892691736498838,0.19387755102040816,0.08673469387755102,8,31,17,10,22,25,36,17,38
676,6,2.87055587152602,0.21428571428571427,0.20408163265306123,8,26,16,16,15,14,27,40,42
677,7,2.707588866697722,0.28061224489795916,0.28061224489795916,8,33,12,43,9,12,12,20,55
678,1,2.9189033494993994,0.18877551020408162,0.18877551020408162,8,24,37,18,30,18,26,11,32
679,7,2.8789063722905457,0.22959183673469388,0.1326530612244898,8,22,16,14,36,45,23,14,26
680,2,2.645231603582757,0.25,0.20918367346938777,8,49,31,41,22,29,18,5,1
681,3,2.849241368472568,0.2193877551020408,0.14285714285714285,8,24,12,29,28,12,36,12,43
682,1,2.9157018710294746,0.18877551020408162,0.18877551020408162,8,24,37,30,19,33,26,12,15
683,0,2.821647581380346,0.25,0.16326530612244897,8,32,49,13,20,10,20,16,36
684,5,2.86451005186359,0.22959183673469388,0.22959183673469388,8,22,13,20,41,17,45,22,16
685,0,2.6667839643367834,0.3112244897959184,0.3112244897959184,8,61,5,14,43,18,17,12,26
686,2,2.804871195868333,0.2193877551020408,0.21428571428571427,8,11,29,42,11,10,22,28,43
687,1,2.8413569246072523,0.22448979591836735,0.20408163265306123,8,16,40,23,19,7,23,24,44
688,5,2.8854357186045525,0.20408163265306123,0.16326530612244897,8,25,32,17,40,21,32,8,21
689,0,2.915058368224778,0.17346938775510204,0.17346938775510204,8,34,10,22,19,18,29,30,34
690,1,2.8074304348597847,0.22448979591836735,0.22448979591836735,8,3,44,33,32,23,22,15,24
691,5,2.859577672618102,0.23979591836734693,0.23979591836734693,8,18,11,35,29,19,47,15,22
692,2,2.66751612010017,0.336734693877551,0.20408163265306123,8,18,21,40,16,9,17,9,66
693,4,2.7005704685625367,0.30612244897959184,0.30612244897959184,8,35,19,13,22,60,10,6,31
694,2,2.8249412336050077,0.2653061224489796,0.14795918367346939,8,16,34,29,21,16,18,10,52
695,0,2.6631515200351332,0.32142857142857145,0.20918367346938777,8,41,12,22,27,63,12,10,9
696,1,2.351565026546492,0.4387755102040816,0.22959183673469388,8,4,45,86,9,13,19,10,10
697,7,2.3288080649524723,0.44387755102040816,0.44387755102040816,8,7,4,1,30,22,20,25,87
698,0,2.5277862065414207,0.42857142857142855,0.42857142857142855,8,84,18,22,10,8,10,24,20
699,0,2.9086444129661095,0.21428571428571427,0.16326530612244897,8,32,42,13,18,19,18,25,29
700,3,2.6764729050396077,0.23979591836734693,0.23979591836734693,8,7,5,46,47,22,9,33,27
701,1,2.6933766503211265,0.2653061224489796,0.2653061224489796,8,13,52,16,5,14,15,41,40
702,6,2.968605926535292,0.15816326530612246,0.12755102040816327,8,31,23,25,29,29,18,25,16
703,1,2.654660774444248,0.3469387755102041,0.3469387755102041,8,19,68,11,17,25,13,7,36
704,0,2.7863748064529696,0.3112244897959184,0.3112244897959184,8,61,12,17,13,19,28,20,26
705,6,2.9510547985300253,0.18877551020408162,0.12755102040816327,8,20,32,16,23,24,19,25,37
706,0,2.800794907346702,0.27040816326530615,0.27040816326530615,8,53,9,23,36,22,11,18,24
707,5,2.9111558069547487,0.18877551020408162,0.18877551020408162,8,32,24,12,30,16,37,29,16
708,7,2.7534436735131678,0.29081632653061223,0.1836734693877551,8,17,57,16,19,10,31,10,36
709,3,2.9296517189456006,0.20918367346938777,0.15816326530612246,8,20,29,17,31,18,22,41,18
710,6,2.8441701258181316,0.20918367346938777,0.14285714285714285,8,35,16,17,6,21,32,28,41
711,3,2.7916477191835467,0.2602040816326531,0.11224489795918367,8,6,36,22,22,29,16,14,51
712,0,2.7665523659693623,0.22959183673469388,0.22959183673469388,8,45,12,20,30,40,32,11,6
713,0,2.63011992050522,0.336734693877551,0.336734693877551,8,66,5,24,30,18,24,25,4
714,0,2.2268601790315365,0.5,0.5,8,98,11,24,14,7,6,3,33
715,7,2.8681333807484335,0.20918367346938777,0.20918367346938777,8,14,18,31,23,9,36,24,41
716,1,2.830366145716865,0.25,0.11224489795918367,8,16,22,27,9,21,15,37,49
717,6,2.7264111231159016,0.25510204081632654,0.12755102040816327,8,20,3,11,17,42,28,25,50
718,6,2.908861386514899,0.20408163265306123,0.14795918367346939,8,20,22,12,35,20,18,29,40
719,1,2.7350069818537133,0.32653061224489793,0.32653061224489793,8,27,64,24,14,19,21,6,21
720,4,2.8793350141667293,0.1836734693877551,0.1836734693877551,8,36,19,18,18,36,28,8,33
721,6,2.7065448579215055,0.30612244897959184,0.1836734693877551,8,9,23,11,28,21,8,36,60
722,0,2.7611655358234595,0.32142857142857145,0.32142857142857145,8,63,8,19,22,27,17,16,24
723,6,2.808397314685275,0.2755102040816326,0.11734693877551021,8,22,12,17,9,29,30,23,54
724,5,2.7717475781683047,0.23979591836734693,0.11734693877551021,8,47,23,15,7,44,23,27,10
725,0,2.826355359532823,0.23979591836734693,0.23979591836734693,8,47,15,16,22,11,30,40,15
726,3,2.9050606594189046,0.19387755102040816,0.11734693877551021,8,21,38,24,23,28,29,7,26
727,4,2.755669717122653,0.32653061224489793,0.32653061224489793,8,27,22,19,15,64,9,16,24
728,3,2.7722881692773753,0.2602040816326531,0.2602040816326531,8,33,11,14,51,22,6,27,32
729,5,2.844152542448035,0.21428571428571427,0.21428571428571427,8,30,27,17,9,13,42,19,39
730,7,2.7765720058465644,0.24489795918367346,0.14795918367346939,8,11,47,16,15,48,13,17,29
731,7,2.7438795297947802,0.2602040816326531,0.2602040816326531,8,7,35,21,39,19,9,15,51
732,3,2.8079929887581834,0.30612244897959184,0.30612244897959184,8,20,21,24,60,17,10,21,23
733,1,2.7579047684346847,0.25510204081632654,0.25510204081632654,8,5,50,11,23,30,28,13,36
734,5,2.83632089749418,0.28061224489795916,0.11734693877551021,8,9,19,19,55,27,23,22,22
735,3,2.808781493599319,0.17857142857142858,0.17346938775510204,8,10,28,30,34,25,3,35,31
736,0,2.727304447156877,0.28061224489795916,0.28061224489795916,8,55,9,21,17,16,24,9,45
737,1,2.778403540958813,0.27040816326530615,0.09183673469387756,8,31,18,15,37,8,53,13,21
738,6,2.824258328971583,0.24489795918367346,0.24489795918367346,8,22,19,16,18,8,40,48,25
739,1,2.033519747402279,0.5153061224489796,0.5153061224489796,8,1,101,34,12,18,1,2,27
740,7,2.799541894662893,0.27040816326530615,0.27040816326530615,8,14,11,19,36,29,12,22,53
741,7,2.8200139939443685,0.2653061224489796,0.2653061224489796,8,11,18,14,32,14,24,31,52
742,1,2.9420827488347356,0.17857142857142858,0.15816326530612246,8,19,31,21,14,20,24,32,35
743,1,2.8811476246139764,0.20408163265306123,0.17857142857142858,8,14,35,22,19,40,12,19,35
744,6,2.8873046995125047,0.20918367346938777,0.1683673469387755,8,41,11,21,29,26,12,33,23
745,4,2.8756037519173963,0.18877551020408162,0.1836734693877551,8,37,7,20,26,36,15,26,29
746,0,2.49751086190252,0.3979591836734694,0.3979591836734694,8,78,22,6,12,15,20,5,38
747,3,2.938258884546289,0.18877551020408162,0.11224489795918367,8,19,37,37,22,22,18,18,23
748,6,2.8058745019572857,0.2193877551020408,0.21428571428571427,8,25,7,29,11,23,16,42,43
749,7,2.3382767830899667,0.46938775510204084,0.46938775510204084,8,15,8,5,17,33,5,21,92
750,7,2.580127484944298,0.3520408163265306,0.3520408163265306,8,5,27,39,22,13,14,7,69
751,0,2.796354414114959,0.2193877551020408,0.20408163265306123,8,40,10,12,21,38,21,11,43
752,2,2.864662085708402,0.23979591836734693,0.15816326530612246,8,27,23,31,15,9,25,19,47
753,1,2.8118398055418874,0.2602040816326531,0.2602040816326531,8,21,51,26,17,19,8,16,38
754,3,2.7145767255656184,0.24489795918367346,0.16326530612244897,8,34,14,25,32,33,4,6,48
755,0,2.6950438115833957,0.25,0.2193877551020408,8,43,49,26,34,10,7,6,21
756,7,2.710358265913879,0.336734693877551,0.336734693877551,8,28,7,25,15,22,12,21,66
757,3,2.9100957781100867,0.19387755102040816,0.1326530612244898,8,24,28,9,26,32,18,21,38
758,6,2.753156014454299,0.29591836734693877,0.14285714285714285,8,58,6,10,26,28,19,28,21
759,5,2.936418195234038,0.20408163265306123,0.12755102040816327,8,40,18,24,15,28,25,28,18
760,1,2.7792351276139344,0.25,0.25,8,14,49,24,5,19,40,17,28
761,4,2.9669489942860405,0.17857142857142858,0.1326530612244898,8,24,35,18,19,26,20,25,29
762,2,2.8576164696814654,0.22959183673469388,0.22959183673469388,8,22,32,45,8,32,15,20,22
763,6,2.84294806225185,0.20918367346938777,0.20918367346938777,8,33,5,21,35,21,23,41,17
764,1,2.7938491584902163,0.2755102040816326,0.2755102040816326,8,8,54,37,24,14,22,20,17
765,1,2.9471489582876544,0.18877551020408162,0.18877551020408162,8,17,37,20,26,28,18,19,31
766,5,2.563778667333472,0.30612244897959184,0.25,8,17,33,14,10,3,49,10,60
767,0,2.2895458565351277,0.39285714285714285,0.39285714285714285,8,77,19,6,17,59,7,3,8
768,1,2.895451917184745,0.20408163265306123,0.19387755102040816,8,16,38,20,17,40,13,24,28
769,1,2.763208135639564,0.20408163265306123,0.20408163265306123,8,35,40,7,24,32,12,7,39
770,7,2.7998122131190706,0.21428571428571427,0.21428571428571427,8,12,22,19,6,19,35,41,42
771,0,2.7741565582046697,0.24489795918367346,0.24489795918367346,8,48,29,12,29,14,11,11,42
772,3,2.7302646105769934,0.3112244897959184,0.3112244897959184,8,14,14,11,61,13,30,17,36
773,5,2.545650801675465,0.27040816326530615,0.27040816326530615,8,30,49,4,20,31,53,5,4
774,5,2.8407283529445877,0.18877551020408162,0.18877551020408162,8,6,36,36,14,28,37,18,21
775,2,2.450151672314832,0.3163265306122449,0.20918367346938777,8,1,45,41,9,11,22,5,62
776,0,2.932232561960679,0.20918367346938777,0.14285714285714285,8,28,21,20,21,41,25,13,27
777,0,2.653421884911684,0.2755102040816326,0.23979591836734693,8,47,10,15,25,28,54,3,14
778,6,2.7386608304919835,0.25,0.25,8,12,6,22,21,12,46,49,28
779,7,2.812025642243531,0.2857142857142857,0.2857142857142857,8,24,20,31,25,15,14,11,56
780,1,2.772807514023092,0.17857142857142858,0.1683673469387755,8,35,33,33,31,8,25,2,29
781,0,2.8113591765670645,0.3010204081632653,0.3010204081632653,8,59,23,17,25,10,18,24,20
782,7,2.5975870556851186,0.30612244897959184,0.2602040816326531,8,60,6,13,7,16,27,16,51
783,7,2.759845848533928,0.28061224489795916,0.14795918367346939,8,11,24,26,55,14,6,31,29
784,7,2.8480436142257597,0.2653061224489796,0.2653061224489796,8,17,14,19,15,22,22,35,52
785,0,2.7833508490829706,0.25510204081632654,0.1989795918367347,8,39,34,11,14,16,50,21,11
786,4,2.8181944165302735,0.21428571428571427,0.18877551020408162,8,8,14,12,21,37,36,42,26
787,3,2.8858980908434066,0.19387755102040816,0.17857142857142858,8,21,18,9,35,34,23,18,38
788,3,2.736175973629878,0.29081632653061223,0.12755102040816327,8,5,32,9,25,18,27,23,57
789,2,2.859431289007549,0.25510204081632654,0.25510204081632654,8,14,20,50,28,17,12,28,27
790,3,2.9426538818995387,0.1836734693877551,0.14795918367346939,8,19,17,20,29,36,16,30,29
791,6,2.674938077701609,0.32142857142857145,0.14795918367346939,8,8,13,28,5,23,27,29,63
792,4,2.652227821223005,0.3520408163265306,0.11734693877551021,8,13,7,18,22,23,34,10,69
793,3,2.9199449734653022,0.20408163265306123,0.20408163265306123,8,15,19,19,40,23,23,20,37
794,7,2.827714324329705,0.24489795918367346,0.24489795918367346,8,20,10,34,10,18,29,27,48
795,0,2.805703377065312,0.28061224489795916,0.28061224489795916,8,55,25,14,8,19,32,23,20
796,5,2.698741387116067,0.29591836734693877,0.1377551020408163,8,58,19,17,8,42,27,7,18
797,1,2.838100863856424,0.23979591836734693,0.1683673469387755,8,8,33,28,20,47,12,27,21
798,7,2.678982188845069,0.22448979591836735,0.17346938775510204,8,26,3,11,44,30,42,6,34
799,3,2.8355576572025765,0.2193877551020408,0.2193877551020408,8,34,18,7,43,36,16,17,25
800,1,2.795887107802363,0.23469387755102042,0.08163265306122448,8,9,16,40,14,12,26,33,46
801,3,2.9377355865716472,0.17346938775510204,0.1326530612244898,8,26,12,33,26,17,22,26,34
802,1,2.7297748091730716,0.30612244897959184,0.30612244897959184,8,13,60,22,8,38,14,16,25
803,5,2.6352878587622266,0.35714285714285715,0.17857142857142858,8,18,9,13,26,17,35,8,70
804,5,2.922264859177759,0.19387755102040816,0.15306122448979592,8,38,25,22,24,26,30,9,22
805,2,2.722574259963081,0.23469387755102042,0.23469387755102042,8,42,2,46,20,36,16,20,14
806,3,2.6863408400587554,0.3112244897959184,0.3112244897959184,8,41,21,18,61,20,14,17,4
807,7,2.819227545227757,0.2193877551020408,0.17346938775510204,8,43,8,16,17,12,31,35,34
808,7,2.6760596672797714,0.23469387755102042,0.23469387755102042,8,2,41,34,21,32,12,8,46
809,7,2.740861890169778,0.23979591836734693,0.11224489795918367,8,38,5,10,17,47,40,17,22
810,4,2.645171442313531,0.336734693877551,0.336734693877551,8,23,7,39,12,66,11,25,13
811,1,2.795015717037753,0.2193877551020408,0.17346938775510204,8,23,34,11,27,9,10,39,43
812,6,2.7783502111975817,0.2857142857142857,0.14285714285714285,8,15,20,36,10,56,19,28,12
813,5,2.7854159779132814,0.23469387755102042,0.23469387755102042,8,12,16,17,13,13,46,44,35
814,2,2.785304987636383,0.23979591836734693,0.23979591836734693,8,5,27,47,25,37,27,18,10
815,2,2.5276247607717552,0.29081632653061223,0.29081632653061223,8,1,56,57,22,10,17,9,24
816,4,2.9155989150932733,0.1836734693877551,0.17857142857142858,8,23,27,36,18,35,16,29,12
817,5,2.860655113879198,0.22959183673469388,0.1326530612244898,8,20,21,45,13,17,26,14,40
818,1,2.7401477607873383,0.2653061224489796,0.22448979591836735,8,12,44,31,21,52,14,13,9
819,5,2.9126507962105457,0.21428571428571427,0.1326530612244898,8,24,33,19,22,42,26,13,17
820,6,2.85780832944336,0.2193877551020408,0.2193877551020408,8,30,26,12,18,38,16,43,13
821,0,2.777196510900218,0.23979591836734693,0.23979591836734693,8,47,14,21,21,27,24,3,39
822,7,2.4181257185640668,0.3826530612244898,0.3826530612244898,8,16,52,15,8,3,18,9,75
823,7,2.8335376946711177,0.2193877551020408,0.2193877551020408,8,34,5,25,32,23,16,18,43
824,4,2.779922926812595,0.2602040816326531,0.2602040816326531,8,13,32,25,33,51,6,13,23
825,1,2.919238742373608,0.1683673469387755,0.12244897959183673,8,26,24,33,31,28,16,9,29
826,0,2.6979310938038408,0.3112244897959184,0.3112244897959184,8,61,9,21,23,9,9,31,33
827,0,2.9058466719996545,0.20918367346938777,0.20918367346938777,8,41,15,24,31,13,32,19,21
828,0,2.8333543759522604,0.22959183673469388,0.17346938775510204,8,34,26,7,19,33,45,16,16
829,2,2.916253901907333,0.1989795918367347,0.14285714285714285,8,33,28,28,20,17,18,13,39
830,6,2.859870414949456,0.2193877551020408,0.11224489795918367,8,10,34,16,14,23,43,22,34
831,5,2.868214096741643,0.2193877551020408,0.14795918367346939,8,32,43,7,26,17,29,23,19
832,7,2.839411393230716,0.2193877551020408,0.2193877551020408,8,11,30,16,33,34,19,10,43
833,4,2.848786590099084,0.20408163265306123,0.20408163265306123,8,5,30,33,24,40,29,15,20
834,0,2.8077636956040974,0.25510204081632654,0.25510204081632654,8,50,10,10,21,21,26,19,39
835,1,2.8466887089835167,0.21428571428571427,0.1836734693877551,8,18,36,26,18,42,9,13,34
836,2,2.824291840745631,0.24489795918367346,0.17857142857142858,8,34,48,35,17,15,21,17,9
837,2,2.6775896906612173,0.37244897959183676,0.37244897959183676,8,21,13,73,28,17,18,14,12
838,3,2.9190959215304075,0.17857142857142858,0.17857142857142858,8,29,21,30,35,30,19,9,23
839,3,2.8955870477376062,0.21428571428571427,0.15816326530612246,8,42,34,23,31,13,19,18,16
840,3,2.724778748342355,0.3010204081632653,0.1836734693877551,8,9,30,18,36,59,20,16,8
841,0,2.881371365743324,0.23979591836734693,0.23979591836734693,8,47,28,14,15,18,18,32,24
842,1,2.9218141578188463,0.20918367346938777,0.11734693877551021,8,23,23,20,13,41,20,34,22
843,7,2.8888919419040047,0.18877551020408162,0.18877551020408162,8,14,27,26,9,25,21,37,37
844,6,2.8092310263537215,0.23979591836734693,0.23979591836734693,8,38,14,13,17,31,27,47,9
845,3,2.802746370869938,0.24489795918367346,0.24489795918367346,8,27,7,20,48,42,18,16,18
846,7,2.5998579722236395,0.37755102040816324,0.37755102040816324,8,40,15,16,14,10,13,14,74
847,6,2.9025767524991757,0.21428571428571427,0.10714285714285714,8,42,18,14,23,15,29,21,34
848,2,2.8131288193002595,0.2602040816326531,0.15816326530612246,8,51,7,31,16,32,17,24,18
849,2,2.907433484418381,0.18877551020408162,0.18877551020408162,8,33,17,37,25,35,17,13,19
850,0,2.778931038211427,0.2857142857142857,0.2857142857142857,8,56,23,18,6,33,15,19,26
851,2,2.772599855210242,0.2755102040816326,0.2755102040816326,8,26,4,54,24,16,16,24,32
852,5,2.8349731166064345,0.22959183673469388,0.22959183673469388,8,13,9,20,16,24,45,36,33
853,1,2.5945986248571096,0.3520408163265306,0.3520408163265306,8,3,69,15,29,34,9,15,22
854,7,2.581260343805365,0.3163265306122449,0.1989795918367347,8,1,18,22,62,22,5,27,39
855,1,2.7224709655045842,0.28061224489795916,0.28061224489795916,8,5,55,15,12,25,18,42,24
856,4,2.8092119627376846,0.29081632653061223,0.29081632653061223,8,26,11,20,13,57,26,27,16
857,3,2.9189548697141268,0.18877551020408162,0.1836734693877551,8,19,23,16,36,21,14,30,37
858,2,2.590813866539402,0.3163265306122449,0.2653061224489796,8,16,23,52,9,6,16,12,62
859,3,2.859539584489415,0.20408163265306123,0.1836734693877551,8,8,18,28,36,30,23,13,40
860,7,2.23749419910723,0.5357142857142857,0.5357142857142857,8,11,25,9,12,7,18,9,105
861,1,2.789173242414767,0.22448979591836735,0.11734693877551021,8,1,23,22,31,31,23,21,44
862,1,2.8454688480063117,0.2653061224489796,0.1377551020408163,8,25,27,16,18,10,29,19,52
863,3,2.619301917818061,0.3520408163265306,0.3520408163265306,8,29,12,37,69,7,17,10,15
864,0,2.7547597701982562,0.2857142857142857,0.21428571428571427,8,42,11,10,20,20,56,22,15
865,6,2.809295127692172,0.2193877551020408,0.2193877551020408,8,16,32,27,27,14,33,43,4
866,1,2.7648514041818797,0.22448979591836735,0.14795918367346939,8,11,29,42,27,44,7,9,27
867,7,2.8638216296415733,0.24489795918367346,0.24489795918367346,8,30,14,16,13,20,23,32,48
868,7,2.7699217950841906,0.20408163265306123,0.19387755102040816,8,27,7,12,8,40,25,39,38
869,7,2.8930823988113876,0.22448979591836735,0.22448979591836735,8,24,15,17,29,13,32,22,44
870,3,2.8283129967011873,0.21428571428571427,0.15306122448979592,8,24,41,23,30,15,13,8,42
871,6,2.8058700216403403,0.23979591836734693,0.23979591836734693,8,42,8,21,21,28,14,47,15
872,3,2.9711546535248816,0.15306122448979592,0.15306122448979592,8,28,15,25,30,25,26,28,19
873,3,2.876877339738745,0.23469387755102042,0.1836734693877551,8,46,12,23,36,17,25,18,19
874,3,2.841781349004876,0.18877551020408162,0.18877551020408162,8,36,9,18,37,37,15,13,31
875,2,2.9261986219201113,0.17857142857142858,0.15816326530612246,8,32,21,31,10,22,24,21,35
876,5,2.7575696908266534,0.22959183673469388,0.20918367346938777,8,33,7,25,24,7,41,14,45
877,2,2.80472650141023,0.22448979591836735,0.17346938775510204,8,8,27,34,10,18,17,44,38
878,6,2.7898716216360517,0.20918367346938777,0.20918367346938777,8,21,33,31,24,13,2,41,31
879,6,2.6643738220590314,0.3010204081632653,0.14285714285714285,8,59,5,18,17,23,40,28,6
880,4,2.232338055917687,0.5204081632653061,0.5204081632653061,8,6,3,12,28,102,18,14,13
881,7,2.5005852030373044,0.3979591836734694,0.3979591836734694,8,16,22,9,3,9,28,31,78
882,6,2.7663965253588287,0.25,0.08163265306122448,8,49,17,14,21,23,8,16,48
883,1,2.938261899531098,0.17346938775510204,0.17346938775510204,8,15,34,20,31,30,25,27,14
884,4,2.8546291594347104,0.24489795918367346,0.24489795918367346,8,24,25,30,28,48,19,12,10
885,0,2.650561767786858,0.3673469387755102,0.3673469387755102,8,72,22,11,22,5,23,19,22
886,6,2.651151777126831,0.3112244897959184,0.25,8,6,15,16,61,18,14,49,17
887,2,2.857675119585366,0.21428571428571427,0.19387755102040816,8,9,23,38,15,42,21,17,31
888,7,2.542348773776609,0.4030612244897959,0.4030612244897959,8,23,2,15,21,12,21,23,79
889,4,2.9276414182256367,0.1836734693877551,0.1836734693877551,8,27,33,24,13,36,14,26,23
890,7,2.774197428837817,0.2857142857142857,0.09693877551020408,8,19,41,10,14,56,17,20,19
891,7,2.8061127303608218,0.27040816326530615,0.27040816326530615,8,11,12,24,15,18,28,35,53
892,7,2.6752678676363733,0.2755102040816326,0.2653061224489796,8,23,7,13,17,10,54,20,52
893,7,2.8874579226304706,0.1989795918367347,0.1989795918367347,8,27,25,17,12,12,29,35,39
894,2,2.890888107760682,0.23469387755102042,0.11734693877551021,8,20,28,23,16,11,28,46,24
895,0,2.8109576091438813,0.22448979591836735,0.15816326530612246,8,31,11,18,8,38,30,44,16
896,3,2.6010648452132648,0.3112244897959184,0.3112244897959184,8,15,2,42,61,8,31,21,16
897,6,2.8807495873426765,0.18877551020408162,0.18877551020408162,8,15,13,27,37,28,28,37,11
898,2,2.8396203218537135,0.25510204081632654,0.05102040816326531,8,20,16,10,27,27,50,14,32
899,1,2.8698401555054778,0.22448979591836735,0.22448979591836735,8,7,44,22,22,22,21,23,35
900,4,2.5696091004337602,0.23979591836734693,0.1989795918367347,8,31,1,8,5,39,47,21,44
901,6,2.830875665883223,0.22448979591836735,0.22448979591836735,8,18,14,15,26,31,9,44,39
902,0,2.696199664897943,0.2602040816326531,0.1836734693877551,8,36,35,12,24,51,4,7,27
903,5,2.7606498566996214,0.2857142857142857,0.2857142857142857,8,10,21,33,28,11,56,10,27
904,0,2.8202447392194054,0.17857142857142858,0.17857142857142858,8,35,4,35,22,33,11,32,24
905,5,2.402313308353448,0.3826530612244898,0.3826530612244898,8,43,10,10,11,9,75,2,36
906,0,2.8387526438539084,0.25510204081632654,0.25510204081632654,8,50,10,17,19,38,22,19,21
907,7,2.881656557988415,0.21428571428571427,0.21428571428571427,8,32,27,14,32,22,13,14,42
908,7,2.6421051633867014,0.33163265306122447,0.33163265306122447,8,11,10,20,14,18,12,46,65
909,3,2.8716020176736006,0.1989795918367347,0.15306122448979592,8,39,30,18,30,15,26,7,31
910,1,2.895801573749635,0.18877551020408162,0.16326530612244897,8,32,32,10,23,19,37,14,29
911,3,2.601290370060143,0.2857142857142857,0.2857142857142857,8,5,35,20,56,10,26,3,41
912,3,2.808490302776027,0.21428571428571427,0.21428571428571427,8,15,39,13,42,16,9,39,23
913,6,2.7712829771383434,0.3112244897959184,0.3112244897959184,8,16,10,12,20,28,26,61,23
914,6,2.585064120871465,0.33163265306122447,0.061224489795918366,8,65,8,11,44,33,8,12,15
915,1,2.7310899335339878,0.29591836734693877,0.29591836734693877,8,34,58,20,14,15,9,11,35
916,7,2.875612027790853,0.19387755102040816,0.18877551020408162,8,17,17,23,38,25,31,8,37
917,6,2.885722724967027,0.17857142857142858,0.12755102040816327,8,19,25,5,31,29,35,25,27
918,4,2.7211505324593173,0.22959183673469388,0.22959183673469388,8,3,27,20,23,45,40,32,6
919,7,2.7554734550093296,0.24489795918367346,0.19387755102040816,8,31,28,23,11,12,48,5,38
920,2,2.4726597856790935,0.33163265306122447,0.33163265306122447,8,8,11,65,59,16,21,4,12
921,5,2.7678127467796525,0.30612244897959184,0.30612244897959184,8,9,33,18,19,16,60,15,26
922,0,2.8281231572572922,0.2602040816326531,0.2602040816326531,8,51,19,27,36,14,14,23,12
923,0,2.8647300606068695,0.22959183673469388,0.1989795918367347,8,39,16,22,17,45,23,23,11
924,7,2.8750636804310012,0.21428571428571427,0.21428571428571427,8,8,16,28,31,30,18,23,42
925,7,2.787759830884242,0.23979591836734693,0.1989795918367347,8,5,19,33,20,47,18,15,39
926,1,2.8246306857026173,0.23469387755102042,0.14285714285714285,8,42,28,18,14,22,10,16,46
927,0,2.758509596072506,0.22448979591836735,0.15306122448979592,8,30,14,21,44,40,8,33,6
928,7,2.745694581024508,0.23469387755102042,0.23469387755102042,8,14,12,10,29,30,46,9,46
929,7,2.788839603253405,0.19387755102040816,0.19387755102040816,8,37,33,32,22,6,22,6,38
930,6,2.5413378835851606,0.2857142857142857,0.2857142857142857,8,3,40,18,10,27,2,56,40
931,3,2.750764581997375,0.24489795918367346,0.22959183673469388,8,8,18,48,45,13,33,11,20
932,6,2.825506112933442,0.24489795918367346,0.24489795918367346,8,19,15,31,22,17,36,48,8
933,7,2.73413557562414,0.32142857142857145,0.32142857142857145,8,7,13,18,22,32,18,23,63
934,4,2.7728294360885952,0.30612244897959184,0.18877551020408162,8,17,20,14,19,37,14,15,60
935,5,2.496871219549814,0.3163265306122449,0.29081632653061223,8,8,22,5,11,24,57,7,62
936,2,2.7667058138997715,0.3010204081632653,0.3010204081632653,8,34,13,59,27,20,10,19,14
937,1,2.7230187707125495,0.25510204081632654,0.25510204081632654,8,8,50,19,17,46,14,33,9
938,5,2.4068079318753517,0.4489795918367347,0.4489795918367347,8,20,5,15,5,33,88,13,17
939,5,2.9017934417072384,0.18877551020408162,0.17346938775510204,8,19,10,32,24,24,34,16,37
940,0,2.7622843896022617,0.29081632653061223,0.29081632653061223,8,57,11,29,25,22,30,7,15
941,5,2.569637713672182,0.3622448979591837,0.22448979591836735,8,71,20,19,7,11,44,15,9
942,4,2.8010951272906315,0.24489795918367346,0.18877551020408162,8,5,22,23,48,37,16,16,29
943,5,2.8194340311568755,0.24489795918367346,0.22448979591836735,8,19,20,17,10,21,44,17,48
944,2,2.8284656284536425,0.21428571428571427,0.11224489795918367,8,18,42,22,13,39,22,33,7
945,2,2.8562043087573494,0.19387755102040816,0.11224489795918367,8,11,21,22,38,35,37,9,23
946,5,2.540297192520941,0.3979591836734694,0.07142857142857142,8,21,2,11,21,27,14,22,78
947,1,2.9047794314429725,0.23469387755102042,0.1377551020408163,8,14,27,27,21,26,18,17,46
948,6,2.913390634899674,0.21428571428571427,0.1326530612244898,8,15,29,18,29,14,23,26,42
949,0,2.613541881951896,0.30612244897959184,0.30612244897959184,8,60,7,11,17,43,5,19,34
950,4,2.609322877934096,0.34183673469387754,0.12244897959183673,8,7,35,67,14,24,6,12,31
951,5,2.8421062537020423,0.22959183673469388,0.08673469387755102,8,12,45,27,20,24,17,11,40
952,0,2.7683271784820143,0.21428571428571427,0.21428571428571427,8,42,19,30,24,3,28,10,40
953,6,2.7755250143919437,0.3010204081632653,0.1683673469387755,8,9,59,20,19,18,25,33,13
954,7,2.4422604092408364,0.37244897959183676,0.37244897959183676,8,7,48,22,13,16,16,1,73
955,5,2.653560405874649,0.2755102040816326,0.11734693877551021,8,7,25,13,8,52,23,54,14
956,5,2.8693429212393022,0.22959183673469388,0.22959183673469388,8,16,13,16,23,17,45,36,30
957,7,2.8895762457562633,0.20408163265306123,0.15306122448979592,8,11,19,35,26,21,40,14,30
958,6,2.5985550650088416,0.2857142857142857,0.2602040816326531,8,56,33,20,13,7,8,51,8
959,6,2.8259414207385856,0.25,0.21428571428571427,8,19,23,20,17,12,14,42,49
960,7,2.7181775277831055,0.34183673469387754,0.34183673469387754,8,14,28,11,21,15,13,27,67
961,6,2.653784766086726,0.29591836734693877,0.29591836734693877,8,36,3,22,23,34,11,58,9
962,0,2.7614564981500176,0.25510204081632654,0.25510204081632654,8,50,10,17,34,29,34,16,6
963,7,2.7991824457630936,0.19387755102040816,0.19387755102040816,8,2,30,17,23,18,30,38,38
964,3,2.8410283298964663,0.28061224489795916,0.12755102040816327,8,55,13,18,25,25,13,25,22
965,7,2.937990434437973,0.20408163265306123,0.20408163265306123,8,24,22,19,15,19,27,30,40
966,0,2.6912493396595307,0.2602040816326531,0.1683673469387755,8,33,7,37,31,12,21,4,51
967,4,2.860551039683983,0.21428571428571427,0.20918367346938777,8,19,22,22,42,41,23,19,8
968,3,2.683683185809323,0.3010204081632653,0.24489795918367346,8,19,18,59,48,16,14,7,15
969,3,2.8606435423719514,0.20918367346938777,0.15306122448979592,8,33,10,9,30,41,27,21,25
970,0,2.782487502687347,0.3010204081632653,0.3010204081632653,8,59,10,14,21,22,17,19,34
971,1,2.6025136237501467,0.3622448979591837,0.20408163265306123,8,12,40,15,8,10,16,24,71
972,7,2.4325404813899176,0.4336734693877551,0.4336734693877551,8,15,31,3,7,26,16,13,85
973,2,2.7118327938936724,0.33163265306122447,0.33163265306122447,8,13,14,65,15,13,37,24,15
974,6,2.626979964362926,0.39285714285714285,0.07142857142857142,8,13,22,18,20,8,24,14,77
975,2,2.5844745607061346,0.2602040816326531,0.20918367346938777,8,2,8,41,36,13,37,8,51
976,1,2.8128828823677803,0.2653061224489796,0.18877551020408162,8,52,37,27,17,22,10,17,14
977,7,2.5877860809060067,0.4030612244897959,0.4030612244897959,8,9,19,10,16,22,13,28,79
978,0,2.705100966691039,0.32142857142857145,0.32142857142857145,8,63,19,16,17,7,12,25,37
979,0,2.2781012889404764,0.44387755102040816,0.44387755102040816,8,87,6,8,11,16,16,49,3
980,2,2.7132139431108366,0.3520408163265306,0.14795918367346939,8,16,21,29,69,13,17,11,20
981,6,2.909150526042734,0.22448979591836735,0.10714285714285714,8,44,29,20,13,29,23,21,17
982,5,2.7588136657511724,0.23469387755102042,0.23469387755102042,8,29,11,26,7,46,46,14,17
983,4,2.7470237067196948,0.33163265306122447,0.33163265306122447,8,30,21,12,16,65,16,13,23
984,2,2.608240082127849,0.2653061224489796,0.2602040816326531,8,17,52,51,37,7,5,16,11
985,6,2.900350130709636,0.18877551020408162,0.09183673469387756,8,20,37,29,27,8,33,18,24
986,2,2.3077892718723296,0.39285714285714285,0.2755102040816326,7,0,10,54,17,77,11,7,20
987,0,2.6255498445065166,0.3163265306122449,0.3163265306122449,8,62,7,8,24,38,17,33,7
988,3,2.581721550849421,0.3112244897959184,0.04081632653061224,8,44,15,13,8,61,17,35,3
989,5,2.7719898311320827,0.2653061224489796,0.10714285714285714,8,52,8,19,10,41,21,26,19
990,6,2.8813248675880807,0.20918367346938777,0.17346938775510204,8,21,22,16,41,8,27,34,27
991,7,2.7623923638278853,0.2857142857142857,0.2857142857142857,8,24,22,39,12,18,8,17,56
992,7,2.6887682940581894,0.2755102040816326,0.2755102040816326,8,8,51,26,15,17,12,13,54
993,7,2.6691953330078535,0.3010204081632653,0.3010204081632653,8,21,18,18,9,49,10,12,59
994,5,2.68498866089804,0.29081632653061223,0.08673469387755102,8,57,7,31,6,40,17,23,15
995,5,2.7363752026954655,0.27040816326530615,0.23469387755102042,8,20,21,22,11,53,46,7,16
996,7,2.5794518497158347,0.3673469387755102,0.3673469387755102,8,32,13,10,11,31,22,5,72
997,0,2.8650287943293433,0.22448979591836735,0.22448979591836735,8,44,13,18,9,28,26,26,32
998,5,2.7508868113952616,0.29591836734693877,0.29591836734693877,8,20,7,28,33,10,58,18,22
999,7,2.8331615440896645,0.25510204081632654,0.25510204081632654,8,17,28,14,8,29,28,22,50
