fraction,condition,seed,top1_accuracy,mean_margin,median_margin,margin_damage,corr_to_incorr,incorr_to_corr
0.25,CENTROID,,0.745,3.018157958984375,3.3659892082214355,0.1741175800561905,31,15
0.25,COORDINATE_PERMUTED_CENTROID,23001.0,0.744,2.863419532775879,3.1100893020629883,0.3288561701774597,37,20
0.25,COORDINATE_PERMUTED_CENTROID,23002.0,0.748,2.8649539947509766,3.0647530555725098,0.32732170820236206,35,22
0.25,COORDINATE_PERMUTED_CENTROID,23003.0,0.721,2.4393036365509033,2.519019365310669,0.7529718279838562,62,22
0.25,SIGN_FLIPPED_CENTROID,,0.712,2.2998759746551514,2.169235944747925,0.8923996686935425,81,32
0.5,CENTROID,,0.732,2.7480931282043457,2.955307722091675,0.444182425737381,49,20
0.5,COORDINATE_PERMUTED_CENTROID,23001.0,0.698,2.0412285327911377,2.0171566009521484,1.1510469913482666,86,23
0.5,COORDINATE_PERMUTED_CENTROID,23002.0,0.672,1.8784081935882568,1.8982548713684082,1.313867449760437,113,24
0.5,COORDINATE_PERMUTED_CENTROID,23003.0,0.632,1.2065846920013428,1.167638897895813,1.985690951347351,144,15
0.5,SIGN_FLIPPED_CENTROID,,0.675,1.9033724069595337,1.594535231590271,1.2889031171798706,113,27
0.75,CENTROID,,0.654,1.7335954904556274,1.5330677032470703,1.4586799144744873,128,21
0.75,COORDINATE_PERMUTED_CENTROID,23001.0,0.449,-0.04071994125843048,-0.29533159732818604,3.2329955101013184,330,18
0.75,COORDINATE_PERMUTED_CENTROID,23002.0,0.394,-0.6554423570632935,-0.7894492149353027,3.847717761993408,382,15
0.75,COORDINATE_PERMUTED_CENTROID,23003.0,0.296,-1.1063023805618286,-1.2769871950149536,4.298578262329102,472,7
0.75,SIGN_FLIPPED_CENTROID,,0.279,-0.7921961545944214,-1.2398473024368286,3.984471321105957,496,14
