model,depth,fraction,condition,seed,margin_vs_zero,cohens_dz,ci_lower,ci_upper,p_value,acc_diff,mcnemar_p
deit_tiny_patch16_224,5,10%,gaussian,9401,0.05695500016212463,0.1413803487999556,0.03218323106169701,0.0828803839445114,8.683365015406638e-06,0.010000000000000009,0.08715855330228806
deit_tiny_patch16_224,5,10%,gaussian,9402,0.04789771604537964,0.11689143170601755,0.02256746956110001,0.07395744258761405,0.00023053736795074345,0.010000000000000009,0.11018416518345475
deit_tiny_patch16_224,5,10%,gaussian,9403,0.050149661779403686,0.11841879083516636,0.02468668872714043,0.07683217076063156,0.00019090600520351578,0.0030000000000000027,0.7011080384254456
deit_tiny_patch16_224,5,10%,gaussian,9404,0.05576372528076172,0.13722077070897318,0.030702689915895462,0.0814626014471054,1.5746249462025037e-05,0.0030000000000000027,0.6900379657745361
deit_tiny_patch16_224,5,10%,gaussian,9405,0.057043648481369016,0.13615855510199665,0.031315643358230595,0.08341796256303786,1.8285176134533172e-05,0.0030000000000000027,0.7283324808813632
deit_tiny_patch16_224,5,25%,gaussian,9401,0.169430668592453,0.2119197074450042,0.11951679547429085,0.22017914983630182,3.442023102304807e-11,0.03200000000000003,0.00016604182060301758
deit_tiny_patch16_224,5,25%,gaussian,9402,0.1666944842338562,0.20926859515559282,0.11772951757907871,0.21627073985934256,5.942780885984348e-11,0.040000000000000036,3.3971668169915183e-06
deit_tiny_patch16_224,5,25%,gaussian,9403,0.15557037568092347,0.19447746488929663,0.10561066862344741,0.20644927338957786,1.11959851816163e-09,0.031000000000000028,0.0006393977673643526
deit_tiny_patch16_224,5,25%,gaussian,9404,0.1544766125679016,0.1971746938673666,0.10638495151996613,0.2039326375544071,6.64767807138071e-10,0.03300000000000003,8.768662462846019e-05
deit_tiny_patch16_224,5,25%,gaussian,9405,0.16718197536468507,0.2120454770261055,0.11852953228950501,0.2170336407124996,3.353491851694444e-11,0.03200000000000003,0.0003129786008370502
deit_tiny_patch16_224,5,50%,gaussian,9401,0.4269801964759827,0.3369114020719172,0.34712115564346313,0.5058305061757564,3.533752796170427e-25,0.05600000000000005,5.597619670017202e-06
deit_tiny_patch16_224,5,50%,gaussian,9402,0.4238911507129669,0.32732149321826726,0.3420857188999653,0.5043701175034047,6.382146078695456e-24,0.06600000000000006,5.6110855005037056e-09
deit_tiny_patch16_224,5,50%,gaussian,9403,0.44040850472450255,0.3397834736406873,0.35905724188089366,0.5206689898014069,1.4667341047925358e-25,0.06300000000000006,1.373306355227162e-07
deit_tiny_patch16_224,5,50%,gaussian,9404,0.43641960954666137,0.34343607326110853,0.3572244123876095,0.5147836385130882,4.7539450176468476e-26,0.06600000000000006,1.3004164681088998e-08
deit_tiny_patch16_224,5,50%,gaussian,9405,0.4475320670604706,0.34403896310787335,0.36692231134176256,0.5286120446801186,3.9436914502632675e-26,0.06400000000000006,6.0187717660317e-08
deit_tiny_patch16_224,6,10%,gaussian,9401,0.028217954635620116,0.07363877402768519,0.004947415912151338,0.05125674842000004,0.02007569914567476,0.008000000000000007,0.22948101302608848
deit_tiny_patch16_224,6,10%,gaussian,9402,0.023998473882675172,0.062253711212532654,0.0004427369296550807,0.047544454687833776,0.049271128684683106,0.008000000000000007,0.26818725105476915
deit_tiny_patch16_224,6,10%,gaussian,9403,0.026286805391311646,0.06756415983286816,0.0021742956221103673,0.05010976252555846,0.03287571772610944,0.0010000000000000009,1.0
deit_tiny_patch16_224,6,10%,gaussian,9404,0.02740620255470276,0.07109399960297638,0.003761691009998323,0.05094260782599449,0.024781475208465815,0.01100000000000001,0.09887174959294498
deit_tiny_patch16_224,6,10%,gaussian,9405,0.02475312900543213,0.0644394541183309,0.0012642157077789316,0.04836411291360853,0.041837542233391624,0.006000000000000005,0.39152830513194203
deit_tiny_patch16_224,6,25%,gaussian,9401,0.09050028872489929,0.1338734608184928,0.04936904992461206,0.13126872792243957,2.5134029275985225e-05,0.013000000000000012,0.09191454981585423
deit_tiny_patch16_224,6,25%,gaussian,9402,0.08584257411956787,0.12993984434170994,0.04498452636003495,0.12577691997289658,4.298296599043227e-05,0.009000000000000008,0.27167916606550335
deit_tiny_patch16_224,6,25%,gaussian,9403,0.08395818853378297,0.123948648189918,0.04264671636819841,0.12493296939730644,9.474128536839575e-05,0.01200000000000001,0.12634707581392135
deit_tiny_patch16_224,6,25%,gaussian,9404,0.08129005098342895,0.12100129546145906,0.039961869978904725,0.12160425220131874,0.0001381067979261611,0.019000000000000017,0.012660335802414213
deit_tiny_patch16_224,6,25%,gaussian,9405,0.09683447408676148,0.1464188744992098,0.05660954531431198,0.13712094933986663,4.135278986596449e-06,0.017000000000000015,0.021294114141387155
deit_tiny_patch16_224,6,50%,gaussian,9401,0.17223527336120606,0.17463422231517622,0.11331502835154535,0.23270455594062803,4.2631900825362134e-08,0.025000000000000022,0.015432364507309008
deit_tiny_patch16_224,6,50%,gaussian,9402,0.16961254811286927,0.17141105717648603,0.11008981971740724,0.22881888654828061,7.452009706258675e-08,0.02100000000000002,0.046044066929342695
deit_tiny_patch16_224,6,50%,gaussian,9403,0.1780653281211853,0.18603228786850814,0.1188089293241501,0.2357478256881237,5.496852800956215e-09,0.029000000000000026,0.004640654088434308
deit_tiny_patch16_224,6,50%,gaussian,9404,0.18217977118492126,0.19260501177193082,0.124892832416296,0.2398054931879043,1.6018140993448855e-09,0.029000000000000026,0.0021949089077805926
deit_tiny_patch16_224,6,50%,gaussian,9405,0.19089395594596864,0.19242804023095803,0.13071646009087567,0.25032519694566724,1.6567045678787507e-09,0.02400000000000002,0.017209595585930455
deit_tiny_patch16_224,7,10%,gaussian,9401,0.06791105580329895,0.13268046377869616,0.035648877543210986,0.09999272169470785,2.961961909482346e-05,0.010000000000000009,0.16414940178310644
deit_tiny_patch16_224,7,10%,gaussian,9402,0.06688963055610657,0.13078033567034789,0.035489477485418315,0.09935355749130248,3.83720398612378e-05,0.010000000000000009,0.21160856876151612
deit_tiny_patch16_224,7,10%,gaussian,9403,0.06590494513511658,0.12850105324283373,0.03359690980315209,0.09842626579403876,5.212117736419673e-05,0.0,1.0
deit_tiny_patch16_224,7,10%,gaussian,9404,0.06631392121315002,0.12966656938082177,0.03432342275381088,0.09854787580966949,4.4592294313107464e-05,0.006000000000000005,0.48845566937989204
deit_tiny_patch16_224,7,10%,gaussian,9405,0.06292585349082946,0.12762402800211517,0.03190043439269066,0.09357362819910049,5.856603149233202e-05,0.0020000000000000018,0.8829959121223965
deit_tiny_patch16_224,7,25%,gaussian,9401,0.13245897197723389,0.18796945759934774,0.0894108652472496,0.17720604023337364,3.836987038355405e-09,0.01200000000000001,0.1550019040032606
deit_tiny_patch16_224,7,25%,gaussian,9402,0.13933091688156127,0.19510447596656263,0.09471493890285491,0.1844752403497696,9.92381879473933e-10,0.006000000000000005,0.52577336017565
deit_tiny_patch16_224,7,25%,gaussian,9403,0.13169084215164184,0.18090561093926966,0.0865344399213791,0.17759520626068115,1.400866524385381e-08,0.010000000000000009,0.2678116648465871
deit_tiny_patch16_224,7,25%,gaussian,9404,0.12246625757217407,0.16963922333069156,0.07727199164628983,0.1670834428250789,1.0090170362087428e-07,0.019000000000000017,0.029493493531317295
deit_tiny_patch16_224,7,25%,gaussian,9405,0.12491352415084839,0.17863599748519815,0.08159560868144036,0.16927039756178855,2.104049503510946e-08,0.008000000000000007,0.3408909412200971
deit_tiny_patch16_224,7,50%,gaussian,9401,0.1639578584432602,0.18556683246420766,0.10985807673633098,0.21853528984487056,5.9898266455651096e-09,0.028000000000000025,0.00203114037416273
deit_tiny_patch16_224,7,50%,gaussian,9402,0.15601235926151275,0.17189805046870016,0.10086304969191552,0.21277934752702712,6.853053059092581e-08,0.027000000000000024,0.007313123139453615
deit_tiny_patch16_224,7,50%,gaussian,9403,0.1759888080358505,0.19915334725616707,0.12249791580140593,0.23066754173338413,4.516988199433214e-10,0.03400000000000003,0.0003740220149449216
deit_tiny_patch16_224,7,50%,gaussian,9404,0.18740018808841705,0.2122933388179039,0.1331109011411667,0.24155380201041693,3.185502254705799e-11,0.03500000000000003,0.00015455941078329168
deit_tiny_patch16_224,7,50%,gaussian,9405,0.1768412982225418,0.19565690472131406,0.12116459386646747,0.2323987785726785,8.92079110633682e-10,0.03200000000000003,0.001261386598131299
deit_tiny_patch16_224,8,10%,gaussian,9401,0.5322841265201569,0.41432401412730385,0.454393644964695,0.6109988583862781,2.614624628729792e-36,0.06000000000000005,1.100922308456013e-08
deit_tiny_patch16_224,8,10%,gaussian,9402,0.5299483358860015,0.4139730485677357,0.4518755455285311,0.6087888187080621,2.9620669550893467e-36,0.06000000000000005,2.0883550312393552e-08
deit_tiny_patch16_224,8,10%,gaussian,9403,0.5269613654613495,0.41463746630213566,0.44983943227827555,0.6048499216198922,2.3387754028290736e-36,0.05900000000000005,3.184148874615075e-08
deit_tiny_patch16_224,8,10%,gaussian,9404,0.5277311668395996,0.41090156340723716,0.4491181429207325,0.6058276888430119,8.799024244192852e-36,0.05600000000000005,1.46756912668857e-07
deit_tiny_patch16_224,8,10%,gaussian,9405,0.5172758927345276,0.4023468519612005,0.4390086156278849,0.5960958081036806,1.7714818257248135e-34,0.05400000000000005,4.253744081497799e-07
deit_tiny_patch16_224,8,25%,gaussian,9401,0.6805589036941528,0.4673272816829319,0.5917388119250537,0.7702779112160206,7.640798576916339e-45,0.07700000000000007,3.518691048707083e-11
deit_tiny_patch16_224,8,25%,gaussian,9402,0.6737751314640045,0.46476811924617717,0.5849637776613236,0.7629074978858232,2.0443235253219864e-44,0.07400000000000007,1.865139043673374e-10
deit_tiny_patch16_224,8,25%,gaussian,9403,0.6647896671295166,0.4561756651988815,0.5758325009047985,0.7539310100525618,5.427666950326723e-43,0.07500000000000007,4.1196098160131155e-11
deit_tiny_patch16_224,8,25%,gaussian,9404,0.665086407661438,0.45599451057301643,0.575905395117402,0.7543933535635472,5.813701601593079e-43,0.07500000000000007,5.969502290052047e-11
deit_tiny_patch16_224,8,25%,gaussian,9405,0.6682820060253143,0.4569395970358752,0.5788567160576582,0.7578276404708624,4.061581894550387e-43,0.07800000000000007,4.656868638370482e-12
deit_tiny_patch16_224,8,50%,gaussian,9401,0.636148209810257,0.41891658813047167,0.5413134899914265,0.7289976058125496,5.074928818526024e-37,0.08599999999999997,1.8953053686021684e-12
deit_tiny_patch16_224,8,50%,gaussian,9402,0.6212087564468384,0.4044018571016427,0.5255026301234961,0.7156049399018288,8.647301462642263e-35,0.08399999999999996,3.206401775087398e-12
deit_tiny_patch16_224,8,50%,gaussian,9403,0.638840381860733,0.4183724016715966,0.5455878353923559,0.7320488715320825,6.16705569231985e-37,0.08799999999999997,1.534902435956959e-13
deit_tiny_patch16_224,8,50%,gaussian,9404,0.6390821468830109,0.4151044650123313,0.543640428519249,0.7325977297008037,1.9806203684354913e-36,0.08999999999999997,3.118275628262142e-13
deit_tiny_patch16_224,8,50%,gaussian,9405,0.6451022782325745,0.417868330415915,0.5484346122384072,0.7398301447063683,7.38614910513894e-37,0.09399999999999997,2.1634867033812032e-14
deit_tiny_patch16_224,9,10%,gaussian,9401,0.1377215175628662,0.15675802094900693,0.0830530929684639,0.19242528894543645,8.4011749922411e-07,0.02100000000000002,0.013933875024287785
deit_tiny_patch16_224,9,10%,gaussian,9402,0.13835974907875062,0.15746993878645468,0.08330944736003876,0.1929262438416481,7.501501570107865e-07,0.025000000000000022,0.0030653176696087397
deit_tiny_patch16_224,9,10%,gaussian,9403,0.13648835682868957,0.15702542962040014,0.08196288885474205,0.1908513056218624,8.051667393745477e-07,0.018000000000000016,0.03558272445223169
deit_tiny_patch16_224,9,10%,gaussian,9404,0.1403244252204895,0.15998891891638614,0.08588612917065623,0.1947425866246223,5.006245553066134e-07,0.02100000000000002,0.011141407415305074
deit_tiny_patch16_224,9,10%,gaussian,9405,0.13044565868377686,0.14974424659068958,0.0762248939931393,0.1847097766935825,2.5028309762349933e-06,0.018000000000000016,0.030015864349067285
deit_tiny_patch16_224,9,25%,gaussian,9401,0.37951111125946047,0.33909809325170354,0.30998238359093666,0.4487471896767616,1.8101386337237915e-25,0.03400000000000003,0.0011086208878113386
deit_tiny_patch16_224,9,25%,gaussian,9402,0.36953387689590456,0.3304797357927297,0.3013082577884197,0.4381607001483441,2.4787478118649812e-24,0.039000000000000035,0.00020637467419230582
deit_tiny_patch16_224,9,25%,gaussian,9403,0.36451158905029296,0.32416882156912447,0.29460232024788857,0.4334609990179538,1.628815745347027e-23,0.03700000000000003,0.0003409978012869771
deit_tiny_patch16_224,9,25%,gaussian,9404,0.36406437134742736,0.32200566988070844,0.2944540840506554,0.4342005548536777,3.085028793060796e-23,0.039000000000000035,0.00020637467419230582
deit_tiny_patch16_224,9,25%,gaussian,9405,0.37005620980262754,0.327481624365298,0.3007395893335343,0.44023479242324826,6.084378092383558e-24,0.03600000000000003,0.00040877716742681523
deit_tiny_patch16_224,9,50%,gaussian,9401,0.5786371939182281,0.42419133429348793,0.4950923220157623,0.663149254590273,7.603731559447892e-38,0.07000000000000006,3.3871719969774525e-09
deit_tiny_patch16_224,9,50%,gaussian,9402,0.5686848788261414,0.41431446548592443,0.4838272569775582,0.6533786584615708,2.6235176106298005e-36,0.07500000000000007,4.317770275281865e-10
deit_tiny_patch16_224,9,50%,gaussian,9403,0.5700381562709809,0.42007059399439656,0.4864327819943428,0.6544176458477974,3.3548559953259798e-37,0.07800000000000007,8.906893639483255e-11
deit_tiny_patch16_224,9,50%,gaussian,9404,0.564197883605957,0.41131018455322416,0.479276737254858,0.6493934006989002,7.615021590454381e-36,0.07700000000000007,1.365208259363739e-10
deit_tiny_patch16_224,9,50%,gaussian,9405,0.570481210231781,0.42324377961153326,0.48751270286440856,0.6534739124178887,1.070641169104644e-37,0.07700000000000007,9.888123188385314e-11
deit_tiny_patch16_224,10,10%,gaussian,9401,0.014199054956436157,0.02580846773712423,-0.020530708402395247,0.0488604070007801,0.41461724850079795,-0.007000000000000006,0.3916029105474905
deit_tiny_patch16_224,10,10%,gaussian,9402,0.011150672912597656,0.020276978520207427,-0.023566373497247693,0.04564697701930998,0.5215304931823019,-0.0050000000000000044,0.5758493477318467
deit_tiny_patch16_224,10,10%,gaussian,9403,0.011349393129348755,0.020753027369588284,-0.023421730053424822,0.04551866152286529,0.5118026051838083,-0.009000000000000008,0.2624375357110438
deit_tiny_patch16_224,10,10%,gaussian,9404,0.013516546726226807,0.024534623310001693,-0.02155970089435577,0.047707467198371885,0.4380194673867005,-0.009000000000000008,0.2624375357110438
deit_tiny_patch16_224,10,10%,gaussian,9405,0.009762423992156983,0.01790976860759242,-0.02453204979896544,0.043778170299529996,0.5712785885727808,-0.009000000000000008,0.2528697301676033
deit_tiny_patch16_224,10,25%,gaussian,9401,0.0246281635761261,0.041241828880318236,-0.012618685561418526,0.061840927672386165,0.19247222966067856,-0.0010000000000000009,1.0
deit_tiny_patch16_224,10,25%,gaussian,9402,0.019794146299362183,0.03373535872720171,-0.016733000826835612,0.05596659679412841,0.2863173173543732,-0.0030000000000000027,0.7797679305530743
deit_tiny_patch16_224,10,25%,gaussian,9403,0.023504541635513305,0.03985421817030392,-0.013149304503202435,0.06049299791455267,0.2078550852774152,-0.0020000000000000018,0.8898839652765371
deit_tiny_patch16_224,10,25%,gaussian,9404,0.022937216520309448,0.038401177703337785,-0.014576828032732008,0.0600915386378765,0.22490036071256214,-0.0010000000000000009,1.0
deit_tiny_patch16_224,10,25%,gaussian,9405,0.0262104332447052,0.04393639779795896,-0.011215664756298059,0.06367424240708351,0.16502350216514078,0.0,1.0
deit_tiny_patch16_224,10,50%,gaussian,9401,0.02180458688735962,0.036307929229990085,-0.015695029705762864,0.059510874229669566,0.25117839211694715,0.0020000000000000018,0.8938530948350216
deit_tiny_patch16_224,10,50%,gaussian,9402,0.021207829713821413,0.035525720567539984,-0.016595130598545074,0.059054706734418864,0.26152823607280096,0.0030000000000000027,0.7877061896700431
deit_tiny_patch16_224,10,50%,gaussian,9403,0.021133779764175416,0.03578695241631759,-0.015774024683237062,0.0577362972795963,0.2580393903861652,0.0050000000000000044,0.5758493477318467
deit_tiny_patch16_224,10,50%,gaussian,9404,0.017349955797195435,0.029715696849938248,-0.019332120680809018,0.05395739172697067,0.3476022838371441,0.007000000000000006,0.4101027163746913
deit_tiny_patch16_224,10,50%,gaussian,9405,0.02224231505393982,0.037530066404691524,-0.014627256518602362,0.059579123866558066,0.23558672779121997,0.006000000000000005,0.48845566937989204
