model,depth,fraction,comparison,mean_diff,median_diff,cohens_dz,ci_lower,ci_upper,p_value,fdr_q_value
deit_tiny_patch16_224,5,10%,gaussian_vs_zero,0.05356195034980773,0.03374519348144528,0.13851759157767407,0.029768901114463796,0.0781877914047241,1.310135585555341e-05,2.6202711711106825e-05
deit_tiny_patch16_224,5,10%,gaussian_vs_sphere,0.036169198815027864,0.039488712946573856,0.12441939535345435,0.018294113502105084,0.0542440196430683,8.914164426424016e-05,8.914164426424016e-05
deit_tiny_patch16_224,5,10%,same_mean_vs_gaussian,0.00046952638626099173,0.006578922271728516,0.0020877703974926955,-0.013609589687585829,0.014242003780603411,0.9473742386806916,1.0
deit_tiny_patch16_224,5,10%,gaussian_vs_global_mean,-0.004178647851943976,-0.004206705093383889,-0.022866618828897407,-0.015401751996278764,0.00705309372425079,0.46978403694955395,1.0
deit_tiny_patch16_224,5,10%,gaussian_vs_wrong_depth,-0.014857234811782843,-0.011472320556640492,-0.11018788642290563,-0.023074854930639273,-0.006618903980255133,0.00051455915133604,1.0
deit_tiny_patch16_224,5,25%,gaussian_vs_zero,0.16267082328796387,0.09892659187316888,0.2138566827812111,0.11548983442783356,0.210854418696165,2.300795620636137e-11,4.601591241272275e-11
deit_tiny_patch16_224,5,25%,gaussian_vs_sphere,0.10601589325269063,0.08504865964253727,0.19474587812970626,0.072359126881361,0.1395782846478621,1.0633003592213207e-09,1.2759604310655847e-09
deit_tiny_patch16_224,5,25%,same_mean_vs_gaussian,0.0004594300270080565,0.014514827728271507,0.0009008960255589827,-0.031545640764236445,0.031555982331037506,0.977277963768777,1.0
deit_tiny_patch16_224,5,25%,gaussian_vs_global_mean,0.009488705587387083,0.000633573532104581,0.02244474099111671,-0.01642207780718802,0.03590615555286406,0.4780154862969688,1.0
deit_tiny_patch16_224,5,25%,gaussian_vs_wrong_depth,-0.04377423052787781,-0.032225942611694314,-0.16739325082859893,-0.059844756680727,-0.027484700783491134,1.47572945762054e-07,1.0
deit_tiny_patch16_224,5,50%,gaussian_vs_zero,0.4350463057041168,0.2768488883972168,0.35089856662389535,0.35762479417562487,0.5125944493448733,4.6224386537735634e-27,9.244877307547127e-27
deit_tiny_patch16_224,5,50%,gaussian_vs_sphere,0.26572082770665484,0.2347880840301514,0.29305717726935987,0.2093508782720566,0.32175155786355336,1.1407183926400238e-19,1.3688620711680286e-19
deit_tiny_patch16_224,5,50%,same_mean_vs_gaussian,-0.0130314109802246,0.03869452476501464,-0.013522492861591033,-0.0724793867254257,0.04602528554439545,0.6690208556117532,1.0
deit_tiny_patch16_224,5,50%,gaussian_vs_global_mean,0.0874347517967224,0.04280242919921884,0.10703623455366053,0.03802466523170472,0.1390009046113491,0.0007400510175639431,1.0
deit_tiny_patch16_224,5,50%,gaussian_vs_wrong_depth,-0.11990459675788881,-0.09075865745544442,-0.2455211833127291,-0.14981285833477972,-0.08960028509855272,2.0300060214041296e-14,1.0
deit_tiny_patch16_224,6,10%,gaussian_vs_zero,0.026132513093948373,0.0064671516418456365,0.07186586407838781,0.004152013994455344,0.04810226333975792,0.023262158359537374,0.027914590031444846
deit_tiny_patch16_224,6,10%,gaussian_vs_sphere,0.056536636320749935,0.047707859675089614,0.13498769292863622,0.030548550842205688,0.08251248089790345,2.153518752464016e-05,2.5842225029568192e-05
deit_tiny_patch16_224,6,10%,same_mean_vs_gaussian,0.0048620063781738216,0.0013438224792481357,0.03134735290475563,-0.0045932177090644895,0.014363180269002901,0.32178386408867293,1.0
deit_tiny_patch16_224,6,10%,gaussian_vs_global_mean,-0.0053035592555999685,-0.0017303466796875014,-0.04519486187986524,-0.012330475293397902,0.0018962042868137354,0.15326309869393287,1.0
deit_tiny_patch16_224,6,10%,gaussian_vs_wrong_depth,-0.009893654298782341,-0.004425811767578169,-0.10177952450284583,-0.015800333471298215,-0.0040286446428298844,0.0013298848694381208,1.0
deit_tiny_patch16_224,6,25%,gaussian_vs_zero,0.08768511528968813,0.05853104591369618,0.13773267397789307,0.04888872931599619,0.12561739868044852,1.4646432553645776e-05,1.757571906437493e-05
deit_tiny_patch16_224,6,25%,gaussian_vs_sphere,0.20300733303229015,0.14772545496622713,0.2517302928509422,0.15180540503144266,0.25186951012094816,4.637037835564654e-15,6.95555675334698e-15
deit_tiny_patch16_224,6,25%,same_mean_vs_gaussian,0.022800793457031246,0.013937330245971769,0.06238826658536642,0.00012005006074904757,0.04534285133600235,0.048783435613634483,1.0
deit_tiny_patch16_224,6,25%,gaussian_vs_global_mean,-0.0289377158164978,-0.012043094635009632,-0.11387413216424656,-0.044338445639610286,-0.013195844669342042,0.0003325669222123536,1.0
deit_tiny_patch16_224,6,25%,gaussian_vs_wrong_depth,-0.032420637655258176,-0.01937398910522481,-0.1532800285144256,-0.04546415510535239,-0.019498648822307584,1.4515344141031223e-06,1.0
deit_tiny_patch16_224,6,50%,gaussian_vs_zero,0.1785973753452301,0.16875433921813948,0.19429720772757042,0.12359790313005448,0.23402645318746565,1.1590292332066649e-09,1.3908350798479978e-09
deit_tiny_patch16_224,6,50%,gaussian_vs_sphere,0.5952370573997497,0.48764149347941077,0.4383236151968936,0.5104683906888962,0.6781855720816057,4.343137205371387e-40,6.51470580805708e-40
deit_tiny_patch16_224,6,50%,same_mean_vs_gaussian,0.057864347028732305,0.06336069107055686,0.07532630704598432,0.01127999879121781,0.104884436879158,0.017403987914684987,1.0
deit_tiny_patch16_224,6,50%,gaussian_vs_global_mean,-0.07390699653625488,-0.06063332557678223,-0.1377534045787598,-0.10682183205246926,-0.04078845200896265,1.4603476240599081e-05,1.0
deit_tiny_patch16_224,6,50%,gaussian_vs_wrong_depth,-0.09290624504089356,-0.06288647651672363,-0.22515474530386495,-0.11803009633898735,-0.06724591675281524,2.060309027651886e-12,1.0
deit_tiny_patch16_224,7,10%,gaussian_vs_zero,0.0659890812397003,0.033105754852294944,0.13611907004195825,0.035527581259012224,0.09660157022118568,1.838670549750809e-05,2.7580058246262133e-05
deit_tiny_patch16_224,7,10%,gaussian_vs_sphere,0.5247691896120708,0.40365214347839373,0.4312428959666594,0.4487032902284464,0.5998003433851401,5.860543122414362e-39,1.1721086244828724e-38
deit_tiny_patch16_224,7,10%,same_mean_vs_gaussian,0.009135308885574343,0.004152679443359453,0.06266981456222293,7.534227132797834e-05,0.018100918010473248,0.047776093466489845,1.0
deit_tiny_patch16_224,7,10%,gaussian_vs_global_mean,-0.009774870777130129,-0.005531692504882835,-0.07245093056533995,-0.01809074785590173,-0.0015978591275215197,0.0221651239896221,1.0
deit_tiny_patch16_224,7,10%,gaussian_vs_wrong_depth,-0.007715347671508792,0.0002948760986328791,-0.06940058225512256,-0.014558975900411608,-0.001007405050992963,0.028419063369239713,1.0
deit_tiny_patch16_224,7,25%,gaussian_vs_zero,0.13017210254669193,0.08684210777282715,0.19321609959771996,0.08848240187287333,0.17239293222904203,1.425584714911301e-09,2.1383770723669515e-09
deit_tiny_patch16_224,7,25%,gaussian_vs_sphere,1.123223771150907,1.081172243754069,0.5914016221685214,1.0051554628421862,1.2379524468789498,3.759715703176586e-67,1.1279147109529759e-66
deit_tiny_patch16_224,7,25%,same_mean_vs_gaussian,0.03317406883239745,0.022722625732421897,0.10189481572460768,0.01266509680628778,0.053046189475059506,0.0013132506085040336,1.0
deit_tiny_patch16_224,7,25%,gaussian_vs_global_mean,-0.03598868646621703,-0.02485747337341304,-0.12216444048011361,-0.05388833611726759,-0.017527084912061692,0.0001191325026711894,1.0
deit_tiny_patch16_224,7,25%,gaussian_vs_wrong_depth,-0.017907426261901848,-0.012457132339477511,-0.08406870546056346,-0.03083602873563764,-0.004572724317312234,0.00797472032590904,1.0
deit_tiny_patch16_224,7,50%,gaussian_vs_zero,0.17204010241031648,0.13151144981384277,0.20798457165551987,0.12145365556359292,0.2228535527563095,7.725432515892167e-11,1.1588148773838252e-10
deit_tiny_patch16_224,7,50%,gaussian_vs_sphere,1.6303585075616835,1.676623050371806,0.6940583677973848,1.4854161918330193,1.7755270641833545,1.8930280138269206e-87,5.679084041480762e-87
deit_tiny_patch16_224,7,50%,same_mean_vs_gaussian,0.10508770437240601,0.07985596656799315,0.15640833041006638,0.06393519257307052,0.1457989126062393,8.880361977876061e-07,1.0
deit_tiny_patch16_224,7,50%,gaussian_vs_global_mean,-0.11187573761940003,-0.11302151679992672,-0.19646363839345882,-0.14664452034831046,-0.07703679627299309,7.631655200896696e-10,1.0
deit_tiny_patch16_224,7,50%,gaussian_vs_wrong_depth,-0.06161115093231201,-0.047250795364379705,-0.1630730580643925,-0.0846965007185936,-0.03815462679147719,3.027740501513296e-07,1.0
deit_tiny_patch16_224,8,10%,gaussian_vs_zero,0.5268401774883271,0.5085403919219971,0.41381140942312356,0.4494893644297123,0.6051724918198584,3.137180955024355e-36,1.882308573014613e-35
deit_tiny_patch16_224,8,10%,gaussian_vs_sphere,1.2383059249242145,1.2632213910420735,0.6388314434461573,1.1186958621764183,1.3567170007854699,2.3096545047466442e-76,1.3857927028479865e-75
deit_tiny_patch16_224,8,10%,same_mean_vs_gaussian,0.014893775033950814,0.006978082656860174,0.11401329179592382,0.0067773725879192405,0.023004695817232128,0.0003270531603332651,1.0
deit_tiny_patch16_224,8,10%,gaussian_vs_global_mean,-0.01436506538391114,-0.005106163024902188,-0.11111049761275348,-0.02240803781032563,-0.006395899345874801,0.00046184257135492064,1.0
deit_tiny_patch16_224,8,10%,gaussian_vs_wrong_depth,0.1600044512271881,0.08901767730712895,0.20695679974298287,0.11214330091595649,0.2074885106635094,9.520853865810344e-11,1.0
deit_tiny_patch16_224,8,25%,gaussian_vs_zero,0.6704984231948852,0.6413556098937988,0.4656709337581028,0.5816252634686232,0.758477973626256,1.4452355753651262e-44,8.671413452190758e-44
deit_tiny_patch16_224,8,25%,gaussian_vs_sphere,1.777272432978948,1.8644086758295697,0.7639062007659724,1.6338456611299519,1.919840876244704,6.629796513199204e-102,3.977877907919523e-101
deit_tiny_patch16_224,8,25%,same_mean_vs_gaussian,0.04568915190696716,0.040360450744628906,0.15865732584575257,0.027528733155727382,0.06328858958959578,6.20389593449844e-07,1.0
deit_tiny_patch16_224,8,25%,gaussian_vs_global_mean,-0.04505531206130981,-0.04068045616149901,-0.15886151926224085,-0.06226699593305587,-0.027300278428792953,6.00377923435e-07,1.0
deit_tiny_patch16_224,8,25%,gaussian_vs_wrong_depth,0.3339518626689911,0.2947981357574461,0.33907779487452366,0.2724731742143632,0.39448528438568115,1.82144224147103e-25,1.0
deit_tiny_patch16_224,8,50%,gaussian_vs_zero,0.6360763546466827,0.5928213357925416,0.42337090694420676,0.5429399605703354,0.7283956266444922,1.022629095442577e-37,3.4700302483051026e-37
deit_tiny_patch16_224,8,50%,gaussian_vs_sphere,2.0087902701139453,2.0432334502538048,0.8363307676964424,1.859937781777183,2.1582050269492465,2.9227529343845286e-117,1.7536517606307172e-116
deit_tiny_patch16_224,8,50%,same_mean_vs_gaussian,0.1413129805088043,0.14133672714233397,0.24583185804664903,0.10554753058195115,0.17640208149075504,1.886848806504441e-14,1.0
deit_tiny_patch16_224,8,50%,gaussian_vs_global_mean,-0.13770846281051632,-0.12783827781677243,-0.2504611373260124,-0.1715389189386368,-0.10361266961574558,6.286738166490239e-15,1.0
deit_tiny_patch16_224,8,50%,gaussian_vs_wrong_depth,0.4144646595954895,0.37106046676635734,0.34858386523854457,0.341433205012083,0.4875064349293708,9.563477634991377e-27,1.0
deit_tiny_patch16_224,9,10%,gaussian_vs_zero,0.13666794147491454,0.08007025718688965,0.15706754964834158,0.08248025025129319,0.19105978560328482,7.997910452419001e-07,2.3993731357257005e-06
deit_tiny_patch16_224,9,10%,gaussian_vs_sphere,0.8336857216199239,0.7720975240071613,0.5478020020064223,0.739843186574181,0.9276905438371499,5.488682474056302e-59,1.6466047422168906e-58
deit_tiny_patch16_224,9,10%,same_mean_vs_gaussian,0.001571855163574222,0.00019545555114763857,0.017123314960109902,-0.004011805508136741,0.007350570234060284,0.5882928530743552,1.0
deit_tiny_patch16_224,9,10%,gaussian_vs_global_mean,-0.0017001119613647493,-0.00018243789672856003,-0.01857393424701501,-0.007479502910375589,0.0038744551980495396,0.5570950974811132,1.0
deit_tiny_patch16_224,9,10%,gaussian_vs_wrong_depth,0.15743126215934752,0.09464654922485356,0.16213579206003798,0.09731133960485458,0.21687642395377157,3.5308401426091716e-07,1.0
deit_tiny_patch16_224,9,25%,gaussian_vs_zero,0.36953543167114256,0.30486035346984874,0.33123629662848947,0.3008644869148731,0.43828060997962953,1.974150661895438e-24,5.922451985686314e-24
deit_tiny_patch16_224,9,25%,gaussian_vs_sphere,0.8334837530136108,0.8461318572362264,0.5302753075865249,0.7365979117629925,0.9310078622841834,8.486290198991748e-56,1.6972580397983496e-55
deit_tiny_patch16_224,9,25%,same_mean_vs_gaussian,0.004451055240631102,-0.0009354114532470481,0.021177962290877272,-0.00855903389453888,0.017526093999147414,0.5032000009160953,1.0
deit_tiny_patch16_224,9,25%,gaussian_vs_global_mean,-0.004821634244918821,0.0004283428192138894,-0.023039819731406185,-0.017840344169139856,0.008060292239189143,0.4664274889815445,1.0
deit_tiny_patch16_224,9,25%,gaussian_vs_wrong_depth,0.2834346530914306,0.27250046730041494,0.25441012921294875,0.21552007355928424,0.35265175611138344,2.428087215786421e-15,1.0
deit_tiny_patch16_224,9,50%,gaussian_vs_zero,0.5704078645706177,0.509140396118164,0.42302955487845734,0.4882399484491348,0.653657044353485,1.1566767494350342e-37,3.4700302483051026e-37
deit_tiny_patch16_224,9,50%,gaussian_vs_sphere,0.7658538836240768,0.7017255862553915,0.5067690066015064,0.6728245365033548,0.8593350653556981,1.3021197194307612e-51,2.6042394388615224e-51
deit_tiny_patch16_224,9,50%,same_mean_vs_gaussian,0.021920455217361447,0.012491512298584074,0.051968334796952,-0.003868667879104617,0.04787241621851919,0.10061836931236055,1.0
deit_tiny_patch16_224,9,50%,gaussian_vs_global_mean,-0.021841278076171873,-0.013221502304077204,-0.05226081646660342,-0.04754668125271798,0.003821916230916944,0.09871997304176117,1.0
deit_tiny_patch16_224,9,50%,gaussian_vs_wrong_depth,0.35244446301460264,0.29309520721435534,0.2937988520150111,0.2796302270227671,0.42634892457187173,9.314868282431479e-20,1.0
deit_tiny_patch16_224,10,10%,gaussian_vs_zero,0.011995618343353267,-0.012337589263916038,0.021975213683912257,-0.022542557189464563,0.0461111964738369,0.48726873841570684,0.48726873841570684
deit_tiny_patch16_224,10,10%,gaussian_vs_sphere,0.14479193902015686,0.11332112948099793,0.21490163652127314,0.1028513666363557,0.18685214690327645,1.848959572271829e-11,2.7734393584077436e-11
deit_tiny_patch16_224,10,10%,same_mean_vs_gaussian,-0.005239227533340447,-0.004167795181274324,-0.09947965521601164,-0.008517318916320796,-0.0019900584602355895,0.0017051786269251332,1.0
deit_tiny_patch16_224,10,10%,gaussian_vs_global_mean,0.005576195478439324,0.003988504409790039,0.10480746300522277,0.0022809554076194663,0.008885409862995141,0.0009517317318451848,1.0
deit_tiny_patch16_224,10,10%,gaussian_vs_wrong_depth,-0.057819720983505254,-0.07709102630615239,-0.11589432751524253,-0.08834008925795557,-0.026718983900547034,0.0002604514682959763,1.0
deit_tiny_patch16_224,10,25%,gaussian_vs_zero,0.023414900255203243,0.0043071269989011784,0.03984708362952204,-0.013400012717246992,0.06028645619630813,0.20793642081144778,0.20793642081144778
deit_tiny_patch16_224,10,25%,gaussian_vs_sphere,0.08993863021532696,0.04200444221496613,0.13822536863545995,0.049196120377381636,0.13059260558644928,1.365744579621148e-05,1.3657445796211483e-05
deit_tiny_patch16_224,10,25%,same_mean_vs_gaussian,-0.015888029050827025,-0.014539194107055654,-0.12848855479997462,-0.023525530703067777,-0.008124527329206462,5.220810015730376e-05,1.0
deit_tiny_patch16_224,10,25%,gaussian_vs_global_mean,0.016993528079986567,0.015175819396972767,0.13662865319510678,0.009210315988063811,0.024720919255018233,1.7116762069213357e-05,1.0
deit_tiny_patch16_224,10,25%,gaussian_vs_wrong_depth,-0.07321509318351746,-0.08849325180053724,-0.11460892026851086,-0.11319253640651702,-0.033576505221128476,0.00030440732634312367,1.0
deit_tiny_patch16_224,10,50%,gaussian_vs_zero,0.02074769344329833,0.011897706985473544,0.035707323827236626,-0.015609479086399085,0.05757226028919218,0.2590994172046251,0.2590994172046251
deit_tiny_patch16_224,10,50%,gaussian_vs_sphere,0.0612193179766337,0.023428932825724225,0.09645538157904883,0.021688194620211904,0.10079872521003085,0.0023473085103316443,0.0023473085103316443
deit_tiny_patch16_224,10,50%,same_mean_vs_gaussian,-0.05301886763572692,-0.038649129867553755,-0.1811635762115046,-0.07101394291758538,-0.03475517483115196,1.3371894643499713e-08,1.0
deit_tiny_patch16_224,10,50%,gaussian_vs_global_mean,0.05773787608146667,0.044361114501953125,0.19343550652888153,0.03908385085344313,0.0761597215044498,1.3670492139030268e-09,1.0
deit_tiny_patch16_224,10,50%,gaussian_vs_wrong_depth,-0.07686316213607788,-0.055429983139038186,-0.11335713707766337,-0.11907020321607588,-0.0344382084465027,0.00035382351052928043,1.0
