model,depth,mask_seed,condition,r_rank,gamma,is_carrier,top1_acc,delta_acc,mean_margin,paired_delta_margin,ci_lower,ci_upper,cohen_dz,mcnemar_p,n00,n01_pruning_only,n10_carrier_only,n11,pred_agreement
deit_small,8,31001,PURE_RANDOM_PRUNING,None,0.0,False,0.737,0.0,1.7354239225387573,0.0,0.0,0.0,0.0,1.0,263,0,0,737,1.0
deit_small,8,31001,UNWEIGHTED_CENTROID,1,0.0,True,0.737,0.0,1.7180002927780151,-0.017423775047063828,-0.030553167685866356,-0.004900055471807718,-0.08226552431483462,1.0,257,6,6,731,0.978
deit_small,8,31001,RESIDUAL_CARRIER_r1_g0.25,1,0.25,True,0.737,0.0,1.7179977893829346,-0.01742606796324253,-0.030553657561540604,-0.004896893631666899,-0.08227740953002513,1.0,257,6,6,731,0.978
deit_small,8,31001,RESIDUAL_CARRIER_r1_g0.5,1,0.5,True,0.737,0.0,1.7179957628250122,-0.017428234219551086,-0.030555272474884987,-0.004895257763564587,-0.082285831274783,1.0,257,6,6,731,0.978
deit_small,8,31001,RESIDUAL_CARRIER_r1_g0.75,1,0.75,True,0.737,0.0,1.7179944515228271,-0.017429504543542862,-0.030557209625840187,-0.004893948324024677,-0.08228847116406789,1.0,257,6,6,731,0.978
deit_small,8,31001,RESIDUAL_CARRIER_r1_g1.0,1,1.0,True,0.737,0.0,1.7179948091506958,-0.017429260537028313,-0.030561545863747597,-0.004891884978860617,-0.08228309915850264,1.0,257,6,6,731,0.978
deit_small,8,31001,UNWEIGHTED_CENTROID,4,0.0,True,0.737,0.0,1.7180002927780151,-0.017423775047063828,-0.030553167685866356,-0.004900055471807718,-0.08226552431483462,1.0,257,6,6,731,0.978
deit_small,8,31001,RESIDUAL_CARRIER_r4_g0.25,4,0.25,True,0.737,0.0,1.7179981470108032,-0.017425725236535072,-0.03054722025990486,-0.004921667743474245,-0.08228888144364814,1.0,257,6,6,731,0.978
deit_small,8,31001,RESIDUAL_CARRIER_r4_g0.5,4,0.5,True,0.737,0.0,1.717997670173645,-0.017426330596208572,-0.030541803687810898,-0.0049478281289339066,-0.08230275538588756,1.0,257,6,6,731,0.978
deit_small,8,31001,RESIDUAL_CARRIER_r4_g0.75,4,0.75,True,0.737,0.0,1.7179982662200928,-0.01742570847272873,-0.03053889609873295,-0.004949370864778757,-0.08231207482619139,1.0,257,6,6,731,0.978
deit_small,8,31001,RESIDUAL_CARRIER_r4_g1.0,4,1.0,True,0.737,0.0,1.7179960012435913,-0.01742813177406788,-0.03054780885577202,-0.004929888993501663,-0.08233891464405295,1.0,257,6,6,731,0.978
deit_small,8,31001,UNWEIGHTED_CENTROID,16,0.0,True,0.737,0.0,1.7180002927780151,-0.017423775047063828,-0.030553167685866356,-0.004900055471807718,-0.08226552431483462,1.0,257,6,6,731,0.978
deit_small,8,31001,RESIDUAL_CARRIER_r16_g0.25,16,0.25,True,0.737,0.0,1.7180122137069702,-0.017411798238754272,-0.03052973933517933,-0.004930914379656315,-0.082225232140021,1.0,257,6,6,731,0.978
deit_small,8,31001,RESIDUAL_CARRIER_r16_g0.5,16,0.5,True,0.737,0.0,1.718031406402588,-0.017392661422491074,-0.03051133267581463,-0.004911589901894331,-0.08214479151951219,1.0,257,6,6,731,0.978
deit_small,8,31001,RESIDUAL_CARRIER_r16_g0.75,16,0.75,True,0.737,0.0,1.7180653810501099,-0.017358582466840744,-0.030490782111883163,-0.004853603895753622,-0.0819901449779471,1.0,257,6,6,731,0.978
deit_small,8,31001,RESIDUAL_CARRIER_r16_g1.0,16,1.0,True,0.737,0.0,1.718117117881775,-0.017306899651885033,-0.030476482585072517,-0.00476963771507144,-0.08174846430334169,1.0,257,6,6,731,0.978
deit_small,8,31001,UNWEIGHTED_CENTROID,64,0.0,True,0.737,0.0,1.7180002927780151,-0.017423775047063828,-0.030553167685866356,-0.004900055471807718,-0.08226552431483462,1.0,257,6,6,731,0.978
deit_small,8,31001,RESIDUAL_CARRIER_r64_g0.25,64,0.25,True,0.737,0.0,1.7180134057998657,-0.017410561442375183,-0.030520666390657425,-0.00493249436840415,-0.08222777584321657,1.0,257,6,6,731,0.978
deit_small,8,31001,RESIDUAL_CARRIER_r64_g0.5,64,0.5,True,0.737,0.0,1.7180428504943848,-0.01738111302256584,-0.030485134571790695,-0.004881451837718487,-0.08211043402960805,1.0,257,6,6,731,0.978
deit_small,8,31001,RESIDUAL_CARRIER_r64_g0.75,64,0.75,True,0.737,0.0,1.7181235551834106,-0.017300371080636978,-0.03043723665177822,-0.004792495630681515,-0.0817470516346558,1.0,257,6,6,731,0.978
deit_small,8,31001,RESIDUAL_CARRIER_r64_g1.0,64,1.0,True,0.737,0.0,1.718263864517212,-0.017160072922706604,-0.030342882499098778,-0.004682187922298908,-0.08109988621541851,1.0,257,6,6,731,0.978
deit_small,8,31001,UNWEIGHTED_CENTROID,D,0.0,True,0.737,0.0,1.7180002927780151,-0.017423775047063828,-0.030553167685866356,-0.004900055471807718,-0.08226552431483462,1.0,257,6,6,731,0.978
deit_small,8,31001,RESIDUAL_CARRIER_rD_g0.25,D,0.25,True,0.737,0.0,1.7180695533752441,-0.017354371026158333,-0.030467156320810318,-0.004900109488517046,-0.081972035749865,1.0,257,6,6,731,0.978
deit_small,8,31001,RESIDUAL_CARRIER_rD_g0.5,D,0.5,True,0.737,0.0,1.7182594537734985,-0.017164582386612892,-0.0302811861038208,-0.004693719558417797,-0.0811077866654009,1.0,257,6,6,731,0.978
deit_small,8,31001,RESIDUAL_CARRIER_rD_g0.75,D,0.75,True,0.737,0.0,1.71875,-0.016673896461725235,-0.029827570542693138,-0.004221760667860508,-0.07880506855083683,1.0,257,6,6,731,0.978
deit_small,8,31001,RAW_IMAGE_MEAN_CARRIER,D,1.0,True,0.737,0.0,1.7195913791656494,-0.01583247259259224,-0.028990473598241806,-0.0034987565595656633,-0.0748449792082246,1.0,257,6,6,731,0.978
deit_small,8,31002,PURE_RANDOM_PRUNING,None,0.0,False,0.731,0.0,1.6958386898040771,0.0,0.0,0.0,0.0,1.0,269,0,0,731,1.0
deit_small,8,31002,UNWEIGHTED_CENTROID,1,0.0,True,0.73,-0.0010000000000000009,1.6719157695770264,-0.02392307110130787,-0.04121091589331627,-0.010593516752123833,-0.10200587878320802,1.0,265,5,4,726,0.986
deit_small,8,31002,RESIDUAL_CARRIER_r1_g0.25,1,0.25,True,0.73,-0.0010000000000000009,1.6719168424606323,-0.02392190881073475,-0.04121008142828941,-0.010592497885227203,-0.10200397545337593,1.0,265,5,4,726,0.986
deit_small,8,31002,RESIDUAL_CARRIER_r1_g0.5,1,0.5,True,0.73,-0.0010000000000000009,1.6719189882278442,-0.02391986921429634,-0.041208356618881226,-0.010592428036034107,-0.1019994133823796,1.0,265,5,4,726,0.986
deit_small,8,31002,RESIDUAL_CARRIER_r1_g0.75,1,0.75,True,0.73,-0.0010000000000000009,1.6719220876693726,-0.023916732519865036,-0.04120555520057678,-0.010592566803097725,-0.10199120296502953,1.0,265,5,4,726,0.986
deit_small,8,31002,RESIDUAL_CARRIER_r1_g1.0,1,1.0,True,0.73,-0.0010000000000000009,1.6719266176223755,-0.023912083357572556,-0.04120189696550369,-0.010592197068035603,-0.101977435883835,1.0,265,5,4,726,0.986
deit_small,8,31002,UNWEIGHTED_CENTROID,4,0.0,True,0.73,-0.0010000000000000009,1.6719157695770264,-0.02392307110130787,-0.04121091589331627,-0.010593516752123833,-0.10200587878320802,1.0,265,5,4,726,0.986
deit_small,8,31002,RESIDUAL_CARRIER_r4_g0.25,4,0.25,True,0.73,-0.0010000000000000009,1.671918511390686,-0.023920398205518723,-0.041205618530511856,-0.010573173873126507,-0.10200139689707245,1.0,265,5,4,726,0.986
deit_small,8,31002,RESIDUAL_CARRIER_r4_g0.5,4,0.5,True,0.73,-0.0010000000000000009,1.671919345855713,-0.023919494822621346,-0.04119329899549484,-0.010548284277319908,-0.10200213350319738,1.0,265,5,4,726,0.986
deit_small,8,31002,RESIDUAL_CARRIER_r4_g0.75,4,0.75,True,0.729,-0.0020000000000000018,1.6719187498092651,-0.023920241743326187,-0.041175082325935364,-0.010519961826503277,-0.10200974597483674,0.75390625,265,6,4,725,0.985
deit_small,8,31002,RESIDUAL_CARRIER_r4_g1.0,4,1.0,True,0.729,-0.0020000000000000018,1.6719160079956055,-0.023922832682728767,-0.041149578988552094,-0.010487442836165428,-0.10202552814553086,0.75390625,265,6,4,725,0.985
deit_small,8,31002,UNWEIGHTED_CENTROID,16,0.0,True,0.73,-0.0010000000000000009,1.6719157695770264,-0.02392307110130787,-0.04121091589331627,-0.010593516752123833,-0.10200587878320802,1.0,265,5,4,726,0.986
deit_small,8,31002,RESIDUAL_CARRIER_r16_g0.25,16,0.25,True,0.73,-0.0010000000000000009,1.6719473600387573,-0.023891445249319077,-0.04116220772266388,-0.010553082451224327,-0.10188917486404975,1.0,265,5,4,726,0.986
deit_small,8,31002,RESIDUAL_CARRIER_r16_g0.5,16,0.5,True,0.73,-0.0010000000000000009,1.6719837188720703,-0.023855000734329224,-0.04108723998069763,-0.010499829426407814,-0.10174501430116469,1.0,265,5,4,726,0.986
deit_small,8,31002,RESIDUAL_CARRIER_r16_g0.75,16,0.75,True,0.73,-0.0010000000000000009,1.6720227003097534,-0.023816261440515518,-0.040974654257297516,-0.010434946976602077,-0.10158864398808422,1.0,265,5,4,726,0.986
deit_small,8,31002,RESIDUAL_CARRIER_r16_g1.0,16,1.0,True,0.729,-0.0020000000000000018,1.6720610857009888,-0.023777805268764496,-0.04085490480065346,-0.010350565426051617,-0.10142692942468244,0.75390625,265,6,4,725,0.985
deit_small,8,31002,UNWEIGHTED_CENTROID,64,0.0,True,0.73,-0.0010000000000000009,1.6719157695770264,-0.02392307110130787,-0.04121091589331627,-0.010593516752123833,-0.10200587878320802,1.0,265,5,4,726,0.986
deit_small,8,31002,RESIDUAL_CARRIER_r64_g0.25,64,0.25,True,0.73,-0.0010000000000000009,1.67195463180542,-0.02388410083949566,-0.04114760830998421,-0.010548297315835953,-0.1018624105056807,1.0,265,5,4,726,0.986
deit_small,8,31002,RESIDUAL_CARRIER_r64_g0.5,64,0.5,True,0.73,-0.0010000000000000009,1.672000765800476,-0.023837966844439507,-0.041051339358091354,-0.010479760356247425,-0.10166966132649703,1.0,265,5,4,726,0.986
deit_small,8,31002,RESIDUAL_CARRIER_r64_g0.75,64,0.75,True,0.729,-0.0020000000000000018,1.6720622777938843,-0.02377656102180481,-0.0408976748585701,-0.010382235050201416,-0.10139947619291555,0.75390625,265,6,4,725,0.985
deit_small,8,31002,RESIDUAL_CARRIER_r64_g1.0,64,1.0,True,0.729,-0.0020000000000000018,1.6721913814544678,-0.023647449910640717,-0.040708545595407486,-0.010199148207902908,-0.10084838408722402,0.75390625,265,6,4,725,0.985
deit_small,8,31002,UNWEIGHTED_CENTROID,D,0.0,True,0.73,-0.0010000000000000009,1.6719157695770264,-0.02392307110130787,-0.04121091589331627,-0.010593516752123833,-0.10200587878320802,1.0,265,5,4,726,0.986
deit_small,8,31002,RESIDUAL_CARRIER_rD_g0.25,D,0.25,True,0.73,-0.0010000000000000009,1.6720142364501953,-0.023824542760849,-0.041101373732089996,-0.010471134446561337,-0.10162232744767812,1.0,265,5,4,726,0.986
deit_small,8,31002,RESIDUAL_CARRIER_rD_g0.5,D,0.5,True,0.73,-0.0010000000000000009,1.6722526550292969,-0.02358606643974781,-0.04077751189470291,-0.010140789672732353,-0.10061208976767283,1.0,265,5,4,726,0.986
deit_small,8,31002,RESIDUAL_CARRIER_rD_g0.75,D,0.75,True,0.729,-0.0020000000000000018,1.6727837324142456,-0.023055141791701317,-0.0403733067214489,-0.009589415043592453,-0.09832335856908662,0.75390625,265,6,4,725,0.985
deit_small,8,31002,RAW_IMAGE_MEAN_CARRIER,D,1.0,True,0.729,-0.0020000000000000018,1.6737104654312134,-0.022128209471702576,-0.0393860787153244,-0.008577156811952591,-0.09434482746312234,0.75390625,265,6,4,725,0.985
deit_small,8,31003,PURE_RANDOM_PRUNING,None,0.0,False,0.711,0.0,1.6935839653015137,0.0,0.0,0.0,0.0,1.0,289,0,0,711,1.0
deit_small,8,31003,UNWEIGHTED_CENTROID,1,0.0,True,0.711,0.0,1.6862441301345825,-0.007339956238865852,-0.019469348713755608,0.0026023501995950937,-0.04271575450008207,1.0,286,3,3,708,0.989
deit_small,8,31003,RESIDUAL_CARRIER_r1_g0.25,1,0.25,True,0.711,0.0,1.6862553358078003,-0.007328787352889776,-0.019461646676063538,0.002614905359223485,-0.0426507706248978,1.0,286,3,3,708,0.989
deit_small,8,31003,RESIDUAL_CARRIER_r1_g0.5,1,0.5,True,0.711,0.0,1.6862668991088867,-0.007317245472222567,-0.019451649859547615,0.0026286179199814796,-0.04258435089872877,1.0,286,3,3,708,0.989
deit_small,8,31003,RESIDUAL_CARRIER_r1_g0.75,1,0.75,True,0.711,0.0,1.6862785816192627,-0.00730558205395937,-0.019439559429883957,0.0026447498239576817,-0.042517859398968724,1.0,286,3,3,708,0.989
deit_small,8,31003,RESIDUAL_CARRIER_r1_g1.0,1,1.0,True,0.711,0.0,1.6862900257110596,-0.007294093258678913,-0.01942598819732666,0.002655434887856245,-0.04245291742719959,1.0,286,3,3,708,0.989
deit_small,8,31003,UNWEIGHTED_CENTROID,4,0.0,True,0.711,0.0,1.6862441301345825,-0.007339956238865852,-0.019469348713755608,0.0026023501995950937,-0.04271575450008207,1.0,286,3,3,708,0.989
deit_small,8,31003,RESIDUAL_CARRIER_r4_g0.25,4,0.25,True,0.711,0.0,1.6862672567367554,-0.00731684872880578,-0.019440827891230583,0.0026100939139723778,-0.04257997781855265,1.0,286,3,3,708,0.989
deit_small,8,31003,RESIDUAL_CARRIER_r4_g0.5,4,0.5,True,0.711,0.0,1.6862900257110596,-0.007294104900211096,-0.019411828368902206,0.0026195761747658253,-0.04244674170551856,1.0,286,3,3,708,0.989
deit_small,8,31003,RESIDUAL_CARRIER_r4_g0.75,4,0.75,True,0.711,0.0,1.6863090991973877,-0.00727500207722187,-0.01938801258802414,0.002629825146868825,-0.042334496956190446,1.0,286,3,3,708,0.989
deit_small,8,31003,RESIDUAL_CARRIER_r4_g1.0,4,1.0,True,0.711,0.0,1.6863234043121338,-0.007260801270604134,-0.01937244087457657,0.00263845338486135,-0.04225087081069848,1.0,286,3,3,708,0.989
deit_small,8,31003,UNWEIGHTED_CENTROID,16,0.0,True,0.711,0.0,1.6862441301345825,-0.007339956238865852,-0.019469348713755608,0.0026023501995950937,-0.04271575450008207,1.0,286,3,3,708,0.989
deit_small,8,31003,RESIDUAL_CARRIER_r16_g0.25,16,0.25,True,0.711,0.0,1.6862705945968628,-0.007313429843634367,-0.019454650580883026,0.002628709189593792,-0.04256263590341703,1.0,286,3,3,708,0.989
deit_small,8,31003,RESIDUAL_CARRIER_r16_g0.5,16,0.5,True,0.711,0.0,1.6862951517105103,-0.00728891184553504,-0.01944059692323208,0.002646349836140871,-0.04242535100915254,1.0,286,3,3,708,0.989
deit_small,8,31003,RESIDUAL_CARRIER_r16_g0.75,16,0.75,True,0.711,0.0,1.6863224506378174,-0.007261516526341438,-0.019402362406253815,0.002655262127518654,-0.04227675297952711,1.0,286,3,3,708,0.989
deit_small,8,31003,RESIDUAL_CARRIER_r16_g1.0,16,1.0,True,0.711,0.0,1.686369776725769,-0.007214295212179422,-0.019341083243489265,0.0026847575791180134,-0.04202293411347714,1.0,286,3,3,708,0.989
deit_small,8,31003,UNWEIGHTED_CENTROID,64,0.0,True,0.711,0.0,1.6862441301345825,-0.007339956238865852,-0.019469348713755608,0.0026023501995950937,-0.04271575450008207,1.0,286,3,3,708,0.989
deit_small,8,31003,RESIDUAL_CARRIER_r64_g0.25,64,0.25,True,0.711,0.0,1.6862796545028687,-0.007304428610950708,-0.019446926191449165,0.002641044557094574,-0.04250866544582868,1.0,286,3,3,708,0.989
deit_small,8,31003,RESIDUAL_CARRIER_r64_g0.5,64,0.5,True,0.711,0.0,1.6863092184066772,-0.00727492431178689,-0.01937471143901348,0.0026614838279783726,-0.04233694829738499,1.0,286,3,3,708,0.989
deit_small,8,31003,RESIDUAL_CARRIER_r64_g0.75,64,0.75,True,0.711,0.0,1.6863691806793213,-0.0072148810140788555,-0.019316377118229866,0.0027153121773153543,-0.04199328297777518,1.0,286,3,3,708,0.989
deit_small,8,31003,RESIDUAL_CARRIER_r64_g1.0,64,1.0,True,0.711,0.0,1.6865218877792358,-0.007062298711389303,-0.019163863733410835,0.002875229576602578,-0.04112054716594423,1.0,286,3,3,708,0.989
deit_small,8,31003,UNWEIGHTED_CENTROID,D,0.0,True,0.711,0.0,1.6862441301345825,-0.007339956238865852,-0.019469348713755608,0.0026023501995950937,-0.04271575450008207,1.0,286,3,3,708,0.989
deit_small,8,31003,RESIDUAL_CARRIER_rD_g0.25,D,0.25,True,0.711,0.0,1.6863157749176025,-0.007268262095749378,-0.019413787871599197,0.0026768457610160112,-0.042306207890526124,1.0,286,3,3,708,0.989
deit_small,8,31003,RESIDUAL_CARRIER_rD_g0.5,D,0.5,True,0.711,0.0,1.6864638328552246,-0.007120177149772644,-0.01924527809023857,0.0028119096532464027,-0.04145362301779881,1.0,286,3,3,708,0.989
deit_small,8,31003,RESIDUAL_CARRIER_rD_g0.75,D,0.75,True,0.711,0.0,1.6868927478790283,-0.006691347807645798,-0.018764302134513855,0.0032433976884931326,-0.03894337285648345,1.0,286,3,3,708,0.989
deit_small,8,31003,RAW_IMAGE_MEAN_CARRIER,D,1.0,True,0.711,0.0,1.6876718997955322,-0.005912165157496929,-0.017796920612454414,0.004044247325509787,-0.034345150994831514,1.0,286,3,3,708,0.989
deit_small,8,31004,PURE_RANDOM_PRUNING,None,0.0,False,0.718,0.0,1.7504843473434448,0.0,0.0,0.0,0.0,1.0,282,0,0,718,1.0
deit_small,8,31004,UNWEIGHTED_CENTROID,1,0.0,True,0.717,-0.0010000000000000009,1.735646367073059,-0.014837952330708504,-0.02912883833050728,-0.003246602136641741,-0.07117654784910075,1.0,278,5,4,713,0.984
deit_small,8,31004,RESIDUAL_CARRIER_r1_g0.25,1,0.25,True,0.717,-0.0010000000000000009,1.7356384992599487,-0.014845808036625385,-0.029130689799785614,-0.00325244152918458,-0.07121059674010487,1.0,278,5,4,713,0.984
deit_small,8,31004,RESIDUAL_CARRIER_r1_g0.5,1,0.5,True,0.717,-0.0010000000000000009,1.7356308698654175,-0.014853496104478836,-0.029131513088941574,-0.0032580767292529345,-0.0712444644089189,1.0,278,5,4,713,0.984
deit_small,8,31004,RESIDUAL_CARRIER_r1_g0.75,1,0.75,True,0.717,-0.0010000000000000009,1.7356243133544922,-0.014860063791275024,-0.02913125604391098,-0.0032629973720759153,-0.07127350570440744,1.0,278,5,4,713,0.984
deit_small,8,31004,RESIDUAL_CARRIER_r1_g1.0,1,1.0,True,0.717,-0.0010000000000000009,1.735619068145752,-0.014865254051983356,-0.029130352661013603,-0.0032668837811797857,-0.07129640234082708,1.0,278,5,4,713,0.984
deit_small,8,31004,UNWEIGHTED_CENTROID,4,0.0,True,0.717,-0.0010000000000000009,1.735646367073059,-0.014837952330708504,-0.02912883833050728,-0.003246602136641741,-0.07117654784910075,1.0,278,5,4,713,0.984
deit_small,8,31004,RESIDUAL_CARRIER_r4_g0.25,4,0.25,True,0.717,-0.0010000000000000009,1.7356443405151367,-0.014840057119727135,-0.0291314497590065,-0.0032503646798431873,-0.07118600831982778,1.0,278,5,4,713,0.984
deit_small,8,31004,RESIDUAL_CARRIER_r4_g0.5,4,0.5,True,0.717,-0.0010000000000000009,1.7356517314910889,-0.014832631684839725,-0.02912694402039051,-0.0032501323148608208,-0.07115090813417022,1.0,278,5,4,713,0.984
deit_small,8,31004,RESIDUAL_CARRIER_r4_g0.75,4,0.75,True,0.717,-0.0010000000000000009,1.735669732093811,-0.014814777299761772,-0.029114628210663795,-0.0032442312221974134,-0.07106786303622811,1.0,278,5,4,713,0.984
deit_small,8,31004,RESIDUAL_CARRIER_r4_g1.0,4,1.0,True,0.717,-0.0010000000000000009,1.735695242881775,-0.014789042994379997,-0.02910059131681919,-0.003239475656300783,-0.07094947466768664,1.0,278,5,4,713,0.984
deit_small,8,31004,UNWEIGHTED_CENTROID,16,0.0,True,0.717,-0.0010000000000000009,1.735646367073059,-0.014837952330708504,-0.02912883833050728,-0.003246602136641741,-0.07117654784910075,1.0,278,5,4,713,0.984
deit_small,8,31004,RESIDUAL_CARRIER_r16_g0.25,16,0.25,True,0.717,-0.0010000000000000009,1.735650658607483,-0.014833739958703518,-0.029116004705429077,-0.0032428603153675795,-0.07115059951632302,1.0,278,5,4,713,0.984
deit_small,8,31004,RESIDUAL_CARRIER_r16_g0.5,16,0.5,True,0.717,-0.0010000000000000009,1.7356699705123901,-0.014814529567956924,-0.029090851545333862,-0.0032333757262676954,-0.07105463199025201,1.0,278,5,4,713,0.984
deit_small,8,31004,RESIDUAL_CARRIER_r16_g0.75,16,0.75,True,0.717,-0.0010000000000000009,1.7357145547866821,-0.014769727364182472,-0.02904353104531765,-0.0032087836880236864,-0.07083910002728319,1.0,278,5,4,713,0.984
deit_small,8,31004,RESIDUAL_CARRIER_r16_g1.0,16,1.0,True,0.717,-0.0010000000000000009,1.73578941822052,-0.014694886282086372,-0.02897600457072258,-0.0031688748858869076,-0.07048396291442272,1.0,278,5,4,713,0.984
deit_small,8,31004,UNWEIGHTED_CENTROID,64,0.0,True,0.717,-0.0010000000000000009,1.735646367073059,-0.014837952330708504,-0.02912883833050728,-0.003246602136641741,-0.07117654784910075,1.0,278,5,4,713,0.984
deit_small,8,31004,RESIDUAL_CARRIER_r64_g0.25,64,0.25,True,0.717,-0.0010000000000000009,1.7356672286987305,-0.014817148447036743,-0.02912170998752117,-0.0032235998660326004,-0.07107183046370784,1.0,278,5,4,713,0.984
deit_small,8,31004,RESIDUAL_CARRIER_r64_g0.5,64,0.5,True,0.717,-0.0010000000000000009,1.7357065677642822,-0.014777719043195248,-0.029099425300955772,-0.0032008113339543343,-0.07088357508043466,1.0,278,5,4,713,0.984
deit_small,8,31004,RESIDUAL_CARRIER_r64_g0.75,64,0.75,True,0.717,-0.0010000000000000009,1.7358193397521973,-0.01466504205018282,-0.028980817645788193,-0.0031183066312223673,-0.07034591342499782,1.0,278,5,4,713,0.984
deit_small,8,31004,RESIDUAL_CARRIER_r64_g1.0,64,1.0,True,0.717,-0.0010000000000000009,1.7360155582427979,-0.014468894340097904,-0.028758136555552483,-0.0029239431023597717,-0.06940437365195183,1.0,278,5,4,713,0.984
deit_small,8,31004,UNWEIGHTED_CENTROID,D,0.0,True,0.717,-0.0010000000000000009,1.735646367073059,-0.014837952330708504,-0.02912883833050728,-0.003246602136641741,-0.07117654784910075,1.0,278,5,4,713,0.984
deit_small,8,31004,RESIDUAL_CARRIER_rD_g0.25,D,0.25,True,0.717,-0.0010000000000000009,1.7357105016708374,-0.014773862436413765,-0.029073044657707214,-0.0031911388505250216,-0.07087001005984818,1.0,278,5,4,713,0.984
deit_small,8,31004,RESIDUAL_CARRIER_rD_g0.5,D,0.5,True,0.717,-0.0010000000000000009,1.735931396484375,-0.014552852138876915,-0.028849320486187935,-0.0029720556922256947,-0.0698177518778539,1.0,278,5,4,713,0.984
deit_small,8,31004,RESIDUAL_CARRIER_rD_g0.75,D,0.75,True,0.717,-0.0010000000000000009,1.7364352941513062,-0.014048971235752106,-0.02837536670267582,-0.002497992245480418,-0.06738984138728589,1.0,278,5,4,713,0.984
deit_small,8,31004,RAW_IMAGE_MEAN_CARRIER,D,1.0,True,0.717,-0.0010000000000000009,1.7373037338256836,-0.01318053063005209,-0.027480434626340866,-0.0016093908343464136,-0.06318535806655026,1.0,278,5,4,713,0.984
deit_small,8,31005,PURE_RANDOM_PRUNING,None,0.0,False,0.73,0.0,1.7320020198822021,0.0,0.0,0.0,0.0,1.0,270,0,0,730,1.0
deit_small,8,31005,UNWEIGHTED_CENTROID,1,0.0,True,0.73,0.0,1.7167747020721436,-0.015227357856929302,-0.02633056789636612,-0.005894792266190052,-0.09013783014804481,1.0,266,4,4,726,0.985
deit_small,8,31005,RESIDUAL_CARRIER_r1_g0.25,1,0.25,True,0.73,0.0,1.7167738676071167,-0.015228163450956345,-0.02632647566497326,-0.005896023474633694,-0.09014402212211123,1.0,266,4,4,726,0.985
deit_small,8,31005,RESIDUAL_CARRIER_r1_g0.5,1,0.5,True,0.73,0.0,1.716772198677063,-0.015229788608849049,-0.026323234662413597,-0.005897298455238342,-0.09015537597610547,1.0,266,4,4,726,0.985
deit_small,8,31005,RESIDUAL_CARRIER_r1_g0.75,1,0.75,True,0.73,0.0,1.7167704105377197,-0.015231713652610779,-0.026319991797208786,-0.005896937567740679,-0.09016864869808569,1.0,266,4,4,726,0.985
deit_small,8,31005,RESIDUAL_CARRIER_r1_g1.0,1,1.0,True,0.73,0.0,1.7167667150497437,-0.015235374681651592,-0.026317942887544632,-0.005895546637475491,-0.09019227047235617,1.0,266,4,4,726,0.985
deit_small,8,31005,UNWEIGHTED_CENTROID,4,0.0,True,0.73,0.0,1.7167747020721436,-0.015227357856929302,-0.02633056789636612,-0.005894792266190052,-0.09013783014804481,1.0,266,4,4,726,0.985
deit_small,8,31005,RESIDUAL_CARRIER_r4_g0.25,4,0.25,True,0.73,0.0,1.7167787551879883,-0.015223311260342598,-0.0263387318700552,-0.005897635128349066,-0.09010215369696374,1.0,266,4,4,726,0.985
deit_small,8,31005,RESIDUAL_CARRIER_r4_g0.5,4,0.5,True,0.73,0.0,1.7167794704437256,-0.015222598798573017,-0.02635173872113228,-0.005908076651394367,-0.09008771121791533,1.0,266,4,4,726,0.985
deit_small,8,31005,RESIDUAL_CARRIER_r4_g0.75,4,0.75,True,0.73,0.0,1.7167751789093018,-0.015226869843900204,-0.026369517669081688,-0.005926865618675947,-0.09010668611318946,1.0,266,4,4,726,0.985
deit_small,8,31005,RESIDUAL_CARRIER_r4_g1.0,4,1.0,True,0.73,0.0,1.7167717218399048,-0.015230340883135796,-0.026388609781861305,-0.005948876962065697,-0.0901266064824325,1.0,266,4,4,726,0.985
deit_small,8,31005,UNWEIGHTED_CENTROID,16,0.0,True,0.73,0.0,1.7167747020721436,-0.015227357856929302,-0.02633056789636612,-0.005894792266190052,-0.09013783014804481,1.0,266,4,4,726,0.985
deit_small,8,31005,RESIDUAL_CARRIER_r16_g0.25,16,0.25,True,0.73,0.0,1.716793179512024,-0.01520895678550005,-0.026306649670004845,-0.005875229369848967,-0.0900042550384953,1.0,266,4,4,726,0.985
deit_small,8,31005,RESIDUAL_CARRIER_r16_g0.5,16,0.5,True,0.73,0.0,1.7168068885803223,-0.015195265412330627,-0.026281053200364113,-0.005864500068128109,-0.08990059807197824,1.0,266,4,4,726,0.985
deit_small,8,31005,RESIDUAL_CARRIER_r16_g0.75,16,0.75,True,0.73,0.0,1.7168264389038086,-0.015175620093941689,-0.02624773606657982,-0.005863597616553307,-0.08976887361727265,1.0,266,4,4,726,0.985
deit_small,8,31005,RESIDUAL_CARRIER_r16_g1.0,16,1.0,True,0.729,-0.0010000000000000009,1.7168593406677246,-0.015142763964831829,-0.02625667303800583,-0.005884532816708088,-0.08956264523825569,1.0,266,5,4,725,0.984
deit_small,8,31005,UNWEIGHTED_CENTROID,64,0.0,True,0.73,0.0,1.7167747020721436,-0.015227357856929302,-0.02633056789636612,-0.005894792266190052,-0.09013783014804481,1.0,266,4,4,726,0.985
deit_small,8,31005,RESIDUAL_CARRIER_r64_g0.25,64,0.25,True,0.73,0.0,1.7167975902557373,-0.015204462222754955,-0.026298586279153824,-0.0058795190416276455,-0.08997195238238087,1.0,266,4,4,726,0.985
deit_small,8,31005,RESIDUAL_CARRIER_r64_g0.5,64,0.5,True,0.73,0.0,1.7168220281600952,-0.015180043876171112,-0.026267819106578827,-0.005871771834790707,-0.0897983503688423,1.0,266,4,4,726,0.985
deit_small,8,31005,RESIDUAL_CARRIER_r64_g0.75,64,0.75,True,0.73,0.0,1.7168829441070557,-0.015119134448468685,-0.026221416890621185,-0.005847415421158075,-0.0894142582199632,1.0,266,4,4,726,0.986
deit_small,8,31005,RESIDUAL_CARRIER_r64_g1.0,64,1.0,True,0.729,-0.0010000000000000009,1.717004656791687,-0.0149975111708045,-0.02604621835052967,-0.0057571521028876305,-0.08867061618816827,1.0,266,5,4,725,0.984
deit_small,8,31005,UNWEIGHTED_CENTROID,D,0.0,True,0.73,0.0,1.7167747020721436,-0.015227357856929302,-0.02633056789636612,-0.005894792266190052,-0.09013783014804481,1.0,266,4,4,726,0.985
deit_small,8,31005,RESIDUAL_CARRIER_rD_g0.25,D,0.25,True,0.73,0.0,1.7168524265289307,-0.015149579383432865,-0.026235759258270264,-0.005835474468767643,-0.08964337484632333,1.0,266,4,4,726,0.985
deit_small,8,31005,RESIDUAL_CARRIER_rD_g0.5,D,0.5,True,0.73,0.0,1.7170263528823853,-0.014975594356656075,-0.026100432500243187,-0.005717756226658821,-0.08860308622303964,1.0,266,4,4,726,0.986
deit_small,8,31005,RESIDUAL_CARRIER_rD_g0.75,D,0.75,True,0.729,-0.0010000000000000009,1.7174543142318726,-0.014547651633620262,-0.02561056986451149,-0.005272193346172571,-0.08606039720741,1.0,266,5,4,725,0.985
deit_small,8,31005,RAW_IMAGE_MEAN_CARRIER,D,1.0,True,0.727,-0.0030000000000000027,1.718298316001892,-0.0137036656960845,-0.024807723239064217,-0.004473780747503042,-0.08102493225755844,0.5078125,267,6,3,724,0.986
vit_base,7,31001,PURE_RANDOM_PRUNING,None,0.0,False,0.716,0.0,2.8239309787750244,0.0,0.0,0.0,0.0,1.0,284,0,0,716,1.0
vit_base,7,31001,UNWEIGHTED_CENTROID,1,0.0,True,0.716,0.0,2.820298433303833,-0.003632629755884409,-0.017007727175951004,0.008349708281457424,-0.017906343821559943,1.0,279,5,5,711,0.982
vit_base,7,31001,RESIDUAL_CARRIER_r1_g0.25,1,0.25,True,0.715,-0.0010000000000000009,2.82020902633667,-0.003721940563991666,-0.017011594027280807,0.008221141993999481,-0.018298036261969502,1.0,280,5,4,711,0.983
vit_base,7,31001,RESIDUAL_CARRIER_r1_g0.5,1,0.5,True,0.715,-0.0010000000000000009,2.820021390914917,-0.003909364342689514,-0.01737140491604805,0.007917238399386406,-0.019154923777542476,1.0,280,5,4,711,0.983
vit_base,7,31001,RESIDUAL_CARRIER_r1_g0.75,1,0.75,True,0.715,-0.0010000000000000009,2.819857597351074,-0.004073229618370533,-0.017654025927186012,0.007899054326117039,-0.019903142040864876,1.0,280,5,4,711,0.983
vit_base,7,31001,RESIDUAL_CARRIER_r1_g1.0,1,1.0,True,0.715,-0.0010000000000000009,2.8202404975891113,-0.0036904572043567896,-0.0171285979449749,0.008330421522259712,-0.018012192740659745,1.0,280,5,4,711,0.983
vit_base,7,31001,UNWEIGHTED_CENTROID,4,0.0,True,0.716,0.0,2.820298433303833,-0.003632629755884409,-0.017007727175951004,0.008349708281457424,-0.017906343821559943,1.0,279,5,5,711,0.982
vit_base,7,31001,RESIDUAL_CARRIER_r4_g0.25,4,0.25,True,0.716,0.0,2.8202197551727295,-0.003711136756464839,-0.017272882163524628,0.00822839792817831,-0.01826402032088291,1.0,279,5,5,711,0.982
vit_base,7,31001,RESIDUAL_CARRIER_r4_g0.5,4,0.5,True,0.715,-0.0010000000000000009,2.8200454711914062,-0.0038853883743286133,-0.01753353141248226,0.007921558804810047,-0.01908127213642933,1.0,280,5,4,711,0.983
vit_base,7,31001,RESIDUAL_CARRIER_r4_g0.75,4,0.75,True,0.715,-0.0010000000000000009,2.8200483322143555,-0.0038827494718134403,-0.017405463382601738,0.00788113847374916,-0.019036725034282692,1.0,280,5,4,711,0.983
vit_base,7,31001,RESIDUAL_CARRIER_r4_g1.0,4,1.0,True,0.715,-0.0010000000000000009,2.820744037628174,-0.0031868242658674717,-0.01681382581591606,0.008789483457803726,-0.015584988000605293,1.0,280,5,4,711,0.985
vit_base,7,31001,UNWEIGHTED_CENTROID,16,0.0,True,0.716,0.0,2.820298433303833,-0.003632629755884409,-0.017007727175951004,0.008349708281457424,-0.017906343821559943,1.0,279,5,5,711,0.982
vit_base,7,31001,RESIDUAL_CARRIER_r16_g0.25,16,0.25,True,0.716,0.0,2.81992244720459,-0.004008383024483919,-0.017445571720600128,0.00787043571472168,-0.0197970057029535,1.0,279,5,5,711,0.982
vit_base,7,31001,RESIDUAL_CARRIER_r16_g0.5,16,0.5,True,0.716,0.0,2.819594621658325,-0.004336034879088402,-0.017659807577729225,0.0076123932376503944,-0.021415530946307045,1.0,279,5,5,711,0.982
vit_base,7,31001,RESIDUAL_CARRIER_r16_g0.75,16,0.75,True,0.716,0.0,2.819552183151245,-0.00437875185161829,-0.01773972436785698,0.007544496562331915,-0.021569421470511455,1.0,279,5,5,711,0.982
vit_base,7,31001,RESIDUAL_CARRIER_r16_g1.0,16,1.0,True,0.714,-0.0020000000000000018,2.819817304611206,-0.004113464150577784,-0.01727653667330742,0.008021644316613674,-0.0201120890525174,0.7265625,281,5,3,711,0.984
vit_base,7,31001,UNWEIGHTED_CENTROID,64,0.0,True,0.716,0.0,2.820298433303833,-0.003632629755884409,-0.017007727175951004,0.008349708281457424,-0.017906343821559943,1.0,279,5,5,711,0.982
vit_base,7,31001,RESIDUAL_CARRIER_r64_g0.25,64,0.25,True,0.716,0.0,2.8200366497039795,-0.003894351888448,-0.017017479985952377,0.008054951205849648,-0.019261331785868654,1.0,279,5,5,711,0.982
vit_base,7,31001,RESIDUAL_CARRIER_r64_g0.5,64,0.5,True,0.716,0.0,2.8200807571411133,-0.0038500584196299314,-0.01680161990225315,0.007991817779839039,-0.019053573328713096,1.0,279,5,5,711,0.982
vit_base,7,31001,RESIDUAL_CARRIER_r64_g0.75,64,0.75,True,0.716,0.0,2.820340871810913,-0.003589961677789688,-0.016705719754099846,0.008491269312798977,-0.017688512662137036,1.0,279,5,5,711,0.983
vit_base,7,31001,RESIDUAL_CARRIER_r64_g1.0,64,1.0,True,0.715,-0.0010000000000000009,2.8204097747802734,-0.0035210957285016775,-0.016562987118959427,0.008700650185346603,-0.017245185138622603,1.0,280,5,4,711,0.984
vit_base,7,31001,UNWEIGHTED_CENTROID,D,0.0,True,0.716,0.0,2.820298433303833,-0.003632629755884409,-0.017007727175951004,0.008349708281457424,-0.017906343821559943,1.0,279,5,5,711,0.982
vit_base,7,31001,RESIDUAL_CARRIER_rD_g0.25,D,0.25,True,0.716,0.0,2.8200061321258545,-0.003924780059605837,-0.01697288453578949,0.007867056876420975,-0.019449805219418054,1.0,279,5,5,711,0.981
vit_base,7,31001,RESIDUAL_CARRIER_rD_g0.5,D,0.5,True,0.714,-0.0020000000000000018,2.820535659790039,-0.0033952698577195406,-0.0164036862552166,0.008431581780314445,-0.016813995152953638,0.7265625,281,5,3,711,0.985
vit_base,7,31001,RESIDUAL_CARRIER_rD_g0.75,D,0.75,True,0.715,-0.0010000000000000009,2.821737766265869,-0.0021930921357125044,-0.015153578482568264,0.009719355031847954,-0.010753442970706566,1.0,280,5,4,711,0.984
vit_base,7,31001,RAW_IMAGE_MEAN_CARRIER,D,1.0,True,0.714,-0.0020000000000000018,2.822793483734131,-0.0011373767629265785,-0.014143843203783035,0.010845067910850048,-0.005506469345878643,0.7265625,281,5,3,711,0.985
vit_base,7,31002,PURE_RANDOM_PRUNING,None,0.0,False,0.728,0.0,2.7874932289123535,0.0,0.0,0.0,0.0,1.0,272,0,0,728,1.0
vit_base,7,31002,UNWEIGHTED_CENTROID,1,0.0,True,0.73,0.0020000000000000018,2.794264793395996,0.00677177868783474,-0.004496046341955662,0.01847906969487667,0.03547902610312343,0.75390625,266,4,6,724,0.977
vit_base,7,31002,RESIDUAL_CARRIER_r1_g0.25,1,0.25,True,0.73,0.0020000000000000018,2.7946925163269043,0.007199492305517197,-0.004107354208827019,0.018713735044002533,0.03773544048934551,0.75390625,266,4,6,724,0.977
vit_base,7,31002,RESIDUAL_CARRIER_r1_g0.5,1,0.5,True,0.73,0.0020000000000000018,2.795090913772583,0.007597507908940315,-0.003761658677831292,0.018991725519299507,0.03980476923235029,0.75390625,266,4,6,724,0.977
vit_base,7,31002,RESIDUAL_CARRIER_r1_g0.75,1,0.75,True,0.73,0.0020000000000000018,2.7954764366149902,0.007983237504959106,-0.0034299453254789114,0.019459562376141548,0.041765158858247574,0.75390625,266,4,6,724,0.977
vit_base,7,31002,RESIDUAL_CARRIER_r1_g1.0,1,1.0,True,0.73,0.0020000000000000018,2.7958872318267822,0.00839401874691248,-0.003043915145099163,0.019844166934490204,0.04379727165551565,0.75390625,266,4,6,724,0.978
vit_base,7,31002,UNWEIGHTED_CENTROID,4,0.0,True,0.73,0.0020000000000000018,2.794264793395996,0.00677177868783474,-0.004496046341955662,0.01847906969487667,0.03547902610312343,0.75390625,266,4,6,724,0.977
vit_base,7,31002,RESIDUAL_CARRIER_r4_g0.25,4,0.25,True,0.73,0.0020000000000000018,2.794495105743408,0.007002211641520262,-0.004407633561640978,0.018441133201122284,0.036747107236409615,0.75390625,266,4,6,724,0.977
vit_base,7,31002,RESIDUAL_CARRIER_r4_g0.5,4,0.5,True,0.729,0.0010000000000000009,2.794706106185913,0.007212769240140915,-0.0042841737158596516,0.018789445981383324,0.03785838074858953,1.0,267,4,5,724,0.979
vit_base,7,31002,RESIDUAL_CARRIER_r4_g0.75,4,0.75,True,0.729,0.0010000000000000009,2.794868230819702,0.007374802604317665,-0.004003314767032862,0.019004695117473602,0.03864591834929619,1.0,267,4,5,724,0.979
vit_base,7,31002,RESIDUAL_CARRIER_r4_g1.0,4,1.0,True,0.729,0.0010000000000000009,2.795003652572632,0.007510604802519083,-0.0038718394935131073,0.01915298029780388,0.0392352661315945,1.0,267,4,5,724,0.98
vit_base,7,31002,UNWEIGHTED_CENTROID,16,0.0,True,0.73,0.0020000000000000018,2.794264793395996,0.00677177868783474,-0.004496046341955662,0.01847906969487667,0.03547902610312343,0.75390625,266,4,6,724,0.977
vit_base,7,31002,RESIDUAL_CARRIER_r16_g0.25,16,0.25,True,0.73,0.0020000000000000018,2.793850898742676,0.006357625126838684,-0.004974883049726486,0.017904935404658318,0.033457081449306404,0.75390625,266,4,6,724,0.977
vit_base,7,31002,RESIDUAL_CARRIER_r16_g0.5,16,0.5,True,0.729,0.0010000000000000009,2.793443441390991,0.005950246471911669,-0.005187085829675198,0.017259906977415085,0.03131819728832372,1.0,267,4,5,724,0.977
vit_base,7,31002,RESIDUAL_CARRIER_r16_g0.75,16,0.75,True,0.728,0.0,2.793132781982422,0.005639754235744476,-0.0057128663174808025,0.01707032136619091,0.02957684313549548,1.0,267,5,5,723,0.976
vit_base,7,31002,RESIDUAL_CARRIER_r16_g1.0,16,1.0,True,0.728,0.0,2.792795419692993,0.0053023830987513065,-0.0062272194772958755,0.01674957200884819,0.027586585119328964,1.0,267,5,5,723,0.977
vit_base,7,31002,UNWEIGHTED_CENTROID,64,0.0,True,0.73,0.0020000000000000018,2.794264793395996,0.00677177868783474,-0.004496046341955662,0.01847906969487667,0.03547902610312343,0.75390625,266,4,6,724,0.977
vit_base,7,31002,RESIDUAL_CARRIER_r64_g0.25,64,0.25,True,0.73,0.0020000000000000018,2.793625831604004,0.006132720969617367,-0.005187829025089741,0.01772344671189785,0.03227082290123448,0.75390625,266,4,6,724,0.978
vit_base,7,31002,RESIDUAL_CARRIER_r64_g0.5,64,0.5,True,0.728,0.0,2.7930991649627686,0.005605821963399649,-0.005643733777105808,0.017179593443870544,0.02945002356297392,1.0,267,5,5,723,0.978
vit_base,7,31002,RESIDUAL_CARRIER_r64_g0.75,64,0.75,True,0.728,0.0,2.792487859725952,0.0049947709776461124,-0.006454572081565857,0.016769057139754295,0.026065736424671047,1.0,267,5,5,723,0.978
vit_base,7,31002,RESIDUAL_CARRIER_r64_g1.0,64,1.0,True,0.727,-0.0010000000000000009,2.792081117630005,0.004587843082845211,-0.007059483323246241,0.016314996406435966,0.023692489036467288,1.0,268,5,4,723,0.979
vit_base,7,31002,UNWEIGHTED_CENTROID,D,0.0,True,0.73,0.0020000000000000018,2.794264793395996,0.00677177868783474,-0.004496046341955662,0.01847906969487667,0.03547902610312343,0.75390625,266,4,6,724,0.977
vit_base,7,31002,RESIDUAL_CARRIER_rD_g0.25,D,0.25,True,0.729,0.0010000000000000009,2.793113946914673,0.005621029995381832,-0.005758069455623627,0.017158132046461105,0.02964336403472597,1.0,267,4,5,724,0.979
vit_base,7,31002,RESIDUAL_CARRIER_rD_g0.5,D,0.5,True,0.727,-0.0010000000000000009,2.7920899391174316,0.004596681799739599,-0.006631980650126934,0.016260117292404175,0.024272265700205537,1.0,268,5,4,723,0.978
vit_base,7,31002,RESIDUAL_CARRIER_rD_g0.75,D,0.75,True,0.727,-0.0010000000000000009,2.791487455368042,0.003994619008153677,-0.0073125166818499565,0.015722116455435753,0.0209910331872192,1.0,268,5,4,723,0.98
vit_base,7,31002,RAW_IMAGE_MEAN_CARRIER,D,1.0,True,0.728,0.0,2.7916171550750732,0.0041238185949623585,-0.007373221684247255,0.015891509130597115,0.021483727273673942,1.0,268,4,4,724,0.981
vit_base,7,31003,PURE_RANDOM_PRUNING,None,0.0,False,0.723,0.0,2.8104236125946045,0.0,0.0,0.0,0.0,1.0,277,0,0,723,1.0
vit_base,7,31003,UNWEIGHTED_CENTROID,1,0.0,True,0.724,0.0010000000000000009,2.7739102840423584,-0.036513201892375946,-0.05554508790373802,-0.020527154207229614,-0.12781634598989003,1.0,273,3,4,720,0.974
vit_base,7,31003,RESIDUAL_CARRIER_r1_g0.25,1,0.25,True,0.724,0.0010000000000000009,2.7738935947418213,-0.036529965698719025,-0.05552344769239426,-0.02059021405875683,-0.1279049716656696,1.0,273,3,4,720,0.974
vit_base,7,31003,RESIDUAL_CARRIER_r1_g0.5,1,0.5,True,0.724,0.0010000000000000009,2.773773431777954,-0.0366501547396183,-0.055625271052122116,-0.02069016546010971,-0.1283482983848007,1.0,273,3,4,720,0.974
vit_base,7,31003,RESIDUAL_CARRIER_r1_g0.75,1,0.75,True,0.723,0.0,2.7735636234283447,-0.036860086023807526,-0.0559503510594368,-0.020845331251621246,-0.12909760840128318,1.0,273,4,4,719,0.973
vit_base,7,31003,RESIDUAL_CARRIER_r1_g1.0,1,1.0,True,0.723,0.0,2.773519515991211,-0.036904219537973404,-0.05594312399625778,-0.020883921533823013,-0.12925070971456953,1.0,273,4,4,719,0.973
vit_base,7,31003,UNWEIGHTED_CENTROID,4,0.0,True,0.724,0.0010000000000000009,2.7739102840423584,-0.036513201892375946,-0.05554508790373802,-0.020527154207229614,-0.12781634598989003,1.0,273,3,4,720,0.974
vit_base,7,31003,RESIDUAL_CARRIER_r4_g0.25,4,0.25,True,0.724,0.0010000000000000009,2.7739052772521973,-0.03651837259531021,-0.0555010661482811,-0.02054811455309391,-0.12779051838226427,1.0,273,3,4,720,0.974
vit_base,7,31003,RESIDUAL_CARRIER_r4_g0.5,4,0.5,True,0.724,0.0010000000000000009,2.773806095123291,-0.03661755844950676,-0.05562552809715271,-0.02054763399064541,-0.12807788477169774,1.0,273,3,4,720,0.974
vit_base,7,31003,RESIDUAL_CARRIER_r4_g0.75,4,0.75,True,0.725,0.0020000000000000018,2.7735562324523926,-0.036867521703243256,-0.0558825358748436,-0.020769022405147552,-0.12869089312297047,0.6875,273,2,4,721,0.975
vit_base,7,31003,RESIDUAL_CARRIER_r4_g1.0,4,1.0,True,0.725,0.0020000000000000018,2.7734642028808594,-0.0369596891105175,-0.056047163903713226,-0.020603913813829422,-0.12845946031007216,0.6875,273,2,4,721,0.975
vit_base,7,31003,UNWEIGHTED_CENTROID,16,0.0,True,0.724,0.0010000000000000009,2.7739102840423584,-0.036513201892375946,-0.05554508790373802,-0.020527154207229614,-0.12781634598989003,1.0,273,3,4,720,0.974
vit_base,7,31003,RESIDUAL_CARRIER_r16_g0.25,16,0.25,True,0.725,0.0020000000000000018,2.7737276554107666,-0.03669612109661102,-0.05565163493156433,-0.02079918421804905,-0.12860601954889045,0.6875,273,2,4,721,0.975
vit_base,7,31003,RESIDUAL_CARRIER_r16_g0.5,16,0.5,True,0.725,0.0020000000000000018,2.7735984325408936,-0.03682531788945198,-0.05581072345376015,-0.02090034820139408,-0.12908653903867517,0.6875,273,2,4,721,0.975
vit_base,7,31003,RESIDUAL_CARRIER_r16_g0.75,16,0.75,True,0.725,0.0020000000000000018,2.773375988006592,-0.03704780712723732,-0.056192509829998016,-0.020716574043035507,-0.12912874065068128,0.6875,273,2,4,721,0.975
vit_base,7,31003,RESIDUAL_CARRIER_r16_g1.0,16,1.0,True,0.724,0.0010000000000000009,2.7738637924194336,-0.03656008094549179,-0.05552958324551582,-0.020102087408304214,-0.12767350105564867,1.0,273,3,4,720,0.976
vit_base,7,31003,UNWEIGHTED_CENTROID,64,0.0,True,0.724,0.0010000000000000009,2.7739102840423584,-0.036513201892375946,-0.05554508790373802,-0.020527154207229614,-0.12781634598989003,1.0,273,3,4,720,0.974
vit_base,7,31003,RESIDUAL_CARRIER_r64_g0.25,64,0.25,True,0.725,0.0020000000000000018,2.7740771770477295,-0.03634670376777649,-0.055429283529520035,-0.020540034398436546,-0.12752086759812933,0.6875,273,2,4,721,0.975
vit_base,7,31003,RESIDUAL_CARRIER_r64_g0.5,64,0.5,True,0.725,0.0020000000000000018,2.7743310928344727,-0.03609255328774452,-0.05567192658782005,-0.02040277235209942,-0.12672597301119962,0.6875,273,2,4,721,0.975
vit_base,7,31003,RESIDUAL_CARRIER_r64_g0.75,64,0.75,True,0.727,0.0040000000000000036,2.774918556213379,-0.03550510108470917,-0.05475565418601036,-0.019463883712887764,-0.1245326055786201,0.21875,272,1,5,722,0.975
vit_base,7,31003,RESIDUAL_CARRIER_r64_g1.0,64,1.0,True,0.727,0.0040000000000000036,2.7752723693847656,-0.03515147417783737,-0.0541539192199707,-0.018935546278953552,-0.12338681440974827,0.21875,272,1,5,722,0.975
vit_base,7,31003,UNWEIGHTED_CENTROID,D,0.0,True,0.724,0.0010000000000000009,2.7739102840423584,-0.036513201892375946,-0.05554508790373802,-0.020527154207229614,-0.12781634598989003,1.0,273,3,4,720,0.974
vit_base,7,31003,RESIDUAL_CARRIER_rD_g0.25,D,0.25,True,0.725,0.0020000000000000018,2.773979663848877,-0.03644409403204918,-0.055638041347265244,-0.020843978971242905,-0.12789506631749767,0.6875,273,2,4,721,0.975
vit_base,7,31003,RESIDUAL_CARRIER_rD_g0.5,D,0.5,True,0.726,0.0030000000000000027,2.7743046283721924,-0.036118894815444946,-0.055496543645858765,-0.02034807950258255,-0.12662490515748134,0.453125,272,2,5,721,0.975
vit_base,7,31003,RESIDUAL_CARRIER_rD_g0.75,D,0.75,True,0.727,0.0040000000000000036,2.775845766067505,-0.03457797318696976,-0.053829193115234375,-0.01852247677743435,-0.12119802952555668,0.21875,272,1,5,722,0.977
vit_base,7,31003,RAW_IMAGE_MEAN_CARRIER,D,1.0,True,0.727,0.0040000000000000036,2.7776715755462646,-0.0327521450817585,-0.05190543457865715,-0.01649864949285984,-0.11458983169957128,0.21875,272,1,5,722,0.976
vit_base,7,31004,PURE_RANDOM_PRUNING,None,0.0,False,0.727,0.0,2.8085970878601074,0.0,0.0,0.0,0.0,1.0,273,0,0,727,1.0
vit_base,7,31004,UNWEIGHTED_CENTROID,1,0.0,True,0.724,-0.0030000000000000027,2.804718494415283,-0.00387862347997725,-0.014412709511816502,0.006543336436152458,-0.022068642437611002,0.375,272,4,1,723,0.984
vit_base,7,31004,RESIDUAL_CARRIER_r1_g0.25,1,0.25,True,0.724,-0.0030000000000000027,2.805047035217285,-0.003550000488758087,-0.013985027559101582,0.00690626772120595,-0.020139082084165972,0.375,272,4,1,723,0.985
vit_base,7,31004,RESIDUAL_CARRIER_r1_g0.5,1,0.5,True,0.724,-0.0030000000000000027,2.805372953414917,-0.0032238729763776064,-0.013832964934408665,0.0072400993667542934,-0.018212887468059345,0.375,272,4,1,723,0.985
vit_base,7,31004,RESIDUAL_CARRIER_r1_g0.75,1,0.75,True,0.724,-0.0030000000000000027,2.805741310119629,-0.0028558666817843914,-0.013462405651807785,0.0076195308938622475,-0.016050278560481277,0.375,272,4,1,723,0.985
vit_base,7,31004,RESIDUAL_CARRIER_r1_g1.0,1,1.0,True,0.724,-0.0030000000000000027,2.806097984313965,-0.0024990527890622616,-0.013111324049532413,0.008213751018047333,-0.013958434440714797,0.375,272,4,1,723,0.985
vit_base,7,31004,UNWEIGHTED_CENTROID,4,0.0,True,0.724,-0.0030000000000000027,2.804718494415283,-0.00387862347997725,-0.014412709511816502,0.006543336436152458,-0.022068642437611002,0.375,272,4,1,723,0.984
vit_base,7,31004,RESIDUAL_CARRIER_r4_g0.25,4,0.25,True,0.724,-0.0030000000000000027,2.805222988128662,-0.0033742960076779127,-0.013861129060387611,0.0070271678268909454,-0.01915097522140926,0.375,272,4,1,723,0.985
vit_base,7,31004,RESIDUAL_CARRIER_r4_g0.5,4,0.5,True,0.724,-0.0030000000000000027,2.8057613372802734,-0.002835906343534589,-0.013514281250536442,0.00746529083698988,-0.016026949937052844,0.375,272,4,1,723,0.985
vit_base,7,31004,RESIDUAL_CARRIER_r4_g0.75,4,0.75,True,0.724,-0.0030000000000000027,2.806373119354248,-0.0022242036648094654,-0.012958941981196404,0.00805649533867836,-0.01250132696550338,0.375,272,4,1,723,0.985
vit_base,7,31004,RESIDUAL_CARRIER_r4_g1.0,4,1.0,True,0.723,-0.0040000000000000036,2.807037115097046,-0.0015598902245983481,-0.012278039008378983,0.008834331296384335,-0.008713121148982568,0.21875,272,5,1,722,0.985
vit_base,7,31004,UNWEIGHTED_CENTROID,16,0.0,True,0.724,-0.0030000000000000027,2.804718494415283,-0.00387862347997725,-0.014412709511816502,0.006543336436152458,-0.022068642437611002,0.375,272,4,1,723,0.984
vit_base,7,31004,RESIDUAL_CARRIER_r16_g0.25,16,0.25,True,0.725,-0.0020000000000000018,2.804471254348755,-0.004125804174691439,-0.014653962105512619,0.006172926630824804,-0.023472399578940473,0.625,272,3,1,724,0.986
vit_base,7,31004,RESIDUAL_CARRIER_r16_g0.5,16,0.5,True,0.725,-0.0020000000000000018,2.8042633533477783,-0.00433365348726511,-0.015107178129255772,0.006013575475662947,-0.024571129118391107,0.625,272,3,1,724,0.986
vit_base,7,31004,RESIDUAL_CARRIER_r16_g0.75,16,0.75,True,0.724,-0.0030000000000000027,2.8042168617248535,-0.00438028434291482,-0.015169614925980568,0.006310987286269665,-0.0247109338030411,0.375,272,4,1,723,0.985
vit_base,7,31004,RESIDUAL_CARRIER_r16_g1.0,16,1.0,True,0.725,-0.0020000000000000018,2.8044135570526123,-0.004183636512607336,-0.014577343128621578,0.006617541424930096,-0.023445151916609494,0.6875,271,4,2,723,0.986
vit_base,7,31004,UNWEIGHTED_CENTROID,64,0.0,True,0.724,-0.0030000000000000027,2.804718494415283,-0.00387862347997725,-0.014412709511816502,0.006543336436152458,-0.022068642437611002,0.375,272,4,1,723,0.984
vit_base,7,31004,RESIDUAL_CARRIER_r64_g0.25,64,0.25,True,0.724,-0.0030000000000000027,2.8045296669006348,-0.004067246336489916,-0.014855376444756985,0.006287794094532728,-0.023125311361122974,0.375,272,4,1,723,0.985
vit_base,7,31004,RESIDUAL_CARRIER_r64_g0.5,64,0.5,True,0.725,-0.0020000000000000018,2.8045308589935303,-0.004066421650350094,-0.01469183899462223,0.0062260194681584835,-0.02299802160474864,0.625,272,3,1,724,0.986
vit_base,7,31004,RESIDUAL_CARRIER_r64_g0.75,64,0.75,True,0.726,-0.0010000000000000009,2.8046114444732666,-0.0039856466464698315,-0.015109832398593426,0.0066025229170918465,-0.022348349342276183,1.0,271,3,2,724,0.986
vit_base,7,31004,RESIDUAL_CARRIER_r64_g1.0,64,1.0,True,0.726,-0.0010000000000000009,2.804910659790039,-0.0036866532173007727,-0.014886124059557915,0.0071078636683523655,-0.02047943761915132,1.0,271,3,2,724,0.986
vit_base,7,31004,UNWEIGHTED_CENTROID,D,0.0,True,0.724,-0.0030000000000000027,2.804718494415283,-0.00387862347997725,-0.014412709511816502,0.006543336436152458,-0.022068642437611002,0.375,272,4,1,723,0.984
vit_base,7,31004,RESIDUAL_CARRIER_rD_g0.25,D,0.25,True,0.724,-0.0030000000000000027,2.804152727127075,-0.004444189835339785,-0.015113292261958122,0.0057882932014763355,-0.025288963503036586,0.375,272,4,1,723,0.985
vit_base,7,31004,RESIDUAL_CARRIER_rD_g0.5,D,0.5,True,0.725,-0.0020000000000000018,2.803954601287842,-0.004642770625650883,-0.015248206444084644,0.005986629985272884,-0.026281383907334865,0.625,272,3,1,724,0.986
vit_base,7,31004,RESIDUAL_CARRIER_rD_g0.75,D,0.75,True,0.725,-0.0020000000000000018,2.8042523860931396,-0.004344689194113016,-0.015273393131792545,0.00640133349224925,-0.02439617732164752,0.625,272,3,1,724,0.988
vit_base,7,31004,RAW_IMAGE_MEAN_CARRIER,D,1.0,True,0.726,-0.0010000000000000009,2.804006814956665,-0.004590507596731186,-0.015624746680259705,0.006048690527677536,-0.02545845696640894,1.0,271,3,2,724,0.986
vit_base,7,31005,PURE_RANDOM_PRUNING,None,0.0,False,0.726,0.0,2.7624340057373047,0.0,0.0,0.0,0.0,1.0,274,0,0,726,1.0
vit_base,7,31005,UNWEIGHTED_CENTROID,1,0.0,True,0.726,0.0,2.7509419918060303,-0.011492404155433178,-0.02664736472070217,0.00029265196644701064,-0.055536286678895194,1.0,271,3,3,723,0.98
vit_base,7,31005,RESIDUAL_CARRIER_r1_g0.25,1,0.25,True,0.726,0.0,2.751279830932617,-0.011154369451105595,-0.0263788141310215,0.0007802993641234934,-0.05374939415345901,1.0,271,3,3,723,0.981
vit_base,7,31005,RESIDUAL_CARRIER_r1_g0.5,1,0.5,True,0.726,0.0,2.751662015914917,-0.01077231764793396,-0.025831591337919235,0.0009980613831430674,-0.05168181182216006,1.0,271,3,3,723,0.981
vit_base,7,31005,RESIDUAL_CARRIER_r1_g0.75,1,0.75,True,0.726,0.0,2.752110004425049,-0.010324050672352314,-0.025497790426015854,0.0018124958733096719,-0.04922844754028376,1.0,271,3,3,723,0.982
vit_base,7,31005,RESIDUAL_CARRIER_r1_g1.0,1,1.0,True,0.726,0.0,2.752647876739502,-0.00978643074631691,-0.025176865980029106,0.002581892069429159,-0.046324435270259944,1.0,271,3,3,723,0.982
vit_base,7,31005,UNWEIGHTED_CENTROID,4,0.0,True,0.726,0.0,2.7509419918060303,-0.011492404155433178,-0.02664736472070217,0.00029265196644701064,-0.055536286678895194,1.0,271,3,3,723,0.98
vit_base,7,31005,RESIDUAL_CARRIER_r4_g0.25,4,0.25,True,0.726,0.0,2.751070261001587,-0.011363918893039227,-0.026513047516345978,0.0006155000883154571,-0.05478840428950112,1.0,271,3,3,723,0.981
vit_base,7,31005,RESIDUAL_CARRIER_r4_g0.5,4,0.5,True,0.724,-0.0020000000000000018,2.7512831687927246,-0.011151007376611233,-0.026519380509853363,0.0006231169099919498,-0.05354472492464891,0.6875,272,4,2,722,0.982
vit_base,7,31005,RESIDUAL_CARRIER_r4_g0.75,4,0.75,True,0.724,-0.0020000000000000018,2.751577854156494,-0.010856304317712784,-0.02619645744562149,0.0009803836001083255,-0.05184856436048619,0.6875,272,4,2,722,0.982
vit_base,7,31005,RESIDUAL_CARRIER_r4_g1.0,4,1.0,True,0.724,-0.0020000000000000018,2.7518723011016846,-0.01056190300732851,-0.02584744431078434,0.0013662081910297275,-0.050164515356899336,0.6875,272,4,2,722,0.983
vit_base,7,31005,UNWEIGHTED_CENTROID,16,0.0,True,0.726,0.0,2.7509419918060303,-0.011492404155433178,-0.02664736472070217,0.00029265196644701064,-0.055536286678895194,1.0,271,3,3,723,0.98
vit_base,7,31005,RESIDUAL_CARRIER_r16_g0.25,16,0.25,True,0.727,0.0010000000000000009,2.7507100105285645,-0.01172410324215889,-0.02682925947010517,-0.0001678439148236066,-0.0567106498635732,1.0,271,2,3,724,0.983
vit_base,7,31005,RESIDUAL_CARRIER_r16_g0.5,16,0.5,True,0.726,0.0,2.750495672225952,-0.01193867065012455,-0.02681180089712143,-0.0003808135516010225,-0.0576052863603749,1.0,272,2,2,724,0.985
vit_base,7,31005,RESIDUAL_CARRIER_r16_g0.75,16,0.75,True,0.726,0.0,2.750258207321167,-0.012176048941910267,-0.02680036798119545,-0.0009577302844263613,-0.05844276231152782,1.0,272,2,2,724,0.986
vit_base,7,31005,RESIDUAL_CARRIER_r16_g1.0,16,1.0,True,0.726,0.0,2.750316858291626,-0.012117291800677776,-0.0266807172447443,-0.0007740154978819191,-0.05773523475967549,1.0,272,2,2,724,0.986
vit_base,7,31005,UNWEIGHTED_CENTROID,64,0.0,True,0.726,0.0,2.7509419918060303,-0.011492404155433178,-0.02664736472070217,0.00029265196644701064,-0.055536286678895194,1.0,271,3,3,723,0.98
vit_base,7,31005,RESIDUAL_CARRIER_r64_g0.25,64,0.25,True,0.726,0.0,2.7505717277526855,-0.011862263083457947,-0.027021311223506927,-0.0003617719339672476,-0.05743150284156276,1.0,271,3,3,723,0.982
vit_base,7,31005,RESIDUAL_CARRIER_r64_g0.5,64,0.5,True,0.726,0.0,2.750295400619507,-0.012138723395764828,-0.027091413736343384,-0.0006792142521589994,-0.058624940105717546,1.0,272,2,2,724,0.985
vit_base,7,31005,RESIDUAL_CARRIER_r64_g0.75,64,0.75,True,0.725,-0.0010000000000000009,2.7501626014709473,-0.012271588668227196,-0.02734019048511982,-0.000917952274903655,-0.058950172347925905,1.0,272,3,2,723,0.984
vit_base,7,31005,RESIDUAL_CARRIER_r64_g1.0,64,1.0,True,0.725,-0.0010000000000000009,2.749847173690796,-0.012587033212184906,-0.027592437341809273,-0.0007626925362274051,-0.060065945136783934,1.0,272,3,2,723,0.985
vit_base,7,31005,UNWEIGHTED_CENTROID,D,0.0,True,0.726,0.0,2.7509419918060303,-0.011492404155433178,-0.02664736472070217,0.00029265196644701064,-0.055536286678895194,1.0,271,3,3,723,0.98
vit_base,7,31005,RESIDUAL_CARRIER_rD_g0.25,D,0.25,True,0.724,-0.0020000000000000018,2.750481605529785,-0.011952495202422142,-0.026939287781715393,-0.0003980354522354901,-0.05793125621900736,0.6875,272,4,2,722,0.982
vit_base,7,31005,RESIDUAL_CARRIER_rD_g0.5,D,0.5,True,0.724,-0.0020000000000000018,2.7500839233398438,-0.012350194156169891,-0.027497611939907074,-0.00085507269250229,-0.05975456725705658,0.6875,272,4,2,722,0.983
vit_base,7,31005,RESIDUAL_CARRIER_rD_g0.75,D,0.75,True,0.725,-0.0010000000000000009,2.74993896484375,-0.012495123781263828,-0.027288038283586502,-0.0010980743682011962,-0.06017464966056051,1.0,272,3,2,723,0.985
vit_base,7,31005,RAW_IMAGE_MEAN_CARRIER,D,1.0,True,0.724,-0.0020000000000000018,2.750708818435669,-0.011725440621376038,-0.026435434818267822,-7.480251952074468e-05,-0.05618423504671633,0.6875,272,4,2,722,0.984
