model,model_key,depth,budget_tokens,retention_frac,method,n_evaluated,clean_top1_acc,method_top1_acc,acc_minus_clean,clean_agreement,mean_logit_l2,mean_je_norm
DeiT-Tiny,deit_tiny,3,98,0.5,Spatial Group Mean,100,0.78,0.64,-0.14,0.79,16.159394998550415,13.76085866689682
DeiT-Tiny,deit_tiny,3,98,0.5,ToMe,100,0.78,0.66,-0.12,0.84,12.588587665557862,0.0
DeiT-Tiny,deit_tiny,3,98,0.5,Attention Pruning,100,0.78,0.77,-0.010000000000000009,0.88,11.568173351287841,0.0
DeiT-Tiny,deit_tiny,3,98,0.5,Oracle Rank-32,40,0.78,0.6,-0.18000000000000005,0.725,16.911393690109254,12.707340097427368
DeiT-Tiny,deit_tiny,3,98,0.5,Predicted Rank-32,100,0.78,0.64,-0.14,0.79,16.138344798088074,0.0
DeiT-Tiny,deit_tiny,3,49,0.25,Spatial Group Mean,100,0.78,0.33,-0.45,0.37,33.27092041015625,19.544419372081755
DeiT-Tiny,deit_tiny,3,49,0.25,ToMe,100,0.78,0.47,-0.31000000000000005,0.61,26.980811586380003,0.0
DeiT-Tiny,deit_tiny,3,49,0.25,Attention Pruning,100,0.78,0.61,-0.17000000000000004,0.69,22.509276638031007,0.0
DeiT-Tiny,deit_tiny,3,49,0.25,Oracle Rank-32,40,0.78,0.2,-0.5800000000000001,0.275,34.765428352355954,17.997657454013826
DeiT-Tiny,deit_tiny,3,49,0.25,Predicted Rank-32,100,0.78,0.34,-0.44,0.37,33.21111064910889,0.0
DeiT-Tiny,deit_tiny,3,32,0.16326530612244897,Spatial Group Mean,100,0.78,0.14,-0.64,0.19,40.0078098487854,22.494517922401428
DeiT-Tiny,deit_tiny,3,32,0.16326530612244897,ToMe,100,0.78,0.31,-0.47000000000000003,0.35,34.62292092323303,0.0
DeiT-Tiny,deit_tiny,3,32,0.16326530612244897,Attention Pruning,100,0.78,0.47,-0.31000000000000005,0.54,28.33973098754883,0.0
DeiT-Tiny,deit_tiny,3,32,0.16326530612244897,Oracle Rank-32,40,0.78,0.15,-0.63,0.2,40.832883501052855,20.63983039855957
DeiT-Tiny,deit_tiny,3,32,0.16326530612244897,Predicted Rank-32,100,0.78,0.14,-0.64,0.19,40.010458583831785,0.0
DeiT-Tiny,deit_tiny,6,98,0.5,Spatial Group Mean,100,0.78,0.71,-0.07000000000000006,0.85,9.17779322385788,8.050821596384049
DeiT-Tiny,deit_tiny,6,98,0.5,ToMe,100,0.78,0.73,-0.050000000000000044,0.89,5.796472400426865,0.0
DeiT-Tiny,deit_tiny,6,98,0.5,Attention Pruning,100,0.78,0.77,-0.010000000000000009,0.87,7.836974229812622,0.0
DeiT-Tiny,deit_tiny,6,98,0.5,Oracle Rank-32,40,0.78,0.65,-0.13,0.8,9.528201717138291,7.483001178503036
DeiT-Tiny,deit_tiny,6,98,0.5,Predicted Rank-32,100,0.78,0.71,-0.07000000000000006,0.85,9.122097747325897,0.0
DeiT-Tiny,deit_tiny,6,49,0.25,Spatial Group Mean,100,0.78,0.63,-0.15000000000000002,0.78,15.189453468322753,11.76352355480194
DeiT-Tiny,deit_tiny,6,49,0.25,ToMe,100,0.78,0.72,-0.06000000000000005,0.87,9.748969852924347,0.0
DeiT-Tiny,deit_tiny,6,49,0.25,Attention Pruning,100,0.78,0.64,-0.14,0.74,15.686083307266236,0.0
DeiT-Tiny,deit_tiny,6,49,0.25,Oracle Rank-32,40,0.78,0.6,-0.18000000000000005,0.7,15.96857509613037,10.907480871677398
DeiT-Tiny,deit_tiny,6,49,0.25,Predicted Rank-32,100,0.78,0.63,-0.15000000000000002,0.78,15.085085434913635,0.0
DeiT-Tiny,deit_tiny,6,32,0.16326530612244897,Spatial Group Mean,100,0.78,0.6,-0.18000000000000005,0.7,20.048670563697815,13.689097321033477
DeiT-Tiny,deit_tiny,6,32,0.16326530612244897,ToMe,100,0.78,0.69,-0.09000000000000008,0.85,12.228932943344116,0.0
DeiT-Tiny,deit_tiny,6,32,0.16326530612244897,Attention Pruning,100,0.78,0.61,-0.17000000000000004,0.72,20.045767030715943,0.0
DeiT-Tiny,deit_tiny,6,32,0.16326530612244897,Oracle Rank-32,40,0.78,0.55,-0.22999999999999998,0.65,20.80864950418472,12.658204972743988
DeiT-Tiny,deit_tiny,6,32,0.16326530612244897,Predicted Rank-32,100,0.78,0.6,-0.18000000000000005,0.71,19.890790510177613,0.0
DeiT-Tiny,deit_tiny,8,98,0.5,Spatial Group Mean,100,0.78,0.74,-0.040000000000000036,0.91,7.946015377044677,7.5726620078086855
DeiT-Tiny,deit_tiny,8,98,0.5,ToMe,100,0.78,0.77,-0.010000000000000009,0.96,4.044340233802796,0.0
DeiT-Tiny,deit_tiny,8,98,0.5,Attention Pruning,100,0.78,0.78,0.0,0.95,5.553415771722793,0.0
DeiT-Tiny,deit_tiny,8,98,0.5,Oracle Rank-32,40,0.78,0.725,-0.05500000000000005,0.925,8.26159331202507,7.065290558338165
DeiT-Tiny,deit_tiny,8,98,0.5,Predicted Rank-32,100,0.78,0.75,-0.030000000000000027,0.92,7.78924082994461,0.0
DeiT-Tiny,deit_tiny,8,49,0.25,Spatial Group Mean,100,0.78,0.69,-0.09000000000000008,0.88,12.728517928123473,11.058401262760162
DeiT-Tiny,deit_tiny,8,49,0.25,ToMe,100,0.78,0.75,-0.030000000000000027,0.94,7.136058909893036,0.0
DeiT-Tiny,deit_tiny,8,49,0.25,Attention Pruning,100,0.78,0.75,-0.030000000000000027,0.87,11.837658529281617,0.0
DeiT-Tiny,deit_tiny,8,49,0.25,Oracle Rank-32,40,0.78,0.65,-0.13,0.825,12.69699693918228,10.303305518627166
DeiT-Tiny,deit_tiny,8,49,0.25,Predicted Rank-32,100,0.78,0.7,-0.08000000000000007,0.9,12.447846875190734,0.0
DeiT-Tiny,deit_tiny,8,32,0.16326530612244897,Spatial Group Mean,100,0.78,0.66,-0.12,0.85,15.91140007019043,13.44636994600296
DeiT-Tiny,deit_tiny,8,32,0.16326530612244897,ToMe,100,0.78,0.75,-0.030000000000000027,0.92,8.32971297264099,0.0
DeiT-Tiny,deit_tiny,8,32,0.16326530612244897,Attention Pruning,100,0.78,0.75,-0.030000000000000027,0.85,15.977105259895325,0.0
DeiT-Tiny,deit_tiny,8,32,0.16326530612244897,Oracle Rank-32,40,0.78,0.625,-0.15500000000000003,0.8,15.998222637176514,12.486535620689391
DeiT-Tiny,deit_tiny,8,32,0.16326530612244897,Predicted Rank-32,100,0.78,0.67,-0.10999999999999999,0.86,15.530790061950684,0.0
DeiT-Small,deit_small,3,98,0.5,Spatial Group Mean,100,0.81,0.77,-0.040000000000000036,0.9,9.752711839675904,8.733232951164245
DeiT-Small,deit_small,3,98,0.5,ToMe,100,0.81,0.79,-0.020000000000000018,0.91,7.915015597343444,0.0
DeiT-Small,deit_small,3,98,0.5,Attention Pruning,100,0.81,0.82,0.009999999999999898,0.91,8.315116553306579,0.0
DeiT-Small,deit_small,3,98,0.5,Oracle Rank-32,40,0.81,0.775,-0.03500000000000003,0.925,10.443728387355804,8.129361814260482
DeiT-Small,deit_small,3,98,0.5,Predicted Rank-32,100,0.81,0.77,-0.040000000000000036,0.9,9.747843639850617,0.0
DeiT-Small,deit_small,3,49,0.25,Spatial Group Mean,100,0.81,0.61,-0.20000000000000007,0.73,19.74360923290253,12.477091991901398
DeiT-Small,deit_small,3,49,0.25,ToMe,100,0.81,0.67,-0.14,0.73,16.055900120735167,0.0
DeiT-Small,deit_small,3,49,0.25,Attention Pruning,100,0.81,0.68,-0.13,0.76,16.334406476020813,0.0
DeiT-Small,deit_small,3,49,0.25,Oracle Rank-32,40,0.81,0.5,-0.31000000000000005,0.65,21.47232154607773,11.555017626285553
DeiT-Small,deit_small,3,49,0.25,Predicted Rank-32,100,0.81,0.61,-0.20000000000000007,0.73,19.714516558647155,0.0
DeiT-Small,deit_small,3,32,0.16326530612244897,Spatial Group Mean,100,0.81,0.37,-0.44000000000000006,0.41,28.49725522041321,14.206791055202483
DeiT-Small,deit_small,3,32,0.16326530612244897,ToMe,100,0.81,0.56,-0.25,0.61,22.278467235565184,0.0
DeiT-Small,deit_small,3,32,0.16326530612244897,Attention Pruning,100,0.81,0.58,-0.2300000000000001,0.62,20.76161570072174,0.0
DeiT-Small,deit_small,3,32,0.16326530612244897,Oracle Rank-32,40,0.81,0.325,-0.48500000000000004,0.375,30.278472113609315,13.135861027240754
DeiT-Small,deit_small,3,32,0.16326530612244897,Predicted Rank-32,100,0.81,0.37,-0.44000000000000006,0.41,28.481239528656005,0.0
DeiT-Small,deit_small,6,98,0.5,Spatial Group Mean,100,0.81,0.78,-0.030000000000000027,0.93,6.365934894084931,5.756641989946365
DeiT-Small,deit_small,6,98,0.5,ToMe,100,0.81,0.81,0.0,0.95,3.7568283689022066,0.0
DeiT-Small,deit_small,6,98,0.5,Attention Pruning,100,0.81,0.8,-0.010000000000000009,0.96,5.802944126129151,0.0
DeiT-Small,deit_small,6,98,0.5,Oracle Rank-32,40,0.81,0.8,-0.010000000000000009,0.95,6.393634188175201,5.403544008731842
DeiT-Small,deit_small,6,98,0.5,Predicted Rank-32,100,0.81,0.78,-0.030000000000000027,0.93,6.345869565010071,0.0
DeiT-Small,deit_small,6,49,0.25,Spatial Group Mean,100,0.81,0.75,-0.06000000000000005,0.82,10.898876099586486,7.994475388526917
DeiT-Small,deit_small,6,49,0.25,ToMe,100,0.81,0.79,-0.020000000000000018,0.9,6.685831565856933,0.0
DeiT-Small,deit_small,6,49,0.25,Attention Pruning,100,0.81,0.78,-0.030000000000000027,0.89,10.296443991661071,0.0
DeiT-Small,deit_small,6,49,0.25,Oracle Rank-32,40,0.81,0.725,-0.08500000000000008,0.775,11.313038539886474,7.503240293264389
DeiT-Small,deit_small,6,49,0.25,Predicted Rank-32,100,0.81,0.75,-0.06000000000000005,0.82,10.88891372203827,0.0
DeiT-Small,deit_small,6,32,0.16326530612244897,Spatial Group Mean,100,0.81,0.73,-0.08000000000000007,0.77,14.178282608985901,9.137265610694886
DeiT-Small,deit_small,6,32,0.16326530612244897,ToMe,100,0.81,0.76,-0.050000000000000044,0.88,8.118825800418854,0.0
DeiT-Small,deit_small,6,32,0.16326530612244897,Attention Pruning,100,0.81,0.73,-0.08000000000000007,0.78,13.547783184051514,0.0
DeiT-Small,deit_small,6,32,0.16326530612244897,Oracle Rank-32,40,0.81,0.7,-0.1100000000000001,0.675,14.665917563438416,8.546391773223878
DeiT-Small,deit_small,6,32,0.16326530612244897,Predicted Rank-32,100,0.81,0.73,-0.08000000000000007,0.77,14.160846276283264,0.0
DeiT-Small,deit_small,8,98,0.5,Spatial Group Mean,100,0.81,0.8,-0.010000000000000009,0.94,6.031579296588898,5.793646252155304
DeiT-Small,deit_small,8,98,0.5,ToMe,100,0.81,0.82,0.009999999999999898,0.98,2.700522041320801,0.0
DeiT-Small,deit_small,8,98,0.5,Attention Pruning,100,0.81,0.8,-0.010000000000000009,0.97,4.258694971203804,0.0
DeiT-Small,deit_small,8,98,0.5,Oracle Rank-32,40,0.81,0.8,-0.010000000000000009,0.925,5.853903904557228,5.401897758245468
DeiT-Small,deit_small,8,98,0.5,Predicted Rank-32,100,0.81,0.8,-0.010000000000000009,0.94,5.92941153049469,0.0
DeiT-Small,deit_small,8,49,0.25,Spatial Group Mean,100,0.81,0.8,-0.010000000000000009,0.93,9.721445794105529,8.552852207422257
DeiT-Small,deit_small,8,49,0.25,ToMe,100,0.81,0.81,0.0,0.95,4.825197178125381,0.0
DeiT-Small,deit_small,8,49,0.25,Attention Pruning,100,0.81,0.81,0.0,0.97,7.384054244756698,0.0
DeiT-Small,deit_small,8,49,0.25,Oracle Rank-32,40,0.81,0.775,-0.03500000000000003,0.9,9.213492465019225,7.943456655740738
DeiT-Small,deit_small,8,49,0.25,Predicted Rank-32,100,0.81,0.81,0.0,0.94,9.538777537345887,0.0
DeiT-Small,deit_small,8,32,0.16326530612244897,Spatial Group Mean,100,0.81,0.77,-0.040000000000000036,0.84,12.317540674209594,10.028954374790192
DeiT-Small,deit_small,8,32,0.16326530612244897,ToMe,100,0.81,0.81,0.0,0.94,5.818993463516235,0.0
DeiT-Small,deit_small,8,32,0.16326530612244897,Attention Pruning,100,0.81,0.8,-0.010000000000000009,0.9,9.504902627468109,0.0
DeiT-Small,deit_small,8,32,0.16326530612244897,Oracle Rank-32,40,0.81,0.7,-0.1100000000000001,0.775,11.983926653862,9.265843975543977
DeiT-Small,deit_small,8,32,0.16326530612244897,Predicted Rank-32,100,0.81,0.78,-0.030000000000000027,0.85,12.11468713760376,0.0
ViT-Base,vit_base,3,98,0.5,Spatial Group Mean,100,0.8,0.76,-0.040000000000000036,0.91,7.517583231925965,12.773859214782714
ViT-Base,vit_base,3,98,0.5,ToMe,100,0.8,0.77,-0.030000000000000027,0.93,5.915484974384308,0.0
ViT-Base,vit_base,3,98,0.5,Attention Pruning,100,0.8,0.79,-0.010000000000000009,0.92,7.2870835375785825,0.0
ViT-Base,vit_base,3,98,0.5,Oracle Rank-32,40,0.8,0.775,-0.025000000000000022,0.95,7.758574509620667,11.917835640907288
ViT-Base,vit_base,3,98,0.5,Predicted Rank-32,100,0.8,0.76,-0.040000000000000036,0.91,7.509599659442902,0.0
ViT-Base,vit_base,3,49,0.25,Spatial Group Mean,100,0.8,0.6,-0.20000000000000007,0.67,17.732944831848144,17.29075062274933
ViT-Base,vit_base,3,49,0.25,ToMe,100,0.8,0.68,-0.12,0.78,13.738633296489716,0.0
ViT-Base,vit_base,3,49,0.25,Attention Pruning,100,0.8,0.68,-0.12,0.71,16.76019824028015,0.0
ViT-Base,vit_base,3,49,0.25,Oracle Rank-32,40,0.8,0.6,-0.20000000000000007,0.675,18.61257964372635,16.088510990142822
ViT-Base,vit_base,3,49,0.25,Predicted Rank-32,100,0.8,0.6,-0.20000000000000007,0.67,17.719248480796814,0.0
ViT-Base,vit_base,3,32,0.16326530612244897,Spatial Group Mean,100,0.8,0.42,-0.38000000000000006,0.47,27.467095766067505,19.362086391448976
ViT-Base,vit_base,3,32,0.16326530612244897,ToMe,100,0.8,0.6,-0.20000000000000007,0.65,20.849821939468384,0.0
ViT-Base,vit_base,3,32,0.16326530612244897,Attention Pruning,100,0.8,0.51,-0.29000000000000004,0.54,25.19762514591217,0.0
ViT-Base,vit_base,3,32,0.16326530612244897,Oracle Rank-32,40,0.8,0.4,-0.4,0.475,28.125698685646057,17.98174728155136
ViT-Base,vit_base,3,32,0.16326530612244897,Predicted Rank-32,100,0.8,0.42,-0.38000000000000006,0.47,27.445511045455934,0.0
ViT-Base,vit_base,5,98,0.5,Spatial Group Mean,100,0.8,0.76,-0.040000000000000036,0.9,5.619291661977768,9.911547303199768
ViT-Base,vit_base,5,98,0.5,ToMe,100,0.8,0.77,-0.030000000000000027,0.92,3.581219205856323,0.0
ViT-Base,vit_base,5,98,0.5,Attention Pruning,100,0.8,0.8,0.0,0.93,7.613936374187469,0.0
ViT-Base,vit_base,5,98,0.5,Oracle Rank-32,40,0.8,0.725,-0.07500000000000007,0.925,6.068716943264008,9.314043068885804
ViT-Base,vit_base,5,98,0.5,Predicted Rank-32,100,0.8,0.76,-0.040000000000000036,0.91,5.588587884902954,0.0
ViT-Base,vit_base,5,49,0.25,Spatial Group Mean,100,0.8,0.7,-0.10000000000000009,0.82,11.15593099117279,14.2419398188591
ViT-Base,vit_base,5,49,0.25,ToMe,100,0.8,0.74,-0.06000000000000005,0.88,7.259729467630386,0.0
ViT-Base,vit_base,5,49,0.25,Attention Pruning,100,0.8,0.76,-0.040000000000000036,0.79,13.662527356147766,0.0
ViT-Base,vit_base,5,49,0.25,Oracle Rank-32,40,0.8,0.675,-0.125,0.825,11.29046767950058,13.336096346378326
ViT-Base,vit_base,5,49,0.25,Predicted Rank-32,100,0.8,0.7,-0.10000000000000009,0.83,11.108328819274902,0.0
ViT-Base,vit_base,5,32,0.16326530612244897,Spatial Group Mean,100,0.8,0.61,-0.19000000000000006,0.75,16.391817107200623,16.10642318725586
ViT-Base,vit_base,5,32,0.16326530612244897,ToMe,100,0.8,0.71,-0.09000000000000008,0.83,9.810200395584106,0.0
ViT-Base,vit_base,5,32,0.16326530612244897,Attention Pruning,100,0.8,0.64,-0.16000000000000003,0.68,17.995967535972596,0.0
ViT-Base,vit_base,5,32,0.16326530612244897,Oracle Rank-32,40,0.8,0.575,-0.2250000000000001,0.75,17.26456435918808,15.048582339286805
ViT-Base,vit_base,5,32,0.16326530612244897,Predicted Rank-32,100,0.8,0.63,-0.17000000000000004,0.77,16.273859400749206,0.0
ViT-Base,vit_base,7,98,0.5,Spatial Group Mean,100,0.8,0.77,-0.030000000000000027,0.93,4.310380641222,8.03097095489502
ViT-Base,vit_base,7,98,0.5,ToMe,100,0.8,0.79,-0.010000000000000009,0.99,2.24436572432518,0.0
ViT-Base,vit_base,7,98,0.5,Attention Pruning,100,0.8,0.8,0.0,0.93,4.864520453214645,0.0
ViT-Base,vit_base,7,98,0.5,Oracle Rank-32,40,0.8,0.775,-0.025000000000000022,0.95,4.409314385056495,7.582528322935104
ViT-Base,vit_base,7,98,0.5,Predicted Rank-32,100,0.8,0.77,-0.030000000000000027,0.93,4.294307636022568,0.0
ViT-Base,vit_base,7,49,0.25,Spatial Group Mean,100,0.8,0.76,-0.040000000000000036,0.89,8.384328761100768,11.84356997013092
ViT-Base,vit_base,7,49,0.25,ToMe,100,0.8,0.77,-0.030000000000000027,0.97,4.390582453012467,0.0
ViT-Base,vit_base,7,49,0.25,Attention Pruning,100,0.8,0.8,0.0,0.85,9.47084226846695,0.0
ViT-Base,vit_base,7,49,0.25,Oracle Rank-32,40,0.8,0.775,-0.025000000000000022,0.875,8.55640069246292,11.16780366897583
ViT-Base,vit_base,7,49,0.25,Predicted Rank-32,100,0.8,0.75,-0.050000000000000044,0.89,8.330080497264863,0.0
ViT-Base,vit_base,7,32,0.16326530612244897,Spatial Group Mean,100,0.8,0.72,-0.08000000000000007,0.86,10.99768231153488,13.559542286396027
ViT-Base,vit_base,7,32,0.16326530612244897,ToMe,100,0.8,0.79,-0.010000000000000009,0.92,5.859006975889206,0.0
ViT-Base,vit_base,7,32,0.16326530612244897,Attention Pruning,100,0.8,0.79,-0.010000000000000009,0.79,12.289921803474426,0.0
ViT-Base,vit_base,7,32,0.16326530612244897,Oracle Rank-32,40,0.8,0.7,-0.10000000000000009,0.85,11.784505784511566,12.739260017871857
ViT-Base,vit_base,7,32,0.16326530612244897,Predicted Rank-32,100,0.8,0.73,-0.07000000000000006,0.86,10.868317999839782,0.0
DINOv2-S,dinov2,3,128,0.5,Spatial Group Mean,100,0.87,0.62,-0.25,0.67,58.46420360565185,39.47114009857178
DINOv2-S,dinov2,3,128,0.5,ToMe,100,0.87,0.67,-0.19999999999999996,0.7,54.369506950378415,0.0
DINOv2-S,dinov2,3,128,0.5,Attention Pruning,100,0.87,0.76,-0.10999999999999999,0.84,39.64347599029541,0.0
DINOv2-S,dinov2,3,128,0.5,Oracle Rank-32,40,0.87,0.575,-0.29500000000000004,0.6,60.15978751182556,37.15395536422729
DINOv2-S,dinov2,3,128,0.5,Predicted Rank-32,100,0.87,0.62,-0.25,0.67,58.49768018722534,0.0
DINOv2-S,dinov2,3,64,0.25,Spatial Group Mean,100,0.87,0.02,-0.85,0.02,112.09577033996582,55.74893760681152
DINOv2-S,dinov2,3,64,0.25,ToMe,100,0.87,0.04,-0.83,0.05,105.10278381347656,0.0
DINOv2-S,dinov2,3,64,0.25,Attention Pruning,100,0.87,0.52,-0.35,0.58,68.19220830917358,0.0
DINOv2-S,dinov2,3,64,0.25,Oracle Rank-32,40,0.87,0.0,-0.87,0.0,113.21070003509521,52.36132912635803
DINOv2-S,dinov2,3,64,0.25,Predicted Rank-32,100,0.87,0.02,-0.85,0.02,112.16011840820312,0.0
DINOv2-S,dinov2,3,42,0.1640625,Spatial Group Mean,100,0.87,0.01,-0.86,0.01,118.36233589172363,60.96112413406372
DINOv2-S,dinov2,3,42,0.1640625,ToMe,100,0.87,0.0,-0.87,0.0,112.10142837524414,0.0
DINOv2-S,dinov2,3,42,0.1640625,Attention Pruning,100,0.87,0.31,-0.56,0.33,81.15870067596435,0.0
DINOv2-S,dinov2,3,42,0.1640625,Oracle Rank-32,40,0.87,0.0,-0.87,0.0,119.86372337341308,57.13314523696899
DINOv2-S,dinov2,3,42,0.1640625,Predicted Rank-32,100,0.87,0.01,-0.86,0.01,118.3602131652832,0.0
DINOv2-S,dinov2,6,128,0.5,Spatial Group Mean,100,0.87,0.79,-0.07999999999999996,0.86,26.801808681488037,21.93246281147003
DINOv2-S,dinov2,6,128,0.5,ToMe,100,0.87,0.83,-0.040000000000000036,0.89,21.207895460128785,0.0
DINOv2-S,dinov2,6,128,0.5,Attention Pruning,100,0.87,0.83,-0.040000000000000036,0.93,23.489825401306152,0.0
DINOv2-S,dinov2,6,128,0.5,Oracle Rank-32,40,0.87,0.8,-0.06999999999999995,0.9,25.139110040664672,20.77685468196869
DINOv2-S,dinov2,6,128,0.5,Predicted Rank-32,100,0.87,0.79,-0.07999999999999996,0.86,26.736270389556886,0.0
DINOv2-S,dinov2,6,64,0.25,Spatial Group Mean,100,0.87,0.6,-0.27,0.67,54.1536653137207,32.69573612213135
DINOv2-S,dinov2,6,64,0.25,ToMe,100,0.87,0.72,-0.15000000000000002,0.77,46.84074602127075,0.0
DINOv2-S,dinov2,6,64,0.25,Attention Pruning,100,0.87,0.77,-0.09999999999999998,0.83,44.74714004516601,0.0
DINOv2-S,dinov2,6,64,0.25,Oracle Rank-32,40,0.87,0.6,-0.27,0.675,53.52654395103455,30.94813871383667
DINOv2-S,dinov2,6,64,0.25,Predicted Rank-32,100,0.87,0.6,-0.27,0.67,53.94657846450806,0.0
DINOv2-S,dinov2,6,42,0.1640625,Spatial Group Mean,100,0.87,0.39,-0.48,0.39,74.67720109939575,37.76791338920593
DINOv2-S,dinov2,6,42,0.1640625,ToMe,100,0.87,0.53,-0.33999999999999997,0.57,65.85829698562623,0.0
DINOv2-S,dinov2,6,42,0.1640625,Attention Pruning,100,0.87,0.67,-0.19999999999999996,0.71,57.416940975189206,0.0
DINOv2-S,dinov2,6,42,0.1640625,Oracle Rank-32,40,0.87,0.4,-0.47,0.375,75.41912107467651,35.67882075309753
DINOv2-S,dinov2,6,42,0.1640625,Predicted Rank-32,100,0.87,0.4,-0.47,0.4,74.38210302352906,0.0
DINOv2-S,dinov2,8,128,0.5,Spatial Group Mean,100,0.87,0.83,-0.040000000000000036,0.93,22.16991792678833,23.051401710510255
DINOv2-S,dinov2,8,128,0.5,ToMe,100,0.87,0.82,-0.050000000000000044,0.92,15.475660886764526,0.0
DINOv2-S,dinov2,8,128,0.5,Attention Pruning,100,0.87,0.82,-0.050000000000000044,0.93,17.500993533134462,0.0
DINOv2-S,dinov2,8,128,0.5,Oracle Rank-32,40,0.87,0.85,-0.020000000000000018,0.975,21.070776677131654,21.81069107055664
DINOv2-S,dinov2,8,128,0.5,Predicted Rank-32,100,0.87,0.83,-0.040000000000000036,0.93,21.94029619216919,0.0
DINOv2-S,dinov2,8,64,0.25,Spatial Group Mean,100,0.87,0.77,-0.09999999999999998,0.8,38.204908180236814,34.52320194244385
DINOv2-S,dinov2,8,64,0.25,ToMe,100,0.87,0.79,-0.07999999999999996,0.86,32.45260654449463,0.0
DINOv2-S,dinov2,8,64,0.25,Attention Pruning,100,0.87,0.81,-0.05999999999999994,0.91,34.544649353027346,0.0
DINOv2-S,dinov2,8,64,0.25,Oracle Rank-32,40,0.87,0.775,-0.09499999999999997,0.825,38.88047022819519,32.51307406425476
DINOv2-S,dinov2,8,64,0.25,Predicted Rank-32,100,0.87,0.77,-0.09999999999999998,0.8,37.70693332672119,0.0
DINOv2-S,dinov2,8,42,0.1640625,Spatial Group Mean,100,0.87,0.65,-0.21999999999999997,0.67,50.77124597549439,39.515348529815675
DINOv2-S,dinov2,8,42,0.1640625,ToMe,100,0.87,0.72,-0.15000000000000002,0.79,43.29931583404541,0.0
DINOv2-S,dinov2,8,42,0.1640625,Attention Pruning,100,0.87,0.8,-0.06999999999999995,0.89,45.199111976623534,0.0
DINOv2-S,dinov2,8,42,0.1640625,Oracle Rank-32,40,0.87,0.675,-0.19499999999999995,0.65,51.490335035324094,37.116128492355344
DINOv2-S,dinov2,8,42,0.1640625,Predicted Rank-32,100,0.87,0.64,-0.22999999999999998,0.66,50.06816453933716,0.0
