model,model_key,n_patches,budget_tokens,retention_frac,orig_medoid_grouping_ms,vectorized_similarity_ms,fixed_spatial_grid_ms,spatial_speedup_vs_orig
DeiT-Tiny,deit_tiny,196,98,0.5,44.75142288208008,9.183808326721191,0.006591999903321266,6788.747502792414
DeiT-Tiny,deit_tiny,196,49,0.25,41.096126556396484,4.875632047653198,0.01711999997496605,2400.4746855426315
DeiT-Tiny,deit_tiny,196,32,0.16326530612244897,13.874272346496582,2.6187840700149536,0.00660800002515316,2099.6174778578343
DeiT-Small,deit_small,196,98,0.5,72.49852752685547,14.487247943878174,0.017536000348627567,4134.268139001803
DeiT-Small,deit_small,196,49,0.25,37.81391906738281,4.498496055603027,0.006640000035986304,5694.867298561082
DeiT-Small,deit_small,196,32,0.16326530612244897,12.58556842803955,3.6977760791778564,0.01744000054895878,721.6495431125975
ViT-Base,vit_base,196,98,0.5,54.79062271118164,13.473231792449951,0.018592000007629395,2946.9999294695467
ViT-Base,vit_base,196,49,0.25,46.89401626586914,4.7807838916778564,0.017632000148296356,2659.5970888986267
ViT-Base,vit_base,196,32,0.16326530612244897,15.525888442993164,3.449183940887451,0.017551999539136887,884.5652262224618
DINOv2-S,dinov2,256,128,0.5,104.57062530517578,11.39574384689331,0.017551999539136887,5957.761397612138
DINOv2-S,dinov2,256,64,0.25,43.84233474731445,5.413887977600098,0.017487999983131886,2506.9953562215655
DINOv2-S,dinov2,256,42,0.1640625,30.658687591552734,7.077376127243042,0.01774400006979704,1727.8340549456173
