model,model_key,depth,budget_tokens,retention_frac,method,latency_ms,top1_accuracy,acc_minus_clean,clean_agreement,logit_l2
DeiT-Tiny,deit_tiny,6,98,0.5,Attention Pruning,10.166688203811646,0.77,-0.010000000000000009,0.87,7.836974229812622
DeiT-Tiny,deit_tiny,6,98,0.5,ToMe,50.68468904495239,0.73,-0.050000000000000044,0.89,5.796472400426865
DeiT-Tiny,deit_tiny,6,98,0.5,Spatial Group Mean,9.872496128082275,0.71,-0.07000000000000006,0.85,9.17779322385788
DeiT-Tiny,deit_tiny,6,98,0.5,Fast Amortized Operator,12.349808096885681,0.71,-0.07000000000000006,0.85,9.122097747325897
DeiT-Tiny,deit_tiny,6,98,0.5,Oracle Operator,404.8864960670471,0.65,-0.13,0.8,9.528201717138291
DeiT-Tiny,deit_tiny,6,49,0.25,Attention Pruning,9.925519943237305,0.64,-0.14,0.74,15.686083307266236
DeiT-Tiny,deit_tiny,6,49,0.25,ToMe,64.28606414794922,0.72,-0.06000000000000005,0.87,9.748969852924347
DeiT-Tiny,deit_tiny,6,49,0.25,Spatial Group Mean,9.804703950881958,0.63,-0.15000000000000002,0.78,15.189453468322753
DeiT-Tiny,deit_tiny,6,49,0.25,Fast Amortized Operator,12.183615982532501,0.63,-0.15000000000000002,0.78,15.085085434913635
DeiT-Tiny,deit_tiny,6,49,0.25,Oracle Operator,405.0814399719238,0.6,-0.18000000000000005,0.7,15.96857509613037
DeiT-Tiny,deit_tiny,6,32,0.16326530612244897,Attention Pruning,9.10968017578125,0.61,-0.17000000000000004,0.72,20.045767030715943
DeiT-Tiny,deit_tiny,6,32,0.16326530612244897,ToMe,74.20865654945374,0.69,-0.09000000000000008,0.85,12.228932943344116
DeiT-Tiny,deit_tiny,6,32,0.16326530612244897,Spatial Group Mean,8.956703901290894,0.6,-0.18000000000000005,0.7,20.048670563697815
DeiT-Tiny,deit_tiny,6,32,0.16326530612244897,Fast Amortized Operator,11.333487927913666,0.6,-0.18000000000000005,0.71,19.890790510177613
DeiT-Tiny,deit_tiny,6,32,0.16326530612244897,Oracle Operator,404.2414400577545,0.55,-0.22999999999999998,0.65,20.80864950418472
DeiT-Small,deit_small,6,98,0.5,Attention Pruning,9.893872022628784,0.8,-0.010000000000000009,0.96,5.802944126129151
DeiT-Small,deit_small,6,98,0.5,ToMe,50.54236841201782,0.81,0.0,0.95,3.7568283689022066
DeiT-Small,deit_small,6,98,0.5,Spatial Group Mean,10.34662413597107,0.78,-0.030000000000000027,0.93,6.365934894084931
DeiT-Small,deit_small,6,98,0.5,Fast Amortized Operator,12.793344140052795,0.78,-0.030000000000000027,0.93,6.345869565010071
DeiT-Small,deit_small,6,98,0.5,Oracle Operator,404.4392800331116,0.8,-0.010000000000000009,0.95,6.393634188175201
DeiT-Small,deit_small,6,49,0.25,Attention Pruning,10.307551860809326,0.78,-0.030000000000000027,0.89,10.296443991661071
DeiT-Small,deit_small,6,49,0.25,ToMe,73.35240054130554,0.79,-0.020000000000000018,0.9,6.685831565856933
DeiT-Small,deit_small,6,49,0.25,Spatial Group Mean,10.212000131607056,0.75,-0.06000000000000005,0.82,10.898876099586486
DeiT-Small,deit_small,6,49,0.25,Fast Amortized Operator,12.711408138275146,0.75,-0.06000000000000005,0.82,10.88891372203827
DeiT-Small,deit_small,6,49,0.25,Oracle Operator,405.0699679851532,0.725,-0.08500000000000008,0.775,11.313038539886474
DeiT-Small,deit_small,6,32,0.16326530612244897,Attention Pruning,10.187040090560913,0.73,-0.08000000000000007,0.78,13.547783184051514
DeiT-Small,deit_small,6,32,0.16326530612244897,ToMe,78.14198589324951,0.76,-0.050000000000000044,0.88,8.118825800418854
DeiT-Small,deit_small,6,32,0.16326530612244897,Spatial Group Mean,10.013984203338623,0.73,-0.08000000000000007,0.77,14.178282608985901
DeiT-Small,deit_small,6,32,0.16326530612244897,Fast Amortized Operator,12.431648194789886,0.73,-0.08000000000000007,0.77,14.160846276283264
DeiT-Small,deit_small,6,32,0.16326530612244897,Oracle Operator,404.6896162033081,0.7,-0.1100000000000001,0.675,14.665917563438416
ViT-Base,vit_base,5,98,0.5,Attention Pruning,10.258671879768372,0.8,0.0,0.93,7.613936374187469
ViT-Base,vit_base,5,98,0.5,ToMe,49.78048098087311,0.77,-0.030000000000000027,0.92,3.581219205856323
ViT-Base,vit_base,5,98,0.5,Spatial Group Mean,9.137488007545471,0.76,-0.040000000000000036,0.9,5.619291661977768
ViT-Base,vit_base,5,98,0.5,Fast Amortized Operator,11.72622400522232,0.76,-0.040000000000000036,0.91,5.588587884902954
ViT-Base,vit_base,5,98,0.5,Oracle Operator,403.89854395389557,0.725,-0.07500000000000007,0.925,6.068716943264008
ViT-Base,vit_base,5,49,0.25,Attention Pruning,10.097632050514221,0.76,-0.040000000000000036,0.79,13.662527356147766
ViT-Base,vit_base,5,49,0.25,ToMe,70.55972802639008,0.74,-0.06000000000000005,0.88,7.259729467630386
ViT-Base,vit_base,5,49,0.25,Spatial Group Mean,9.923488020896912,0.7,-0.10000000000000009,0.82,11.15593099117279
ViT-Base,vit_base,5,49,0.25,Fast Amortized Operator,12.364031970500946,0.7,-0.10000000000000009,0.83,11.108328819274902
ViT-Base,vit_base,5,49,0.25,Oracle Operator,403.7641919851303,0.675,-0.125,0.825,11.29046767950058
ViT-Base,vit_base,5,32,0.16326530612244897,Attention Pruning,9.834944009780884,0.64,-0.16000000000000003,0.68,17.995967535972596
ViT-Base,vit_base,5,32,0.16326530612244897,ToMe,76.18641829490662,0.71,-0.09000000000000008,0.83,9.810200395584106
ViT-Base,vit_base,5,32,0.16326530612244897,Spatial Group Mean,9.439696073532104,0.61,-0.19000000000000006,0.75,16.391817107200623
ViT-Base,vit_base,5,32,0.16326530612244897,Fast Amortized Operator,11.803264081478119,0.63,-0.17000000000000004,0.77,16.273859400749206
ViT-Base,vit_base,5,32,0.16326530612244897,Oracle Operator,403.84152007102966,0.575,-0.2250000000000001,0.75,17.26456435918808
DINOv2-S,dinov2,6,128,0.5,Attention Pruning,11.07038402557373,0.83,-0.040000000000000036,0.93,23.489825401306152
DINOv2-S,dinov2,6,128,0.5,ToMe,61.35003304481506,0.83,-0.040000000000000036,0.89,21.207895460128785
DINOv2-S,dinov2,6,128,0.5,Spatial Group Mean,10.605119943618774,0.79,-0.07999999999999996,0.86,26.801808681488037
DINOv2-S,dinov2,6,128,0.5,Fast Amortized Operator,12.999279975891113,0.79,-0.07999999999999996,0.86,26.736270389556886
DINOv2-S,dinov2,6,128,0.5,Oracle Operator,405.12344002723694,0.8,-0.06999999999999995,0.9,25.139110040664672
DINOv2-S,dinov2,6,64,0.25,Attention Pruning,10.371744155883789,0.77,-0.09999999999999998,0.83,44.74714004516601
DINOv2-S,dinov2,6,64,0.25,ToMe,91.00385546684265,0.72,-0.15000000000000002,0.77,46.84074602127075
DINOv2-S,dinov2,6,64,0.25,Spatial Group Mean,10.422752141952515,0.6,-0.27,0.67,54.1536653137207
DINOv2-S,dinov2,6,64,0.25,Fast Amortized Operator,12.859056115150452,0.6,-0.27,0.67,53.94657846450806
DINOv2-S,dinov2,6,64,0.25,Oracle Operator,404.82227206230164,0.6,-0.27,0.675,53.52654395103455
DINOv2-S,dinov2,6,42,0.1640625,Attention Pruning,10.41923189163208,0.67,-0.19999999999999996,0.71,57.416940975189206
DINOv2-S,dinov2,6,42,0.1640625,ToMe,95.69785523414612,0.53,-0.33999999999999997,0.57,65.85829698562623
DINOv2-S,dinov2,6,42,0.1640625,Spatial Group Mean,10.335824012756348,0.39,-0.48,0.39,74.67720109939575
DINOv2-S,dinov2,6,42,0.1640625,Fast Amortized Operator,12.096256017684937,0.4,-0.47,0.4,74.38210302352906
DINOv2-S,dinov2,6,42,0.1640625,Oracle Operator,404.6365759372711,0.4,-0.47,0.375,75.41912107467651
