model,condition,formulation,rank,seed,accuracy,mean_margin,margin_damage,realized_energy,mean_patch_norm
deit_tiny_patch16_224,natural_pca_rank_1_seed_16001,natural,1,16001,0.182,-1.528160948395729,2.696244780421257,15.542542131696429,6.151966018676758
deit_tiny_patch16_224,natural_pca_rank_1_seed_16002,natural,1,16002,0.187,-1.5426226820945739,2.710706514120102,15.488975605867347,6.147452627658844
deit_tiny_patch16_224,natural_pca_rank_1_seed_16003,natural,1,16003,0.184,-1.5354925706386566,2.7035764026641846,15.494767099808673,6.149242047309875
deit_tiny_patch16_224,natural_pca_rank_1_seed_16004,natural,1,16004,0.184,-1.517998928308487,2.686082760334015,15.501302176339285,6.1486672186851505
deit_tiny_patch16_224,natural_pca_rank_1_seed_16005,natural,1,16005,0.196,-1.532622199177742,2.70070603120327,15.524883011798469,6.150619453907013
deit_tiny_patch16_224,natural_pca_rank_2_seed_16001,natural,2,16001,0.192,-1.4938707551956176,2.6619545872211456,21.095371572066327,6.532590153217316
deit_tiny_patch16_224,natural_pca_rank_2_seed_16002,natural,2,16002,0.199,-1.4901008117198944,2.6581846437454226,21.1438717315051,6.532617535114288
deit_tiny_patch16_224,natural_pca_rank_2_seed_16003,natural,2,16003,0.199,-1.510412137031555,2.6784959690570833,21.035148915816325,6.527873722076416
deit_tiny_patch16_224,natural_pca_rank_2_seed_16004,natural,2,16004,0.192,-1.5064850213527679,2.674568853378296,21.09030357142857,6.528957920074463
deit_tiny_patch16_224,natural_pca_rank_2_seed_16005,natural,2,16005,0.187,-1.4935548359155655,2.6616386679410935,21.157445232780614,6.536993072986602
deit_tiny_patch16_224,natural_pca_rank_4_seed_16001,natural,4,16001,0.188,-1.5789943885803224,2.74707822060585,25.80301769770408,6.890455417633056
deit_tiny_patch16_224,natural_pca_rank_4_seed_16002,natural,4,16002,0.187,-1.5808342434167861,2.7489180754423144,25.817677774234692,6.89035749578476
deit_tiny_patch16_224,natural_pca_rank_4_seed_16003,natural,4,16003,0.19,-1.5878027293682098,2.755886561393738,25.744873086734692,6.88749671125412
deit_tiny_patch16_224,natural_pca_rank_4_seed_16004,natural,4,16004,0.176,-1.5940700204372407,2.7621538524627685,25.880554528061225,6.895395729541779
deit_tiny_patch16_224,natural_pca_rank_4_seed_16005,natural,4,16005,0.183,-1.5962716454267503,2.7643554774522783,25.928522799744897,6.900655481338501
deit_tiny_patch16_224,natural_pca_rank_8_seed_16001,natural,8,16001,0.184,-1.597716658949852,2.76580049097538,32.525047433035716,7.374220220565796
deit_tiny_patch16_224,natural_pca_rank_8_seed_16002,natural,8,16002,0.179,-1.6128568255901337,2.7809406576156617,32.444830755739794,7.369681086063385
deit_tiny_patch16_224,natural_pca_rank_8_seed_16003,natural,8,16003,0.195,-1.609594937324524,2.777678769350052,32.36801355229592,7.367826862335205
deit_tiny_patch16_224,natural_pca_rank_8_seed_16004,natural,8,16004,0.183,-1.5969553518295287,2.7650391838550568,32.604744897959186,7.3807263784408565
deit_tiny_patch16_224,natural_pca_rank_8_seed_16005,natural,8,16005,0.196,-1.595992188334465,2.764076020359993,32.61676084183674,7.383729300498962
deit_tiny_patch16_224,natural_pca_rank_16_seed_16001,natural,16,16001,0.188,-1.5976481417417525,2.7657319737672807,42.71712882653061,8.053105680942535
deit_tiny_patch16_224,natural_pca_rank_16_seed_16002,natural,16,16002,0.197,-1.6303170695304872,2.798400901556015,42.706835140306126,8.05309560585022
deit_tiny_patch16_224,natural_pca_rank_16_seed_16003,natural,16,16003,0.188,-1.6346554210186004,2.8027392530441286,42.65203268494898,8.051848611831666
deit_tiny_patch16_224,natural_pca_rank_16_seed_16004,natural,16,16004,0.2,-1.5651999912261962,2.7332838232517243,42.79533195153061,8.059840021133423
deit_tiny_patch16_224,natural_pca_rank_16_seed_16005,natural,16,16005,0.178,-1.6259114665985108,2.793995298624039,42.77169547193878,8.059919463157653
deit_tiny_patch16_224,natural_pca_rank_32_seed_16001,natural,32,16001,0.216,-1.5174263503551484,2.6855101823806766,58.099338169642856,8.975094561576844
deit_tiny_patch16_224,natural_pca_rank_32_seed_16002,natural,32,16002,0.223,-1.481655024766922,2.64973885679245,58.16642362882653,8.977815809249877
deit_tiny_patch16_224,natural_pca_rank_32_seed_16003,natural,32,16003,0.204,-1.532090515255928,2.700174347281456,58.12706887755102,8.98095729637146
deit_tiny_patch16_224,natural_pca_rank_32_seed_16004,natural,32,16004,0.207,-1.5180232791900634,2.686107111215591,58.18706026785714,8.980149267196655
deit_tiny_patch16_224,natural_pca_rank_32_seed_16005,natural,32,16005,0.203,-1.5228179295063018,2.69090176153183,58.22015194515306,8.985196249961852
deit_tiny_patch16_224,natural_pca_rank_64_seed_16001,natural,64,16001,0.225,-1.4386707413196564,2.6067545733451842,81.39962882653062,10.206543811798095
deit_tiny_patch16_224,natural_pca_rank_64_seed_16002,natural,64,16002,0.233,-1.4425351691246033,2.6106190011501313,81.39964604591837,10.210517534255981
deit_tiny_patch16_224,natural_pca_rank_64_seed_16003,natural,64,16003,0.221,-1.4490997335910798,2.6171835656166076,81.448484375,10.212203095436097
deit_tiny_patch16_224,natural_pca_rank_64_seed_16004,natural,64,16004,0.223,-1.4521104702949523,2.6201943023204803,81.42448469387755,10.207940859794617
deit_tiny_patch16_224,natural_pca_rank_64_seed_16005,natural,64,16005,0.222,-1.4710606963634492,2.639144528388977,81.48140880102041,10.212941031455994
deit_tiny_patch16_224,energy_matched_pca_rank_1_seed_16001,energy_matched,1,16001,0.178,-1.3522985340356828,2.520382366061211,130.98149107142856,10.934882977485657
deit_tiny_patch16_224,energy_matched_pca_rank_1_seed_16002,energy_matched,1,16002,0.166,-1.3515044865608214,2.5195883185863495,130.53007270408165,10.922165541648864
deit_tiny_patch16_224,energy_matched_pca_rank_1_seed_16003,energy_matched,1,16003,0.179,-1.3406528683900834,2.5087367004156116,130.5788801020408,10.926507586479188
deit_tiny_patch16_224,energy_matched_pca_rank_1_seed_16004,energy_matched,1,16004,0.17,-1.3526869311332703,2.520770763158798,130.63395216836736,10.925536692619323
deit_tiny_patch16_224,energy_matched_pca_rank_1_seed_16005,energy_matched,1,16005,0.166,-1.3591421928405762,2.5272260248661045,130.8326750637755,10.932201533317565
deit_tiny_patch16_224,energy_matched_pca_rank_2_seed_16001,energy_matched,2,16001,0.133,-1.603417174577713,2.7715010066032413,130.58330899234693,11.364239797592163
deit_tiny_patch16_224,energy_matched_pca_rank_2_seed_16002,energy_matched,2,16002,0.125,-1.6123621017932892,2.780445933818817,130.88353571428573,11.371334827423096
deit_tiny_patch16_224,energy_matched_pca_rank_2_seed_16003,energy_matched,2,16003,0.13,-1.6145045223236083,2.7825883543491363,130.21052200255102,11.35379290676117
deit_tiny_patch16_224,energy_matched_pca_rank_2_seed_16004,energy_matched,2,16004,0.132,-1.6049946975708007,2.7730785295963285,130.55193813775512,11.358596616744995
deit_tiny_patch16_224,energy_matched_pca_rank_2_seed_16005,energy_matched,2,16005,0.122,-1.6417476007938385,2.8098314328193665,130.9675586734694,11.379301525115967
deit_tiny_patch16_224,energy_matched_pca_rank_4_seed_16001,energy_matched,4,16001,0.124,-1.8459366246461868,3.014020456671715,130.4145975765306,11.670457575798034
deit_tiny_patch16_224,energy_matched_pca_rank_4_seed_16002,energy_matched,4,16002,0.129,-1.831023490667343,2.999107322692871,130.4886913265306,11.669625617980957
deit_tiny_patch16_224,energy_matched_pca_rank_4_seed_16003,energy_matched,4,16003,0.117,-1.8425556764602662,3.010639508485794,130.12071875,11.663574960708619
deit_tiny_patch16_224,energy_matched_pca_rank_4_seed_16004,energy_matched,4,16004,0.121,-1.8534226022958755,3.0215064343214033,130.80648788265307,11.684047991752625
deit_tiny_patch16_224,energy_matched_pca_rank_4_seed_16005,energy_matched,4,16005,0.121,-1.835277829527855,3.0033616615533827,131.04892857142858,11.696197967529297
deit_tiny_patch16_224,energy_matched_pca_rank_8_seed_16001,energy_matched,8,16001,0.135,-1.9457684510946274,3.1138522831201554,130.48011543367346,11.923426914215089
deit_tiny_patch16_224,energy_matched_pca_rank_8_seed_16002,energy_matched,8,16002,0.141,-1.9371208378076554,3.105204669833183,130.1583137755102,11.91417026233673
deit_tiny_patch16_224,energy_matched_pca_rank_8_seed_16003,energy_matched,8,16003,0.123,-1.909994884967804,3.078078716993332,129.85014732142858,11.907344965934753
deit_tiny_patch16_224,energy_matched_pca_rank_8_seed_16004,energy_matched,8,16004,0.133,-1.916096359014511,3.084180191040039,130.79983641581632,11.938308969497681
deit_tiny_patch16_224,energy_matched_pca_rank_8_seed_16005,energy_matched,8,16005,0.132,-1.95375954914093,3.121843381166458,130.84804145408162,11.941303480148315
deit_tiny_patch16_224,energy_matched_pca_rank_16_seed_16001,energy_matched,16,16001,0.161,-1.699019770503044,2.867103602528572,130.60803539540817,12.123093461990356
deit_tiny_patch16_224,energy_matched_pca_rank_16_seed_16002,energy_matched,16,16002,0.155,-1.76374622297287,2.931830054998398,130.57656026785713,12.123745120048524
deit_tiny_patch16_224,energy_matched_pca_rank_16_seed_16003,energy_matched,16,16003,0.161,-1.7431673523187636,2.911251184344292,130.4090038265306,12.11882871246338
deit_tiny_patch16_224,energy_matched_pca_rank_16_seed_16004,energy_matched,16,16004,0.17,-1.7011788054704666,2.8692626374959946,130.84714349489795,12.135617783546447
deit_tiny_patch16_224,energy_matched_pca_rank_16_seed_16005,energy_matched,16,16005,0.155,-1.7504475127458572,2.9185313447713854,130.7748718112245,12.133718296051025
deit_tiny_patch16_224,energy_matched_pca_rank_32_seed_16001,energy_matched,32,16001,0.183,-1.5289260536432265,2.6970098856687548,130.45611830357143,12.251096210479737
deit_tiny_patch16_224,energy_matched_pca_rank_32_seed_16002,energy_matched,32,16002,0.19,-1.5150849474668502,2.6831687794923784,130.6067512755102,12.25612378025055
deit_tiny_patch16_224,energy_matched_pca_rank_32_seed_16003,energy_matched,32,16003,0.181,-1.5646690641641616,2.7327528961896896,130.51838042091836,12.258382638931275
deit_tiny_patch16_224,energy_matched_pca_rank_32_seed_16004,energy_matched,32,16004,0.194,-1.5297948250770568,2.697878657102585,130.6530899234694,12.259453036308289
deit_tiny_patch16_224,energy_matched_pca_rank_32_seed_16005,energy_matched,32,16005,0.189,-1.5170648005008698,2.685148632526398,130.72739094387754,12.265483765602111
deit_tiny_patch16_224,energy_matched_pca_rank_64_seed_16001,energy_matched,64,16001,0.219,-1.395182732462883,2.563266564488411,130.56217474489796,12.33896887588501
deit_tiny_patch16_224,energy_matched_pca_rank_64_seed_16002,energy_matched,64,16002,0.225,-1.3996235609054566,2.5677073929309846,130.56220025510203,12.34319003677368
deit_tiny_patch16_224,energy_matched_pca_rank_64_seed_16003,energy_matched,64,16003,0.205,-1.4241506690979004,2.5922345011234285,130.6405338010204,12.345462378501892
deit_tiny_patch16_224,energy_matched_pca_rank_64_seed_16004,energy_matched,64,16004,0.212,-1.4315240522623063,2.5996078842878343,130.6020389030612,12.340697419166565
deit_tiny_patch16_224,energy_matched_pca_rank_64_seed_16005,energy_matched,64,16005,0.227,-1.4020801874399185,2.5701640194654463,130.6933463010204,12.346745224952699
deit_small_patch16_224,natural_pca_rank_1_seed_16001,natural,1,16001,0.276,-0.32033027938008307,2.5626243527233603,298.6882117346939,20.46041005706787
deit_small_patch16_224,natural_pca_rank_1_seed_16002,natural,1,16002,0.277,-0.32675858920812606,2.569052662551403,297.65880229591835,20.434819953918456
deit_small_patch16_224,natural_pca_rank_1_seed_16003,natural,1,16003,0.283,-0.3210307157635689,2.563324789106846,297.7700931122449,20.44464090538025
deit_small_patch16_224,natural_pca_rank_1_seed_16004,natural,1,16004,0.276,-0.32487496399879456,2.5671690373420715,297.8956823979592,20.44192282485962
deit_small_patch16_224,natural_pca_rank_1_seed_16005,natural,1,16005,0.281,-0.31942861098051073,2.561722684323788,298.3488520408163,20.453665391921998
deit_small_patch16_224,natural_pca_rank_2_seed_16001,natural,2,16001,0.381,-0.1932378054857254,2.4355318788290026,330.93489030612244,21.216619983673095
deit_small_patch16_224,natural_pca_rank_2_seed_16002,natural,2,16002,0.379,-0.20849880349636077,2.4507928768396376,332.05211224489796,21.216638500213623
deit_small_patch16_224,natural_pca_rank_2_seed_16003,natural,2,16003,0.382,-0.1908516235947609,2.433145696938038,329.7371326530612,21.18485696029663
deit_small_patch16_224,natural_pca_rank_2_seed_16004,natural,2,16004,0.38,-0.19163762736320494,2.433931700706482,330.7238520408163,21.203561378479005
deit_small_patch16_224,natural_pca_rank_2_seed_16005,natural,2,16005,0.377,-0.19453084248304367,2.4368249158263207,332.11192219387755,21.231317041397094
deit_small_patch16_224,natural_pca_rank_4_seed_16001,natural,4,16001,0.397,-0.22260393625497818,2.4648980095982553,364.0841568877551,22.03277095413208
deit_small_patch16_224,natural_pca_rank_4_seed_16002,natural,4,16002,0.396,-0.2063516743183136,2.448645747661591,364.92858163265305,22.05179641151428
deit_small_patch16_224,natural_pca_rank_4_seed_16003,natural,4,16003,0.389,-0.17656719106435775,2.4188612644076346,362.5280318877551,22.012120655059814
deit_small_patch16_224,natural_pca_rank_4_seed_16004,natural,4,16004,0.385,-0.20454944568872452,2.4468435190320017,365.28533418367346,22.05503288459778
deit_small_patch16_224,natural_pca_rank_4_seed_16005,natural,4,16005,0.38,-0.20444415354728698,2.446738226890564,366.2255395408163,22.081410289764403
deit_small_patch16_224,natural_pca_rank_8_seed_16001,natural,8,16001,0.402,-0.23555730319023133,2.477851376533508,400.9455025510204,22.924105882644653
deit_small_patch16_224,natural_pca_rank_8_seed_16002,natural,8,16002,0.405,-0.21785341000556946,2.4601474833488464,399.8809744897959,22.906655651092528
deit_small_patch16_224,natural_pca_rank_8_seed_16003,natural,8,16003,0.403,-0.2233268872499466,2.4656209605932236,398.16645535714287,22.882096704483033
deit_small_patch16_224,natural_pca_rank_8_seed_16004,natural,8,16004,0.407,-0.20130825060606003,2.443602323949337,402.3674668367347,22.959169275283813
deit_small_patch16_224,natural_pca_rank_8_seed_16005,natural,8,16005,0.408,-0.21168281084299087,2.4539768841862677,402.47433163265305,22.962431226730345
deit_small_patch16_224,natural_pca_rank_16_seed_16001,natural,16,16001,0.418,-0.16098035418987275,2.40327442753315,452.6911645408163,24.111050451278686
deit_small_patch16_224,natural_pca_rank_16_seed_16002,natural,16,16002,0.4,-0.20492676454782485,2.447220837891102,452.2335573979592,24.111208421707154
deit_small_patch16_224,natural_pca_rank_16_seed_16003,natural,16,16003,0.414,-0.20402259773015977,2.4463166710734368,451.32986989795916,24.091944200515748
deit_small_patch16_224,natural_pca_rank_16_seed_16004,natural,16,16004,0.426,-0.18914870691299437,2.4314427802562713,454.1931734693878,24.16808264160156
deit_small_patch16_224,natural_pca_rank_16_seed_16005,natural,16,16005,0.418,-0.19674385201931,2.439037925362587,453.3185076530612,24.124721029281616
deit_small_patch16_224,natural_pca_rank_32_seed_16001,natural,32,16001,0.435,-0.1468180746436119,2.389112147986889,527.1737295918367,25.724218246459962
deit_small_patch16_224,natural_pca_rank_32_seed_16002,natural,32,16002,0.437,-0.16447615295648574,2.406770226299763,528.1093775510204,25.752335334777833
deit_small_patch16_224,natural_pca_rank_32_seed_16003,natural,32,16003,0.422,-0.17650826245546342,2.4188023357987403,527.6188775510204,25.73335424041748
deit_small_patch16_224,natural_pca_rank_32_seed_16004,natural,32,16004,0.422,-0.14302554249763488,2.385319615840912,528.6908329081633,25.767867528915406
deit_small_patch16_224,natural_pca_rank_32_seed_16005,natural,32,16005,0.424,-0.1513661145567894,2.3936601879000663,529.3512806122449,25.781123802185057
deit_small_patch16_224,natural_pca_rank_64_seed_16001,natural,64,16001,0.426,-0.12851660680770874,2.370810680150986,644.6812270408163,28.035332647323607
deit_small_patch16_224,natural_pca_rank_64_seed_16002,natural,64,16002,0.437,-0.14124061584472655,2.3835346891880036,644.402887755102,28.03445441055298
deit_small_patch16_224,natural_pca_rank_64_seed_16003,natural,64,16003,0.443,-0.12763412588834763,2.369928199231625,645.2716989795919,28.040002435684205
deit_small_patch16_224,natural_pca_rank_64_seed_16004,natural,64,16004,0.443,-0.08661396217346191,2.328908035516739,645.603,28.05584635925293
deit_small_patch16_224,natural_pca_rank_64_seed_16005,natural,64,16005,0.436,-0.12976471871137618,2.372058792054653,646.3669081632653,28.073403270721435
deit_small_patch16_224,energy_matched_pca_rank_1_seed_16001,energy_matched,1,16001,0.461,-0.022394969522953032,2.26468904286623,1186.6535612244897,32.045419464111326
deit_small_patch16_224,energy_matched_pca_rank_1_seed_16002,energy_matched,1,16002,0.466,-0.022065213352441788,2.264359286695719,1182.5638163265305,32.0006774597168
deit_small_patch16_224,energy_matched_pca_rank_1_seed_16003,energy_matched,1,16003,0.46,-0.01938936132192612,2.261683434665203,1183.0059846938775,32.014995815277096
deit_small_patch16_224,energy_matched_pca_rank_1_seed_16004,energy_matched,1,16004,0.458,-0.024264453798532485,2.2665585271418096,1183.5049336734694,32.012985607147215
deit_small_patch16_224,energy_matched_pca_rank_1_seed_16005,energy_matched,1,16005,0.464,-0.02552381554245949,2.2678178888857365,1185.3053112244897,32.03587715148926
deit_small_patch16_224,energy_matched_pca_rank_2_seed_16001,energy_matched,2,16001,0.46,0.01938759708404541,2.2229064762592317,1182.3908265306122,32.78367852783203
deit_small_patch16_224,energy_matched_pca_rank_2_seed_16002,energy_matched,2,16002,0.469,0.039332418143749236,2.2029616551995277,1186.3825204081634,32.808350749969485
deit_small_patch16_224,energy_matched_pca_rank_2_seed_16003,energy_matched,2,16003,0.459,0.018751756727695464,2.2235423166155814,1178.1113520408164,32.734323791503904
deit_small_patch16_224,energy_matched_pca_rank_2_seed_16004,energy_matched,2,16004,0.447,0.021742930233478546,2.2205511431097986,1181.6367857142857,32.77095329284668
deit_small_patch16_224,energy_matched_pca_rank_2_seed_16005,energy_matched,2,16005,0.461,0.013191997945308686,2.2291020753979685,1186.5961887755102,32.82662696838379
deit_small_patch16_224,energy_matched_pca_rank_4_seed_16001,energy_matched,4,16001,0.445,-0.027119103789329527,2.2694131771326065,1180.8443571428572,33.48037390899658
deit_small_patch16_224,energy_matched_pca_rank_4_seed_16002,energy_matched,4,16002,0.444,-0.001334913194179535,2.2436289865374563,1183.5831173469387,33.511468729019164
deit_small_patch16_224,energy_matched_pca_rank_4_seed_16003,energy_matched,4,16003,0.458,0.0017965092062950134,2.240497564136982,1175.7973520408163,33.43683173561096
deit_small_patch16_224,energy_matched_pca_rank_4_seed_16004,energy_matched,4,16004,0.444,-0.005910407662391663,2.2482044810056685,1184.7401530612244,33.521678062438966
deit_small_patch16_224,energy_matched_pca_rank_4_seed_16005,energy_matched,4,16005,0.435,-0.021944394409656523,2.2642384677529335,1187.7895867346938,33.571119583129885
deit_small_patch16_224,energy_matched_pca_rank_8_seed_16001,energy_matched,8,16001,0.46,-0.04080676931142807,2.2831008426547053,1180.9989336734693,34.08368501091003
deit_small_patch16_224,energy_matched_pca_rank_8_seed_16002,energy_matched,8,16002,0.462,-0.0250801305770874,2.2673742039203644,1177.8633061224489,34.054561904907224
deit_small_patch16_224,energy_matched_pca_rank_8_seed_16003,energy_matched,8,16003,0.455,-0.03064987450838089,2.2729439478516578,1172.813137755102,34.00861326599121
deit_small_patch16_224,energy_matched_pca_rank_8_seed_16004,energy_matched,8,16004,0.458,-0.009628645658493041,2.25192271900177,1185.187357142857,34.14530989837647
deit_small_patch16_224,energy_matched_pca_rank_8_seed_16005,energy_matched,8,16005,0.454,-0.030004282593727113,2.272298355937004,1185.5021275510205,34.14550580406189
deit_small_patch16_224,energy_matched_pca_rank_16_seed_16001,energy_matched,16,16001,0.476,-0.012264723241329193,2.254558796584606,1183.4867653061224,34.70825535392761
deit_small_patch16_224,energy_matched_pca_rank_16_seed_16002,energy_matched,16,16002,0.452,-0.020337485134601593,2.2626315584778784,1182.2904132653061,34.70817319107056
deit_small_patch16_224,energy_matched_pca_rank_16_seed_16003,energy_matched,16,16003,0.453,-0.04139191025495529,2.2836859835982324,1179.9278928571428,34.67285017967224
deit_small_patch16_224,energy_matched_pca_rank_16_seed_16004,energy_matched,16,16004,0.446,-0.043578309774398805,2.2858723831176757,1187.4135102040816,34.792147411346434
deit_small_patch16_224,energy_matched_pca_rank_16_seed_16005,energy_matched,16,16005,0.457,-0.05954413598775864,2.3018382093310357,1185.1268418367347,34.72913649749756
deit_small_patch16_224,energy_matched_pca_rank_32_seed_16001,energy_matched,32,16001,0.444,-0.05122234094142914,2.293516414284706,1180.593943877551,35.26125938796997
deit_small_patch16_224,energy_matched_pca_rank_32_seed_16002,energy_matched,32,16002,0.453,-0.06876091563701629,2.311054988980293,1182.689306122449,35.29975931930542
deit_small_patch16_224,energy_matched_pca_rank_32_seed_16003,energy_matched,32,16003,0.457,-0.08578505545854569,2.3280791288018228,1181.5908367346938,35.27679626083374
deit_small_patch16_224,energy_matched_pca_rank_32_seed_16004,energy_matched,32,16004,0.458,-0.027535873413085936,2.2698299467563627,1183.9914591836734,35.32243585205078
deit_small_patch16_224,energy_matched_pca_rank_32_seed_16005,energy_matched,32,16005,0.458,-0.04814049577713013,2.290434569120407,1185.4705204081633,35.34066941833496
deit_small_patch16_224,energy_matched_pca_rank_64_seed_16001,energy_matched,64,16001,0.445,-0.07636147052049637,2.3186555438637733,1182.300193877551,35.814727184295656
deit_small_patch16_224,energy_matched_pca_rank_64_seed_16002,energy_matched,64,16002,0.435,-0.07883856046199798,2.321132633805275,1181.7897040816326,35.81276680755615
deit_small_patch16_224,energy_matched_pca_rank_64_seed_16003,energy_matched,64,16003,0.449,-0.08770878183841706,2.3300028551816943,1183.38306122449,35.822187732696534
deit_small_patch16_224,energy_matched_pca_rank_64_seed_16004,energy_matched,64,16004,0.454,-0.036880625128746035,2.279174698472023,1183.990637755102,35.84069515609741
deit_small_patch16_224,energy_matched_pca_rank_64_seed_16005,energy_matched,64,16005,0.449,-0.046811391055583955,2.289105464398861,1185.3916020408162,35.86438761138916
