model,condition,scale_multiplier,scale_label,seed,accuracy,mean_margin,margin_damage,realized_energy,mean_patch_norm
deit_tiny_patch16_224,pc1_scale_0.25_seed_17001,0.25,0.25,17001,0.076,-1.5143850916624069,2.682468923687935,0.9712912547831632,5.050763778686523
deit_tiny_patch16_224,pc1_scale_0.25_seed_17002,0.25,0.25,17002,0.071,-1.5201707204580308,2.688254552483559,0.9658014887595663,5.049449100971222
deit_tiny_patch16_224,pc1_scale_0.25_seed_17003,0.25,0.25,17003,0.066,-1.5134659122228622,2.6815497442483904,0.965389573700574,5.0493560962677
deit_tiny_patch16_224,pc1_scale_0.25_seed_17004,0.25,0.25,17004,0.072,-1.5187134792804717,2.686797311306,0.9690265664859694,5.050368701934814
deit_tiny_patch16_224,pc1_scale_0.25_seed_17005,0.25,0.25,17005,0.072,-1.5133516730070113,2.6814355050325394,0.9711463573222258,5.050754026889801
deit_tiny_patch16_224,pc1_scale_0.50_seed_17001,0.5,0.50,17001,0.075,-1.8268882596492768,2.994972091674805,3.885165019132653,5.307243907928467
deit_tiny_patch16_224,pc1_scale_0.50_seed_17002,0.5,0.50,17002,0.073,-1.813815523147583,2.9818993551731108,3.863205955038265,5.304044226646424
deit_tiny_patch16_224,pc1_scale_0.50_seed_17003,0.5,0.50,17003,0.083,-1.8279384752511978,2.996022307276726,3.861558294802296,5.303650663852691
deit_tiny_patch16_224,pc1_scale_0.50_seed_17004,0.5,0.50,17004,0.072,-1.8413640064001084,3.0094478384256362,3.8761062659438776,5.306083608627319
deit_tiny_patch16_224,pc1_scale_0.50_seed_17005,0.5,0.50,17005,0.086,-1.80693095266819,2.975014784693718,3.884585429288903,5.307143521308899
deit_tiny_patch16_224,pc1_scale_1.00_seed_17001,1.0,1.00,17001,0.187,-1.5260876080989838,2.694171440124512,15.540660076530612,6.152506729125976
deit_tiny_patch16_224,pc1_scale_1.00_seed_17002,1.0,1.00,17002,0.185,-1.523128822684288,2.6912126547098163,15.45282382015306,6.144836693763733
deit_tiny_patch16_224,pc1_scale_1.00_seed_17003,1.0,1.00,17003,0.185,-1.5249733312129974,2.6930571632385254,15.446233179209184,6.143536929130554
deit_tiny_patch16_224,pc1_scale_1.00_seed_17004,1.0,1.00,17004,0.186,-1.5282176616191865,2.6963014936447145,15.50442506377551,6.1490968856811525
deit_tiny_patch16_224,pc1_scale_1.00_seed_17005,1.0,1.00,17005,0.189,-1.520374125957489,2.688457957983017,15.538341717155612,6.1517262353897095
deit_tiny_patch16_224,pc1_scale_2.00_seed_17001,2.0,2.00,17001,0.218,-0.9968637948036194,2.1649476268291474,62.16264030612245,8.498917574882507
deit_tiny_patch16_224,pc1_scale_2.00_seed_17002,2.0,2.00,17002,0.216,-0.9808091979026794,2.1488930299282076,61.81129528061224,8.481518814086915
deit_tiny_patch16_224,pc1_scale_2.00_seed_17003,2.0,2.00,17003,0.225,-0.9858846406936645,2.1539684727191926,61.784932716836735,8.478004658222199
deit_tiny_patch16_224,pc1_scale_2.00_seed_17004,2.0,2.00,17004,0.222,-0.9845419107675553,2.1526257427930835,62.01770025510204,8.489828763961793
deit_tiny_patch16_224,pc1_scale_2.00_seed_17005,2.0,2.00,17005,0.217,-0.9885330324172974,2.1566168644428254,62.15336686862245,8.495533767700195
deit_tiny_patch16_224,pc1_scale_4.00_seed_17001,4.0,4.00,17001,0.109,-1.8547563635110855,3.0228401955366135,248.6505612244898,14.078702382087707
deit_tiny_patch16_224,pc1_scale_4.00_seed_17002,4.0,4.00,17002,0.109,-1.851319824695587,3.0194036567211153,247.24518112244897,14.041584705352783
deit_tiny_patch16_224,pc1_scale_4.00_seed_17003,4.0,4.00,17003,0.111,-1.8523690519332885,3.0204528839588165,247.13973086734694,14.033303276062012
deit_tiny_patch16_224,pc1_scale_4.00_seed_17004,4.0,4.00,17004,0.109,-1.8515527645349503,3.0196365965604786,248.07080102040817,14.057833667755126
deit_tiny_patch16_224,pc1_scale_4.00_seed_17005,4.0,4.00,17005,0.107,-1.8530474631786347,3.021131295204163,248.6134674744898,14.06900556755066
deit_tiny_patch16_224,pc1_scale_E_MATCH_seed_17001,2.902979162254659,E_MATCH,17001,0.173,-1.3512755836248398,2.519359415650368,130.96563520408162,10.938338234901428
deit_tiny_patch16_224,pc1_scale_E_MATCH_seed_17002,2.902979162254659,E_MATCH,17002,0.182,-1.3482750017642975,2.5163588337898255,130.2254081632653,10.912027647018432
deit_tiny_patch16_224,pc1_scale_E_MATCH_seed_17003,2.902979162254659,E_MATCH,17003,0.172,-1.3481032584905623,2.51618709051609,130.16986862244897,10.906349180221557
deit_tiny_patch16_224,pc1_scale_E_MATCH_seed_17004,2.902979162254659,E_MATCH,17004,0.176,-1.346499775648117,2.5145836076736447,130.66026977040815,10.92389288520813
deit_tiny_patch16_224,pc1_scale_E_MATCH_seed_17005,2.902979162254659,E_MATCH,17005,0.176,-1.349695496559143,2.517779328584671,130.94609470663266,10.932155550003051
deit_small_patch16_224,pc1_scale_0.25_seed_17001,0.25,0.25,17001,0.182,-1.2035003204345702,3.445794393777847,18.665753029336734,14.333755893707275
deit_small_patch16_224,pc1_scale_0.25_seed_17002,0.25,0.25,17002,0.186,-1.2103978428840638,3.452691916227341,18.560253348214285,14.323857216835021
deit_small_patch16_224,pc1_scale_0.25_seed_17003,0.25,0.25,17003,0.183,-1.2077058680653572,3.449999941408634,18.552337292729593,14.32273440361023
deit_small_patch16_224,pc1_scale_0.25_seed_17004,0.25,0.25,17004,0.182,-1.2084008213281632,3.4506948946714404,18.622231345663266,14.330795590400696
deit_small_patch16_224,pc1_scale_0.25_seed_17005,0.25,0.25,17005,0.18,-1.2076247301697731,3.44991880351305,18.662968510841836,14.333803454399108
deit_small_patch16_224,pc1_scale_0.50_seed_17001,0.5,0.50,17001,0.218,-0.8168414227366447,3.0591354960799215,74.66301211734694,15.846736191749573
deit_small_patch16_224,pc1_scale_0.50_seed_17002,0.5,0.50,17002,0.216,-0.8278427079916001,3.070136781334877,74.24101339285714,15.826009358406067
deit_small_patch16_224,pc1_scale_0.50_seed_17003,0.5,0.50,17003,0.215,-0.8373798158764839,3.079673889219761,74.20934917091837,15.821779593467712
deit_small_patch16_224,pc1_scale_0.50_seed_17004,0.5,0.50,17004,0.218,-0.8333105234503746,3.0756045967936516,74.48892538265306,15.838741130828858
deit_small_patch16_224,pc1_scale_0.50_seed_17005,0.5,0.50,17005,0.215,-0.832822037756443,3.07511611109972,74.65187404336734,15.846030221939087
deit_small_patch16_224,pc1_scale_1.00_seed_17001,1.0,1.00,17001,0.286,-0.32077633997797966,2.5630704133212565,298.65204846938775,20.46479685974121
deit_small_patch16_224,pc1_scale_1.00_seed_17002,1.0,1.00,17002,0.283,-0.3134475882053375,2.5557416615486144,296.96405357142856,20.421666744232176
deit_small_patch16_224,pc1_scale_1.00_seed_17003,1.0,1.00,17003,0.271,-0.3217107401490211,2.564004813492298,296.8373966836735,20.41068341064453
deit_small_patch16_224,pc1_scale_1.00_seed_17004,1.0,1.00,17004,0.277,-0.3173042088449001,2.559598282188177,297.95570153061226,20.443174125671387
deit_small_patch16_224,pc1_scale_1.00_seed_17005,1.0,1.00,17005,0.287,-0.31998261457681654,2.5622766879200936,298.60749617346937,20.458614309310914
deit_small_patch16_224,pc1_scale_2.00_seed_17001,2.0,2.00,17001,0.458,-0.021882395058870317,2.2641764684021473,1194.608193877551,32.14222388458252
deit_small_patch16_224,pc1_scale_2.00_seed_17002,2.0,2.00,17002,0.465,-0.020923682928085326,2.2632177562713625,1187.8562142857143,32.05420024299622
deit_small_patch16_224,pc1_scale_2.00_seed_17003,2.0,2.00,17003,0.451,-0.026674535930156708,2.2689686092734336,1187.349586734694,32.03040545463562
deit_small_patch16_224,pc1_scale_2.00_seed_17004,2.0,2.00,17004,0.459,-0.02069487464427948,2.2629889479875565,1191.822806122449,32.09150172615051
deit_small_patch16_224,pc1_scale_2.00_seed_17005,2.0,2.00,17005,0.459,-0.01650639134645462,2.2588004646897315,1194.4299846938775,32.12083243942261
deit_small_patch16_224,pc1_scale_4.00_seed_17001,4.0,4.00,17001,0.487,-0.04945443254709244,2.2917485058903693,4778.432775510204,58.087295425415036
deit_small_patch16_224,pc1_scale_4.00_seed_17002,4.0,4.00,17002,0.487,-0.05044731831550598,2.292741391658783,4751.424857142857,57.9118166847229
deit_small_patch16_224,pc1_scale_4.00_seed_17003,4.0,4.00,17003,0.483,-0.050786694586277006,2.293080767929554,4749.398346938776,57.86623934555054
deit_small_patch16_224,pc1_scale_4.00_seed_17004,4.0,4.00,17004,0.478,-0.04699472999572754,2.2892888033390046,4767.291224489796,57.983405834197995
deit_small_patch16_224,pc1_scale_4.00_seed_17005,4.0,4.00,17005,0.482,-0.0472560441493988,2.289550117492676,4777.71993877551,58.03624500274658
deit_small_patch16_224,pc1_scale_E_MATCH_seed_17001,1.9932094613013083,E_MATCH,17001,0.457,-0.02215605130791664,2.2644501246511934,1186.509887755102,32.057907388687134
deit_small_patch16_224,pc1_scale_E_MATCH_seed_17002,1.9932094613013083,E_MATCH,17002,0.464,-0.021180169224739073,2.263474242568016,1179.8036734693878,31.970185146331787
deit_small_patch16_224,pc1_scale_E_MATCH_seed_17003,1.9932094613013083,E_MATCH,17003,0.45,-0.02695902770757675,2.269253101050854,1179.300474489796,31.946472763061525
deit_small_patch16_224,pc1_scale_E_MATCH_seed_17004,1.9932094613013083,E_MATCH,17004,0.458,-0.02097146153450012,2.2632655348777773,1183.743392857143,32.007376522064206
deit_small_patch16_224,pc1_scale_E_MATCH_seed_17005,1.9932094613013083,E_MATCH,17005,0.459,-0.016812390327453613,2.2591064636707308,1186.3328673469389,32.036620210647584
