model,condition,basis_type,rank,seed,accuracy,mean_margin,margin_damage,effective_rank_depth8,effective_rank_block11
deit_tiny_patch16_224,pca_rank_1_seed_11001,pca,1,11001,0.171,-1.3459661190509795,2.5140499510765073,1.0,1.1011640729904175
deit_tiny_patch16_224,pca_rank_1_seed_11002,pca,1,11002,0.176,-1.3516355942487717,2.5197194262742997,1.0,1.101342650413513
deit_tiny_patch16_224,pca_rank_1_seed_11003,pca,1,11003,0.173,-1.3323457750082015,2.5004296070337295,1.0,1.1017193899154663
deit_tiny_patch16_224,pca_rank_2_seed_11001,pca,2,11001,0.126,-1.5948997472524642,2.762983579277992,1.6344205617904664,1.6633534030914308
deit_tiny_patch16_224,pca_rank_2_seed_11002,pca,2,11002,0.135,-1.5962504229545593,2.7643342549800876,1.6375934448242186,1.6705770120620727
deit_tiny_patch16_224,pca_rank_2_seed_11003,pca,2,11003,0.142,-1.5969734115600587,2.765057243585587,1.6335459775924683,1.6645141592025756
deit_tiny_patch16_224,pca_rank_4_seed_11001,pca,4,11001,0.128,-1.8879377368688584,3.056021568894386,2.3425858383178713,2.061621694564819
deit_tiny_patch16_224,pca_rank_4_seed_11002,pca,4,11002,0.116,-1.8795429408550262,3.0476267728805544,2.3476094989776612,2.0671444091796873
deit_tiny_patch16_224,pca_rank_4_seed_11003,pca,4,11003,0.122,-1.8593580926656723,3.0274419246912005,2.355775352478027,2.07239448928833
deit_tiny_patch16_224,pca_rank_8_seed_11001,pca,8,11001,0.135,-1.940064359664917,3.1081481916904448,3.562926990509033,2.79157586479187
deit_tiny_patch16_224,pca_rank_8_seed_11002,pca,8,11002,0.133,-1.9693820848464967,3.1374659168720247,3.558815492630005,2.80206943321228
deit_tiny_patch16_224,pca_rank_8_seed_11003,pca,8,11003,0.131,-1.9129750170707702,3.0810588490962982,3.566225025177002,2.8006415882110596
deit_tiny_patch16_224,pca_rank_16_seed_11001,pca,16,11001,0.155,-1.781104362487793,2.949188194513321,5.8224923706054685,4.0006614818573
deit_tiny_patch16_224,pca_rank_16_seed_11002,pca,16,11002,0.167,-1.728422572851181,2.896506404876709,5.787071865081787,3.9827712268829347
deit_tiny_patch16_224,pca_rank_16_seed_11003,pca,16,11003,0.161,-1.7412902961969376,2.9093741282224657,5.812566169738769,3.9982260646820067
deit_tiny_patch16_224,pca_rank_32_seed_11001,pca,32,11001,0.196,-1.5281512471437455,2.6962350791692735,10.108585052490234,6.455214900970459
deit_tiny_patch16_224,pca_rank_32_seed_11002,pca,32,11002,0.174,-1.5570306372642517,2.72511446928978,9.986058959960937,6.389166576385498
deit_tiny_patch16_224,pca_rank_32_seed_11003,pca,32,11003,0.189,-1.5103133350610733,2.6783971670866014,10.080054626464843,6.453309658050537
deit_tiny_patch16_224,pca_rank_64_seed_11001,pca,64,11001,0.217,-1.3591081210374831,2.527191953063011,17.881478790283204,11.24331211090088
deit_tiny_patch16_224,pca_rank_64_seed_11002,pca,64,11002,0.215,-1.3636982805728912,2.5317821125984192,17.88276319885254,11.281602104187012
deit_tiny_patch16_224,pca_rank_64_seed_11003,pca,64,11003,0.217,-1.3781710866689683,2.5462549186944963,17.91338198852539,11.277238883972167
deit_tiny_patch16_224,random_rank_1_seed_12001,random,1,12001,0.053,-2.005790820479393,3.173874652504921,1.0,1.3226777553558349
deit_tiny_patch16_224,random_rank_1_seed_12002,random,1,12002,0.029,-2.7890724555253983,3.9571562875509265,1.0,1.3222209711074828
deit_tiny_patch16_224,random_rank_1_seed_12003,random,1,12003,0.051,-2.80123914206028,3.9693229740858076,1.0,1.4372809057235718
deit_tiny_patch16_224,random_rank_2_seed_12001,random,2,12001,0.129,-1.4748457090854645,2.6429295411109925,1.9797097110748292,2.444626096725464
deit_tiny_patch16_224,random_rank_2_seed_12002,random,2,12002,0.055,-2.5617886137962342,3.729872445821762,1.9798577871322631,2.6193332862854004
deit_tiny_patch16_224,random_rank_2_seed_12003,random,2,12003,0.031,-2.698256779193878,3.866340611219406,1.9803496704101562,2.5484230918884276
deit_tiny_patch16_224,random_rank_4_seed_12001,random,4,12001,0.11,-1.725038375735283,2.893122207760811,3.9097998390197755,4.739394069671631
deit_tiny_patch16_224,random_rank_4_seed_12002,random,4,12002,0.164,-1.329356343269348,2.497440175294876,3.9091319942474367,4.8907341995239255
deit_tiny_patch16_224,random_rank_4_seed_12003,random,4,12003,0.13,-1.6169426512718201,2.785026483297348,3.9101930446624755,4.954383121490478
deit_tiny_patch16_224,random_rank_8_seed_12001,random,8,12001,0.187,-1.3174493191242218,2.48553315114975,7.655180850982666,9.358927185058594
deit_tiny_patch16_224,random_rank_8_seed_12002,random,8,12002,0.147,-1.6294161314964295,2.7974999635219575,7.656355876922607,9.458812812805176
deit_tiny_patch16_224,random_rank_8_seed_12003,random,8,12003,0.202,-1.0293033443689346,2.1973871763944626,7.659356304168702,9.1722710647583
deit_tiny_patch16_224,random_rank_16_seed_12001,random,16,12001,0.219,-0.9664804191589356,2.1345642511844636,14.721601638793945,17.49355142211914
deit_tiny_patch16_224,random_rank_16_seed_12002,random,16,12002,0.182,-1.2738741390705108,2.4419579710960386,14.71833544921875,17.799071197509765
deit_tiny_patch16_224,random_rank_16_seed_12003,random,16,12003,0.235,-1.0220901960134505,2.1901740280389785,14.721341484069825,17.55474656677246
deit_tiny_patch16_224,random_rank_32_seed_12001,random,32,12001,0.257,-1.007144790649414,2.175228622674942,27.36790246582031,31.776408447265624
deit_tiny_patch16_224,random_rank_32_seed_12002,random,32,12002,0.264,-0.8921992989778519,2.06028313100338,27.372430099487303,31.69722135925293
deit_tiny_patch16_224,random_rank_32_seed_12003,random,32,12003,0.245,-0.8464198086261749,2.0145036406517027,27.373716217041014,31.34216343688965
deit_tiny_patch16_224,random_rank_64_seed_12001,random,64,12001,0.258,-0.8450986204147339,2.0131824524402617,48.00655102539063,51.44374807739258
deit_tiny_patch16_224,random_rank_64_seed_12002,random,64,12002,0.277,-0.8564665566682815,2.0245503886938097,48.01969049072266,51.84964990234375
deit_tiny_patch16_224,random_rank_64_seed_12003,random,64,12003,0.262,-0.8857248965501785,2.0538087285757065,48.00631149291992,51.98389901733398
deit_small_patch16_224,pca_rank_1_seed_11001,pca,1,11001,0.458,-0.023638422071933746,2.265932495415211,1.0,1.5946064834594726
deit_small_patch16_224,pca_rank_1_seed_11002,pca,1,11002,0.468,-0.022702772945165633,2.2649968462884424,1.0,1.5939826688766479
deit_small_patch16_224,pca_rank_1_seed_11003,pca,1,11003,0.457,-0.017174457371234894,2.259468530714512,1.0,1.5960897312164306
deit_small_patch16_224,pca_rank_2_seed_11001,pca,2,11001,0.467,0.03627480316162109,2.206019270181656,1.2216899404525756,1.9279489135742187
deit_small_patch16_224,pca_rank_2_seed_11002,pca,2,11002,0.46,0.018683444499969483,2.2236106288433075,1.2228817558288574,1.9342154989242553
deit_small_patch16_224,pca_rank_2_seed_11003,pca,2,11003,0.459,0.025251870274543762,2.217042203068733,1.2212953214645386,1.9290515670776367
deit_small_patch16_224,pca_rank_4_seed_11001,pca,4,11001,0.456,-0.024144716143608094,2.266438789486885,1.4711822452545167,2.6574426746368407
deit_small_patch16_224,pca_rank_4_seed_11002,pca,4,11002,0.444,-0.013664634883403777,2.255958708226681,1.472741265296936,2.662020540237427
deit_small_patch16_224,pca_rank_4_seed_11003,pca,4,11003,0.451,-0.011818617165088653,2.2541126905083657,1.4766621026992799,2.6683325061798095
deit_small_patch16_224,pca_rank_8_seed_11001,pca,8,11001,0.46,-0.02254123467206955,2.2648353080153467,1.7792143392562867,3.2945161571502686
deit_small_patch16_224,pca_rank_8_seed_11002,pca,8,11002,0.458,-0.027902358055114745,2.2701964313983916,1.77817227268219,3.3049757232666015
deit_small_patch16_224,pca_rank_8_seed_11003,pca,8,11003,0.449,-0.018637158691883086,2.26093123203516,1.780313126564026,3.2891279296875
deit_small_patch16_224,pca_rank_16_seed_11001,pca,16,11001,0.443,-0.04997021394968033,2.2922642872929573,2.2510287609100343,4.183575420379639
deit_small_patch16_224,pca_rank_16_seed_11002,pca,16,11002,0.452,-0.04251694196462631,2.2848110153079033,2.240999168395996,4.185268657684326
deit_small_patch16_224,pca_rank_16_seed_11003,pca,16,11003,0.46,-0.052514432907104495,2.2948085062503814,2.2496363315582277,4.173976203918457
deit_small_patch16_224,pca_rank_32_seed_11001,pca,32,11001,0.452,-0.10063386976718902,2.342927943110466,3.059992666244507,5.820147941589355
deit_small_patch16_224,pca_rank_32_seed_11002,pca,32,11002,0.437,-0.08693602687120437,2.3292301002144815,3.0283453960418703,5.783084297180176
deit_small_patch16_224,pca_rank_32_seed_11003,pca,32,11003,0.445,-0.06418102133274078,2.306475094676018,3.056539888381958,5.829004611968994
deit_small_patch16_224,pca_rank_64_seed_11001,pca,64,11001,0.446,-0.09482302057743072,2.3371170939207078,4.495407012939453,8.879727500915527
deit_small_patch16_224,pca_rank_64_seed_11002,pca,64,11002,0.455,-0.06472315037250519,2.307017223715782,4.494764636993408,8.920505149841308
deit_small_patch16_224,pca_rank_64_seed_11003,pca,64,11003,0.449,-0.08464776313304902,2.326941836476326,4.504485378265381,8.92716869354248
deit_small_patch16_224,random_rank_1_seed_12001,random,1,12001,0.145,-1.6283532971143722,3.8706473704576494,1.0,1.3780012979507446
deit_small_patch16_224,random_rank_1_seed_12002,random,1,12002,0.135,-1.567111802816391,3.8094058761596683,1.0,1.3985676622390748
deit_small_patch16_224,random_rank_1_seed_12003,random,1,12003,0.183,-1.0432249072790145,3.2855189806222915,1.0,1.4705535831451415
deit_small_patch16_224,random_rank_2_seed_12001,random,2,12001,0.217,-0.9018457602262497,3.1441398335695268,1.979709306716919,2.621172515869141
deit_small_patch16_224,random_rank_2_seed_12002,random,2,12002,0.185,-1.4063807260990142,3.6486747994422912,1.979857500076294,2.4729604091644286
deit_small_patch16_224,random_rank_2_seed_12003,random,2,12003,0.175,-1.641019282579422,3.883313355922699,1.9803492994308471,2.2837938747406006
deit_small_patch16_224,random_rank_4_seed_12001,random,4,12001,0.323,-0.6631312974691391,2.905425370812416,3.909804718017578,4.652851566314697
deit_small_patch16_224,random_rank_4_seed_12002,random,4,12002,0.326,-0.665355642914772,2.907649716258049,3.9091370277404787,4.63525703048706
deit_small_patch16_224,random_rank_4_seed_12003,random,4,12003,0.282,-1.010114098906517,3.252408172249794,3.9101923713684084,4.582228427886963
deit_small_patch16_224,random_rank_8_seed_12001,random,8,12001,0.369,-0.40253760302066804,2.6448316763639452,7.65516616821289,8.615916015625
deit_small_patch16_224,random_rank_8_seed_12002,random,8,12002,0.385,-0.43176762747764585,2.674061700820923,7.656350494384766,8.660954795837402
deit_small_patch16_224,random_rank_8_seed_12003,random,8,12003,0.41,-0.34063422346115113,2.582928296804428,7.659330387115478,8.751334678649902
deit_small_patch16_224,random_rank_16_seed_12001,random,16,12001,0.43,-0.3271922655105591,2.569486338853836,14.72159218597412,16.596193588256835
deit_small_patch16_224,random_rank_16_seed_12002,random,16,12002,0.432,-0.1997730906009674,2.4420671639442446,14.718332595825196,16.436273315429688
deit_small_patch16_224,random_rank_16_seed_12003,random,16,12003,0.418,-0.2431588193178177,2.485452892661095,14.721334976196289,16.433215728759766
deit_small_patch16_224,random_rank_32_seed_12001,random,32,12001,0.452,-0.15556239914894104,2.3978564724922182,27.36796047973633,30.112868041992186
deit_small_patch16_224,random_rank_32_seed_12002,random,32,12002,0.437,-0.1537167022228241,2.396010775566101,27.372472915649414,29.924376708984376
deit_small_patch16_224,random_rank_32_seed_12003,random,32,12003,0.463,-0.0987473599910736,2.3410414333343508,27.373744888305666,30.01625975036621
deit_small_patch16_224,random_rank_64_seed_12001,random,64,12001,0.444,-0.15516393685340882,2.397458010196686,48.00655987548828,51.27266555786133
deit_small_patch16_224,random_rank_64_seed_12002,random,64,12002,0.471,-0.06997175168991089,2.312265825033188,48.019699432373045,51.443930694580075
deit_small_patch16_224,random_rank_64_seed_12003,random,64,12003,0.461,-0.09140742111206054,2.3337014944553376,48.00630215454102,51.512882049560545
