model,depth,is_primary,condition,cliff_acc_start,cliff_acc_end,cliff_acc_drop,cliff_margin_start,cliff_margin_end,cliff_margin_drop
deit_tiny,8,True,ZERO,0.9897959183673469,1.0,0.0458,0.9897959183673469,1.0,0.3533489465713502
deit_tiny,8,True,CENTROID,0.9897959183673469,1.0,0.16459999999999997,0.9897959183673469,1.0,0.5034629702568054
deit_tiny,8,True,DIAGONAL_GAUSSIAN,0.9897959183673469,1.0,0.0856,0.9897959183673469,1.0,0.40667221546173105
deit_small,8,True,ZERO,0.9183673469387755,0.9285714285714286,0.022199999999999998,0.9183673469387755,0.9285714285714286,0.053168857097625644
deit_small,8,True,CENTROID,0.9897959183673469,1.0,0.1626,0.9897959183673469,1.0,0.3659170031547546
deit_small,8,True,DIAGONAL_GAUSSIAN,0.9897959183673469,1.0,0.10113333333333333,0.9897959183673469,1.0,0.317839507261912
vit_base,7,True,ZERO,0.7091836734693877,0.7193877551020408,0.02080000000000004,0.6377551020408163,0.6479591836734694,0.10685890316963198
vit_base,7,True,CENTROID,0.9897959183673469,1.0,0.0826,0.9897959183673469,1.0,0.2696807026863097
vit_base,7,True,DIAGONAL_GAUSSIAN,0.9897959183673469,1.0,0.05080000000000001,0.9081632653061225,0.9183673469387755,0.18794393816218263
vit_base,8,False,ZERO,0.9285714285714286,0.9387755102040817,0.057999999999999996,0.9183673469387755,0.9285714285714286,0.28062985539436336
vit_base,8,False,CENTROID,0.9183673469387755,0.9285714285714286,0.040200000000000014,0.9897959183673469,1.0,0.2056891918182373
vit_base,8,False,DIAGONAL_GAUSSIAN,0.9897959183673469,1.0,0.06833333333333338,0.9897959183673469,1.0,0.19993514219919828
dinov2,9,True,ZERO,0.078125,0.08984375,0.0676,0.078125,0.08984375,0.6517583001405001
dinov2,9,True,CENTROID,0.7890625,0.80078125,0.0174,0.98828125,1.0,0.3922826766967775
dinov2,9,True,DIAGONAL_GAUSSIAN,0.76953125,0.78125,0.03213333333333329,0.91015625,0.921875,0.2854053497314446
dinov2,8,False,ZERO,0.05859375,0.0703125,0.03380000000000016,0.0390625,0.05078125,0.40092909336090066
dinov2,8,False,CENTROID,0.6796875,0.69140625,0.024799999999999933,0.98828125,1.0,0.32271614074707067
dinov2,8,False,DIAGONAL_GAUSSIAN,0.76953125,0.78125,0.032733333333333337,0.76953125,0.78125,0.3628821849822996
