target_layer,target_site,mode,alpha,seed,clean_acc,flip_rate,mean_margin,margin_delta,margin_ci_lower,margin_ci_upper,margin_p_val,acc_delta,acc_mcnemar_p,flip_delta,flip_mcnemar_p,stabilized_frac,degraded_frac,intervened_event_count
0,attn,baseline,1.0,42,0.791,0.058,3.2349116802215576,0.0,0.0,0.0,1.0,0.0,1.0,0.0,1.0,0.0,0.0,0
0,attn,weaken_opposing,0.75,42,0.791,0.049,3.2356717586517334,0.0007602024124935269,-0.014005277305841446,0.015494054183363914,0.9205417710283896,0.0,1.0,-0.009000000000000001,0.1507627750266412,0.3448275862068966,0.010113780025284451,103273
0,attn,random_direction_seed_2501,0.75,2501,0.789,0.036,3.1671082973480225,-0.06780330091714859,-0.09887716174125671,-0.03783467784523964,1.458453236751376e-05,-0.0020000000000000018,0.8501067391385259,-0.022000000000000006,0.0024367348089890124,0.603448275862069,0.018963337547408345,103273
0,attn,random_direction_seed_2502,0.75,2502,0.787,0.041,3.170358896255493,-0.06455306708812714,-0.09468832612037659,-0.03536585345864296,2.5567859850255543e-05,-0.0040000000000000036,0.5707503880581739,-0.017,0.03097143165084624,0.6206896551724138,0.020227560050568902,103273
0,attn,random_direction_seed_2503,0.75,2503,0.786,0.035,3.1725707054138184,-0.062340956181287766,-0.09384133666753769,-0.03161913901567459,9.609208354996831e-05,-0.0050000000000000044,0.4237107971667936,-0.023,0.0016730747221523179,0.6206896551724138,0.018963337547408345,103273
0,attn,random_direction_mean,0.75,-1,0.7873333333333333,0.037333333333333336,3.170012633005778,-0.06489910806218784,-0.09580227484305699,-0.034939890106519066,4.541482525591254e-05,-0.00366666666666667,0.6148559747878312,-0.02066666666666667,0.011693747060662523,0.6149425287356322,0.019384745048461865,103273
0,attn,uniform_scaling,0.75,42,0.791,0.043,3.2246456146240234,-0.010266276076436043,-0.032564472407102585,0.012090884149074554,0.37670476509117434,0.0,1.0,-0.015000000000000006,0.021358540433834634,0.4482758620689655,0.011378002528445006,103273
0,attn,weaken_opposing,0.5,42,0.79,0.045,3.147228956222534,-0.08768273144960403,-0.11752985417842865,-0.05851409584283829,8.446288790318823e-09,-0.0010000000000000009,1.0,-0.013000000000000005,0.08005278235757977,0.5172413793103449,0.01643489254108723,103273
0,attn,random_direction_seed_2501,0.5,2501,0.782,0.046,2.9592344760894775,-0.2756773829460144,-0.3209734261035919,-0.23053079843521118,1.7897120742240756e-30,-0.009000000000000008,0.1637343543245882,-0.012000000000000004,0.15558034779219368,0.6206896551724138,0.02654867256637168,103273
0,attn,random_direction_seed_2502,0.5,2502,0.781,0.04,2.9776382446289062,-0.2572735548019409,-0.3017999827861786,-0.21333980560302734,1.0845405822403654e-28,-0.010000000000000009,0.16491482255329737,-0.018000000000000002,0.03638886620070851,0.7241379310344828,0.03286978508217446,103273
0,attn,random_direction_seed_2503,0.5,2503,0.778,0.052,2.9723880290985107,-0.2625238597393036,-0.30776509642601013,-0.21732474863529205,2.6146817907439068e-28,-0.013000000000000012,0.04851973828025081,-0.006000000000000005,0.5254280008505966,0.5862068965517241,0.0316055625790139,103273
0,attn,random_direction_mean,0.5,-1,0.7803333333333334,0.04599999999999999,2.9697535832722983,-0.2651582658290863,-0.3101795017719269,-0.22039845089117685,1.239039831242171e-28,-0.010666666666666677,0.12572297171937877,-0.012000000000000004,0.23913240494783294,0.6436781609195402,0.030341340075853346,103273
0,attn,uniform_scaling,0.5,42,0.779,0.047,2.977700710296631,-0.2572111189365387,-0.3043192923069,-0.21125629544258118,1.4047258298782976e-25,-0.01200000000000001,0.0743529053685636,-0.011000000000000003,0.1853263041985758,0.5862068965517241,0.0316055625790139,103273
0,attn,weaken_opposing,0.25,42,0.783,0.038,2.9495997428894043,-0.2853119373321533,-0.3342193067073822,-0.23661519587039948,4.208553510530233e-29,-0.008000000000000007,0.2683816272927576,-0.020000000000000004,0.011117560716106999,0.6551724137931034,0.03034134007585335,103273
0,attn,random_direction_seed_2501,0.25,2501,0.775,0.05,2.7636449337005615,-0.47126659750938416,-0.5301181077957153,-0.41077277064323425,2.4429124883929484e-48,-0.016000000000000014,0.033894853524689295,-0.008,0.41579765496293264,0.7068965517241379,0.041719342604298354,103273
0,attn,random_direction_seed_2502,0.25,2502,0.773,0.05,2.7541425228118896,-0.4807693064212799,-0.5414347052574158,-0.4195230007171631,1.415498168149077e-48,-0.018000000000000016,0.014137969455911475,-0.008,0.38888541180776515,0.6379310344827587,0.041719342604298354,103273
0,attn,random_direction_seed_2503,0.25,2503,0.769,0.056,2.7529971599578857,-0.4819147288799286,-0.5418819785118103,-0.42177289724349976,8.683722250511087e-49,-0.02200000000000002,0.0050122871454886765,-0.0020000000000000018,0.9086766781799486,0.6724137931034483,0.0493046776232617,103273
0,attn,random_direction_mean,0.25,-1,0.7723333333333334,0.052,2.7569282054901123,-0.47798354427019757,-0.5378115971883138,-0.4173562228679657,1.575594293864378e-48,-0.018666666666666682,0.017681703375363147,-0.006000000000000001,0.5711199149835487,0.6724137931034483,0.04424778761061946,103273
0,attn,uniform_scaling,0.25,42,0.761,0.045,2.5620040893554688,-0.6729076504707336,-0.7443810105323792,-0.6015169024467468,8.66056180113484e-65,-0.030000000000000027,0.00018119740367390812,-0.013000000000000005,0.16017186663927135,0.7413793103448276,0.056890012642225034,103273
