mode_name,radius_s,alpha,attention_frob_shift,readout_to_patch_shift,attention_kl,entropy_change
top_high_transmission,0.0,0.0,0.0,0.0,0.0,0.0
top_high_transmission,0.05,1.5133066177368164,0.4313535690307617,0.025798087939620018,0.423655241727829,-0.0014181137084960938
top_high_transmission,0.1,3.026613235473633,0.8451748490333557,0.05050813779234886,1.6602725982666016,-0.003083944320678711
top_high_transmission,0.2,6.053226470947266,1.6264142990112305,0.09780365973711014,6.382824897766113,-0.007014036178588867
top_high_transmission,0.4,12.106452941894531,3.0459415912628174,0.19109807908535004,23.708332061767578,-0.016538381576538086
top_high_transmission,0.8,24.212905883789062,5.625932216644287,0.41546177864074707,83.5486831665039,-0.03950977325439453
top_high_transmission,1.6,48.425811767578125,11.400859832763672,1.096117615699768,281.18511962890625,-0.10809326171875
top_high_transmission,3.2,96.85162353515625,27.3582763671875,2.697843074798584,967.2855834960938,-0.45414304733276367
top_high_transmission,4.0,121.06452941894531,34.516700744628906,3.2428135871887207,1424.2322998046875,-0.6922092437744141
value_only_null,0.0,0.0,0.0,0.0,0.0,0.0
value_only_null,0.05,1.5133066177368164,0.08232026547193527,0.001755834324285388,0.01194815244525671,-4.029273986816406e-05
value_only_null,0.1,3.026613235473633,0.16462671756744385,0.00351169821806252,0.04778265580534935,-5.841255187988281e-05
value_only_null,0.2,6.053226470947266,0.32919541001319885,0.007023628801107407,0.19106091558933258,-3.0279159545898438e-05
value_only_null,0.4,12.106452941894531,0.6580953598022461,0.014047574251890182,0.7635359168052673,0.00029015541076660156
value_only_null,0.8,24.212905883789062,1.3144670724868774,0.02809155359864235,3.0463624000549316,0.001980304718017578
value_only_null,1.6,48.425811767578125,2.6176743507385254,0.05612953379750252,12.090027809143066,0.00949859619140625
value_only_null,3.2,96.85162353515625,5.1549811363220215,0.11171479523181915,47.099544525146484,0.03993654251098633
value_only_null,4.0,121.06452941894531,6.3720855712890625,0.13909021019935608,72.2580795288086,0.06182718276977539
key_only_null,0.0,0.0,0.0,0.0,0.0,0.0
key_only_null,0.05,1.5133066177368164,0.07919733226299286,0.0012545823119580746,0.01096221711486578,3.7670135498046875e-05
key_only_null,0.1,3.026613235473633,0.15840008854866028,0.0025092808064073324,0.04384418949484825,9.799003601074219e-05
key_only_null,0.2,6.053226470947266,0.31681421399116516,0.005019279662519693,0.17534922063350677,0.0002853870391845703
key_only_null,0.4,12.106452941894531,0.6336239576339722,0.01004191767424345,0.7010391354560852,0.0009329319000244141
key_only_null,0.8,24.212905883789062,1.2667053937911987,0.020103275775909424,2.799424886703491,0.0033104419708251953
key_only_null,1.6,48.425811767578125,2.5269908905029297,0.040328264236450195,11.130362510681152,0.012310504913330078
key_only_null,3.2,96.85162353515625,4.993650913238525,0.08140978962182999,43.53188705444336,0.04599285125732422
key_only_null,4.0,121.06452941894531,6.183205604553223,0.1023225411772728,66.91983032226562,0.06957340240478516
joint_vk_null,0.0,0.0,0.0,0.0,0.0,0.0
joint_vk_null,0.05,1.5133066177368164,0.07922497391700745,0.001278189942240715,0.010991411283612251,2.288818359375e-05
joint_vk_null,0.1,3.026613235473633,0.15845546126365662,0.0025564413517713547,0.043962690979242325,6.771087646484375e-05
joint_vk_null,0.2,6.053226470947266,0.31692659854888916,0.005112871062010527,0.1758275181055069,0.00022602081298828125
joint_vk_null,0.4,12.106452941894531,0.6338543891906738,0.010226305574178696,0.7030067443847656,0.0008144378662109375
joint_vk_null,0.8,24.212905883789062,1.267203450202942,0.020459990948438644,2.8077027797698975,0.0030722618103027344
joint_vk_null,1.6,48.425811767578125,2.5282294750213623,0.040989089757204056,11.166691780090332,0.011835098266601562
joint_vk_null,3.2,96.85162353515625,4.99741268157959,0.08250242471694946,43.70000076293945,0.04505205154418945
joint_vk_null,4.0,121.06452941894531,6.18861198425293,0.10354514420032501,67.1961898803711,0.06840896606445312
multiblock_J_null,0.0,0.0,0.0,0.0,0.0,0.0
multiblock_J_null,0.05,1.5133066177368164,0.08072903007268906,0.0017115672817453742,0.011608196422457695,-8.463859558105469e-05
multiblock_J_null,0.1,3.026613235473633,0.16144470870494843,0.0034237951040267944,0.04642496630549431,-0.0001468658447265625
multiblock_J_null,0.2,6.053226470947266,0.3228273093700409,0.006850057747215033,0.18562264740467072,-0.0002048015594482422
multiblock_J_null,0.4,12.106452941894531,0.6453472375869751,0.013709497638046741,0.7417452335357666,-5.269050598144531e-05
multiblock_J_null,0.8,24.212905883789062,1.288962483406067,0.027452489361166954,2.959017753601074,0.001322031021118164
multiblock_J_null,1.6,48.425811767578125,2.5668647289276123,0.05500177666544914,11.74090576171875,0.008287429809570312
multiblock_J_null,3.2,96.85162353515625,5.055630683898926,0.11003592610359192,45.73048400878906,0.037919044494628906
multiblock_J_null,4.0,121.06452941894531,6.250261306762695,0.1373095065355301,70.15803527832031,0.05955076217651367
joint_cum_null,0.0,0.0,0.0,0.0,0.0,0.0
joint_cum_null,0.05,1.5133066177368164,0.07937469333410263,0.0014209795044735074,0.011230711825191975,1.33514404296875e-05
joint_cum_null,0.1,3.026613235473633,0.15875911712646484,0.002841837704181671,0.04492312669754028,4.887580871582031e-05
joint_cum_null,0.2,6.053226470947266,0.31754961609840393,0.005683061201125383,0.17966656386852264,0.00018835067749023438
joint_cum_null,0.4,12.106452941894531,0.6351606249809265,0.01136399433016777,0.7183533906936646,0.0007364749908447266
joint_cum_null,0.8,24.212905883789062,1.2700408697128296,0.022722264751791954,2.868950366973877,0.0029082298278808594
joint_cum_null,1.6,48.425811767578125,2.5346648693084717,0.045443326234817505,11.40928840637207,0.011466026306152344
joint_cum_null,3.2,96.85162353515625,5.012695789337158,0.09102878719568253,44.630638122558594,0.04411506652832031
joint_cum_null,4.0,121.06452941894531,6.209355354309082,0.1139315515756607,68.6050796508789,0.06710147857666016
random_matched_norm,0.0,0.0,0.0,0.0,0.0,0.0
random_matched_norm,0.05,1.5133066177368164,0.0823933556675911,0.001756556099280715,0.011954369954764843,-4.5299530029296875e-05
random_matched_norm,0.1,3.026613235473633,0.16477392613887787,0.0035131194163113832,0.047812651842832565,-6.890296936035156e-05
random_matched_norm,0.2,6.053226470947266,0.3294888734817505,0.007026124745607376,0.1911715716123581,-5.078315734863281e-05
random_matched_norm,0.4,12.106452941894531,0.6586719751358032,0.01405106857419014,0.7639141082763672,0.000247955322265625
random_matched_norm,0.8,24.212905883789062,1.315575361251831,0.02809274196624756,3.0473461151123047,0.0018944740295410156
random_matched_norm,1.6,48.425811767578125,2.6196181774139404,0.05610724166035652,12.089714050292969,0.009317398071289062
random_matched_norm,3.2,96.85162353515625,5.157271385192871,0.11156770586967468,47.066341400146484,0.03953075408935547
random_matched_norm,4.0,121.06452941894531,6.373831748962402,0.13884347677230835,72.18431854248047,0.06129312515258789
