model,depth,budget_B,condition,K_synth,M_real,total_downstream_tokens,mean_top1_acc,std_top1_acc,mean_clean_relative_acc,mean_margin,std_margin,mean_delta_acc,std_delta_acc,mean_delta_margin,std_delta_margin,mean_flip_rate,total_model_gflops,flop_reduction_pct
deit_small,8,28,RANDOM_PRUNING,0,28,29,0.6942000389099121,0.006760188346848159,0.9122208132850357,1.338893985748291,0.042127198224029265,0.0,0.0,0.0,0.0,0.1908000111579895,6.48582144,28.591866940131716
deit_small,8,28,REAL_PLUS_CENTROID,1,27,29,0.6902000308036804,0.010158738957539179,0.906964560845835,1.2936336755752564,0.07083132768343973,-0.0040000081062316895,0.004999992251430818,-0.04526031017303467,0.03252466231646313,0.19860000908374786,6.48582144,28.591866940131716
deit_small,8,28,REAL_PLUS_KMEANS_BANK,4,24,29,0.6762000322341919,0.016284952567875034,0.8885677164706859,1.1997509479522706,0.11966018997163864,-0.018000006675720215,0.011916369425629049,-0.1391430377960205,0.08847159198775795,0.2194000095129013,6.48582144,28.591866940131716
deit_small,8,28,REAL_PLUS_KMEANS_BANK,8,20,29,0.6640000343322754,0.0154757856841339,0.8725361817769717,1.1038062572479248,0.11391729214233769,-0.03020000457763672,0.010663019040671394,-0.23508772850036622,0.08160219739453606,0.23900000751018524,6.48582144,28.591866940131716
deit_small,8,28,REAL_PLUS_KMEANS_BANK,16,12,29,0.611400032043457,0.022766218068008357,0.8034165992686688,0.7617411017417908,0.12204705783495036,-0.08280000686645508,0.016991188705405058,-0.5771528840065002,0.09083405846040969,0.29620001912117006,6.48582144,28.591866940131716
deit_small,8,28,REAL_PLUS_PCA_BANK,4,24,29,0.6762000441551208,0.01775388025934845,0.888567732135507,1.1825765371322632,0.11971552379154132,-0.01799999475479126,0.014300359349323015,-0.15631744861602784,0.08970364586601953,0.21900000870227815,6.48582144,28.591866940131716
deit_small,8,28,REAL_PLUS_PCA_BANK,8,20,29,0.6642000317573548,0.017498568341422903,0.8727989904827262,1.0736672043800355,0.11382588355584945,-0.03000000715255737,0.012509993363663225,-0.2652267813682556,0.0825494370713254,0.24040001332759858,6.48582144,28.591866940131716
deit_small,8,28,REAL_PLUS_PCA_BANK,16,12,29,0.6134000182151794,0.023373073783097133,0.8060447019910374,0.6892576932907104,0.12302138597032605,-0.08080002069473266,0.01744133788912797,-0.6496362924575806,0.09254327251923815,0.2998000204563141,6.48582144,28.591866940131716
deit_small,8,28,REAL_PLUS_RANDOM_DIR_BANK,4,24,29,0.6762000322341919,0.017297401139031693,0.8885677164706858,1.182184910774231,0.11979893187214356,-0.018000006675720215,0.013838360626519693,-0.15670907497406006,0.08973616716387933,0.21940001249313354,6.48582144,28.591866940131716
deit_small,8,28,REAL_PLUS_RANDOM_DIR_BANK,8,20,29,0.6636000394821167,0.015725764912813366,0.8720105643654621,1.0685966610908508,0.11414488027651895,-0.03059999942779541,0.011260546168287009,-0.27029732465744016,0.08308732772810075,0.24220000803470612,6.48582144,28.591866940131716
deit_small,8,28,REAL_PLUS_RANDOM_DIR_BANK,16,12,29,0.6116000175476074,0.02253442146636589,0.8036793923096024,0.6790068626403809,0.12058543022175429,-0.08260002136230468,0.016241921506119823,-0.6598871231079102,0.09010485190656183,0.3016000151634216,6.48582144,28.591866940131716
deit_small,8,52,RANDOM_PRUNING,0,52,53,0.7264000296592712,0.010334418531072186,0.9545335475154682,1.7348463773727416,0.025813881054203663,0.0,0.0,0.0,0.0,0.12780000865459443,6.837946368,24.715012798380855
deit_small,8,52,REAL_PLUS_CENTROID,1,51,53,0.7240000367164612,0.010559352744460867,0.951379811716769,1.7132053136825562,0.035327619132170994,-0.0023999929428100584,0.0023021639597025803,-0.021641063690185546,0.017639433536904475,0.13120000660419465,6.837946368,24.715012798380855
deit_small,8,52,REAL_PLUS_KMEANS_BANK,4,48,53,0.7194000363349915,0.011193749241332103,0.9453351331603042,1.6633413314819336,0.056392311845405635,-0.006999993324279785,0.005612466921669227,-0.07150504589080811,0.041141419723741586,0.14240000396966934,6.837946368,24.715012798380855
deit_small,8,52,REAL_PLUS_KMEANS_BANK,8,44,53,0.7174000382423401,0.012502004317777484,0.9427070147731144,1.6350053310394288,0.07076918435342096,-0.008999991416931152,0.01041631366642322,-0.09984104633331299,0.05140147950966069,0.15060001015663146,6.837946368,24.715012798380855
deit_small,8,52,REAL_PLUS_KMEANS_BANK,16,36,53,0.7080000162124633,0.011000000617721724,0.9303548176247876,1.5140820026397706,0.06050416277123877,-0.01840001344680786,0.01219835692583366,-0.2207643747329712,0.04271693270400366,0.16360000967979432,6.837946368,24.715012798380855
deit_small,8,52,REAL_PLUS_PCA_BANK,4,48,53,0.7196000337600708,0.0117175023831458,0.9455979418660588,1.6609683513641358,0.05959761961524488,-0.0067999958992004395,0.005449750784393977,-0.07387802600860596,0.04334513999606451,0.14080000519752503,6.837946368,24.715012798380855
deit_small,8,52,REAL_PLUS_PCA_BANK,8,44,53,0.7164000272750854,0.013334159914072401,0.9413929399146983,1.6271289348602296,0.07507938543808941,-0.010000002384185792,0.009110412787222648,-0.10771744251251221,0.05507471410862616,0.1508000075817108,6.837946368,24.715012798380855
deit_small,8,52,REAL_PLUS_PCA_BANK,16,36,53,0.709000039100647,0.010653634989451216,0.9316689081480248,1.4994225025177002,0.06974899693743002,-0.01739999055862427,0.010212746899013862,-0.23542387485504152,0.0522999746127064,0.16460000872612,6.837946368,24.715012798380855
deit_small,8,52,REAL_PLUS_RANDOM_DIR_BANK,4,48,53,0.7186000347137451,0.010358565421736228,0.9442838826724639,1.6614230394363403,0.05952872759148551,-0.007799994945526123,0.004764439149559991,-0.07342333793640136,0.04324267410361306,0.1420000046491623,6.837946368,24.715012798380855
deit_small,8,52,REAL_PLUS_RANDOM_DIR_BANK,8,44,53,0.7154000401496887,0.012012503326860768,0.9400788963859247,1.6273278951644898,0.07540663124268236,-0.01099998950958252,0.008860006050919762,-0.10751848220825196,0.05542005870152823,0.1510000079870224,6.837946368,24.715012798380855
deit_small,8,52,REAL_PLUS_RANDOM_DIR_BANK,16,36,53,0.7082000374794006,0.011166908293344473,0.9306176576601848,1.4986347198486327,0.07036367579335047,-0.018199992179870606,0.00914875718888194,-0.2362116575241089,0.053147491082399946,0.1654000073671341,6.837946368,24.715012798380855
deit_tiny,8,45,RANDOM_PRUNING,0,45,46,0.6162000179290772,0.004381777097423223,0.9075110720604964,0.5637742519378662,0.020888543819042878,0.0,0.0,0.0,0.0,0.2226000100374222,1.80658176,26.257711792145255
deit_tiny,8,45,REAL_PLUS_CENTROID,1,44,46,0.6110000133514404,0.006519196188006761,0.8998527442583806,0.5317336201667786,0.010937896193737189,-0.005200004577636719,0.0066857973444745524,-0.032040631771087645,0.029845686675307747,0.22760001122951506,1.80658176,26.257711792145255
deit_tiny,8,45,REAL_PLUS_KMEANS_BANK,4,41,46,0.6040000200271607,0.013601470684030965,0.8895434757395592,0.47968222498893737,0.04258246354459958,-0.012199997901916504,0.012255608074886445,-0.08409202694892884,0.06228652308005438,0.23720000982284545,1.80658176,26.257711792145255
deit_tiny,8,45,REAL_PLUS_KMEANS_BANK,8,37,46,0.5962000370025635,0.012716127844232494,0.8780560191495781,0.42824664115905764,0.056677731307075756,-0.019999980926513672,0.011202665705316547,-0.1355276107788086,0.07414253228768186,0.2508000165224075,1.80658176,26.257711792145255
deit_tiny,8,45,REAL_PLUS_KMEANS_BANK,16,29,46,0.5744000196456909,0.01350184807492289,0.8459499552955684,0.2842937082052231,0.0514331828891435,-0.04179999828338623,0.012597618684476583,-0.27948054373264314,0.06880845868204323,0.2812000155448914,1.80658176,26.257711792145255
deit_tiny,8,45,REAL_PLUS_PCA_BANK,4,41,46,0.605400025844574,0.013277810311498973,0.8916053399772812,0.4718017399311066,0.04204656931736846,-0.010799992084503173,0.011562876362226757,-0.09197251200675964,0.06181382980164202,0.23660001158714294,1.80658176,26.257711792145255
deit_tiny,8,45,REAL_PLUS_PCA_BANK,8,37,46,0.5976000308990479,0.013464766139348253,0.8801178658307037,0.41820929646492006,0.05542685991701752,-0.018599987030029297,0.011631843468148668,-0.14556495547294618,0.07278838431549556,0.25240000486373904,1.80658176,26.257711792145255
deit_tiny,8,45,REAL_PLUS_PCA_BANK,16,29,46,0.5766000270843505,0.014943243907956063,0.8491900251610465,0.27041129767894745,0.04936210444516364,-0.03959999084472656,0.014152755877045295,-0.2933629542589188,0.06589071535515949,0.28160001039505006,1.80658176,26.257711792145255
deit_tiny,8,45,REAL_PLUS_RANDOM_DIR_BANK,4,41,46,0.6058000326156616,0.012872445688298385,0.8921944515694575,0.47153974175453184,0.041992409840172634,-0.010399985313415527,0.011013618717256745,-0.09223451018333435,0.06171112233865706,0.23700000941753388,1.80658176,26.257711792145255
deit_tiny,8,45,REAL_PLUS_RANDOM_DIR_BANK,8,37,46,0.5966000318527221,0.014152731660770246,0.8786451131851578,0.41820902228355405,0.0553865999872369,-0.01959998607635498,0.012739694439637642,-0.14556522965431212,0.07262226165518251,0.25240000784397126,1.80658176,26.257711792145255
deit_tiny,8,45,REAL_PLUS_RANDOM_DIR_BANK,16,29,46,0.5770000338554382,0.013892430311541722,0.8497791367532226,0.270464101433754,0.049004533462013965,-0.039199984073638915,0.0131605314251824,-0.29331015050411224,0.0652693119339938,0.2818000078201294,1.80658176,26.257711792145255
deit_tiny,8,73,RANDOM_PRUNING,0,73,74,0.6482000350952148,0.00383405673353726,0.9546392269443518,0.8091219425201416,0.018185648381357274,0.0,0.0,0.0,0.0,0.15500000715255738,1.916166144,21.784621557907407
deit_tiny,8,73,REAL_PLUS_CENTROID,1,72,74,0.6444000244140625,0.004826997070929485,0.9490427458233615,0.7935893297195434,0.02898691399332224,-0.0038000106811523437,0.0032710934425879564,-0.015532612800598145,0.019427904456408004,0.15820000767707826,1.916166144,21.784621557907407
deit_tiny,8,73,REAL_PLUS_KMEANS_BANK,4,69,74,0.6422000408172608,0.004438463434228353,0.945802711071076,0.7643418192863465,0.03998936921530989,-0.005999994277954101,0.005099026924761871,-0.04478012323379517,0.03454164586803558,0.16480000913143159,1.916166144,21.784621557907407
deit_tiny,8,73,REAL_PLUS_KMEANS_BANK,8,65,74,0.6368000268936157,0.009230398147342363,0.937849818694574,0.7384757280349732,0.05039215741921555,-0.01140000820159912,0.007021406918608458,-0.07064621448516846,0.04153540874294008,0.1738000065088272,1.916166144,21.784621557907407
deit_tiny,8,73,REAL_PLUS_KMEANS_BANK,16,57,74,0.6288000345230103,0.007596052679385811,0.9260677975302064,0.6558317899703979,0.05133102722228692,-0.01940000057220459,0.005899146249494767,-0.15329015254974365,0.0416479390991585,0.18920000791549682,1.916166144,21.784621557907407
deit_tiny,8,73,REAL_PLUS_PCA_BANK,4,69,74,0.6414000272750855,0.004335913025427848,0.9446244878867237,0.7603383302688599,0.03966678667190425,-0.006800007820129394,0.004324368418764521,-0.048783612251281736,0.03452349150718046,0.16440000832080842,1.916166144,21.784621557907407
deit_tiny,8,73,REAL_PLUS_PCA_BANK,8,65,74,0.6374000310897827,0.008876935597366173,0.9387334773045399,0.7338168382644653,0.0493966753397925,-0.010800004005432129,0.0063796557125632555,-0.07530510425567627,0.040601258434187215,0.17660000920295715,1.916166144,21.784621557907407
deit_tiny,8,73,REAL_PLUS_PCA_BANK,16,57,74,0.628600013256073,0.004560701794504967,0.9257732153992239,0.650089168548584,0.05018635205691664,-0.019600021839141845,0.0032093487747463048,-0.15903277397155763,0.040243973371215026,0.1926000088453293,1.916166144,21.784621557907407
deit_tiny,8,73,REAL_PLUS_RANDOM_DIR_BANK,4,69,74,0.6420000195503235,0.0048989894136320525,0.9455081289400935,0.7606812477111816,0.039534228867350855,-0.006200015544891357,0.0047644666721967065,-0.04844069480895996,0.03437367180249916,0.16580000817775725,1.916166144,21.784621557907407
deit_tiny,8,73,REAL_PLUS_RANDOM_DIR_BANK,8,65,74,0.6370000243186951,0.008573197580778912,0.9381443657123638,0.7344407320022583,0.04927562924520093,-0.011200010776519775,0.005932943688059659,-0.0746812105178833,0.04047150363135546,0.17620000541210173,1.916166144,21.784621557907407
deit_tiny,8,73,REAL_PLUS_RANDOM_DIR_BANK,16,57,74,0.6282000303268432,0.005890670132684174,0.9251841389202404,0.650792908668518,0.050174335003513426,-0.020000004768371583,0.0048476604798114095,-0.15832903385162353,0.040219482980279594,0.1922000080347061,1.916166144,21.784621557907407
dinov2,9,184,RANDOM_PRUNING,0,184,185,0.7754000306129456,0.0033615438796873766,0.9840101911331797,2.6238299369812013,0.01088802788382625,0.0,0.0,0.0,0.0,0.05520000234246254,11.234145792,7.407398498646919
dinov2,9,184,REAL_PLUS_CENTROID,1,183,185,0.7740000247955322,0.0023452094556851385,0.9822335340044825,2.622481346130371,0.01105836662348528,-0.0014000058174133301,0.0023021704322860543,-0.001348590850830078,0.0014685335102290096,0.05540000200271607,11.234145792,7.407398498646919
dinov2,9,184,REAL_PLUS_KMEANS_BANK,4,180,185,0.7728000283241272,0.0021679506703576896,0.980710695842801,2.6038671493530274,0.013762004448730242,-0.0026000022888183595,0.00384707841129204,-0.019962787628173828,0.008082121437393246,0.058200002461671826,11.234145792,7.407398498646919
dinov2,9,184,REAL_PLUS_KMEANS_BANK,8,176,185,0.7702000498771667,0.004147284459226224,0.9774112308085872,2.5816521644592285,0.018278102845574917,-0.005199980735778808,0.006978525980315185,-0.042177772521972655,0.00856827685261718,0.062000003457069394,11.234145792,7.407398498646919
dinov2,9,184,REAL_PLUS_KMEANS_BANK,16,168,185,0.7692000389099121,0.0013038488377133024,0.9761421813577564,2.5447273731231688,0.0183657224291208,-0.006199991703033448,0.004438474177530742,-0.07910256385803223,0.009715843161952684,0.06800000369548798,11.234145792,7.407398498646919
dinov2,9,184,REAL_PLUS_PCA_BANK,4,180,185,0.7722000360488892,0.002387465250103397,0.9799492843260014,2.6039336204528807,0.013791964851335206,-0.0031999945640563965,0.004086559597000823,-0.019896316528320312,0.008016001002100547,0.058400002866983415,11.234145792,7.407398498646919
dinov2,9,184,REAL_PLUS_PCA_BANK,8,176,185,0.7712000370025635,0.0038987164659516145,0.9786802500032531,2.5843388557434084,0.018285066365670104,-0.00419999361038208,0.006797047846572604,-0.03949108123779297,0.008592386097054807,0.06040000319480896,11.234145792,7.407398498646919
dinov2,9,184,REAL_PLUS_PCA_BANK,16,168,185,0.7692000269889832,0.0019235399804023883,0.9761421662296741,2.548155117034912,0.019613768776434806,-0.0062000036239624025,0.005019959646318533,-0.07567481994628907,0.011529287121772829,0.06840000301599503,11.234145792,7.407398498646919
dinov2,9,184,REAL_PLUS_RANDOM_DIR_BANK,4,180,185,0.7726000308990478,0.002966470337075926,0.9804568920038678,2.605569362640381,0.013862628808532477,-0.002799999713897705,0.004868249650625894,-0.01826057434082031,0.00802193273944043,0.058800003677606585,11.234145792,7.407398498646919
dinov2,9,184,REAL_PLUS_RANDOM_DIR_BANK,8,176,185,0.7714000344276428,0.003209369204051935,0.9789340538421862,2.5859206199645994,0.01878154989413141,-0.0039999961853027345,0.005958188464222258,-0.037909317016601565,0.009072345814672138,0.06140000224113464,11.234145792,7.407398498646919
dinov2,9,184,REAL_PLUS_RANDOM_DIR_BANK,16,168,185,0.7700000166893005,0.0020000040531602675,0.9771573815854067,2.5463533878326414,0.021228099444757613,-0.005400013923645019,0.004827010653921172,-0.07747654914855957,0.013014124852483027,0.06820000559091569,11.234145792,7.407398498646919
dinov2,9,199,RANDOM_PRUNING,0,199,200,0.7786000370979309,0.003361528808058371,0.9880711130684402,2.6685197830200194,0.008561116679065417,0.0,0.0,0.0,0.0,0.04600000157952309,11.420147712,5.874357894054545
dinov2,9,199,REAL_PLUS_CENTROID,1,198,200,0.7778000473976135,0.004711689554071221,0.9870558977127075,2.6678321838378904,0.008492742290239934,-0.0007999897003173828,0.0016431827917553813,-0.0006875991821289062,0.001146582697613623,0.04660000205039978,11.420147712,5.874357894054545
dinov2,9,199,REAL_PLUS_KMEANS_BANK,4,195,200,0.7762000441551209,0.004266141872770375,0.9850254367450771,2.6509604930877684,0.01433467133503733,-0.0023999929428100584,0.0015165673544549336,-0.017559289932250977,0.007354061867011322,0.048000001907348634,11.420147712,5.874357894054545
dinov2,9,199,REAL_PLUS_KMEANS_BANK,8,191,200,0.7728000402450561,0.003962322683637472,0.9807107109708835,2.6318857669830322,0.013992163999875924,-0.005799996852874756,0.0013038374092146756,-0.03663401603698731,0.0072721998531261635,0.0508000023663044,11.420147712,5.874357894054545
dinov2,9,199,REAL_PLUS_KMEANS_BANK,16,183,200,0.7720000386238098,0.003535538963594759,0.9796954804870683,2.599524211883545,0.014324612906641257,-0.006599998474121094,0.0005477100656057352,-0.06899557113647461,0.008992501770751608,0.058200002461671826,11.420147712,5.874357894054545
dinov2,9,199,REAL_PLUS_PCA_BANK,4,195,200,0.7766000390052795,0.003974921940711765,0.9855330444229435,2.6508476734161377,0.014279784895638909,-0.0019999980926513673,0.0012247412704091127,-0.017672109603881835,0.007297039322936279,0.04780000224709511,11.420147712,5.874357894054545
dinov2,9,199,REAL_PLUS_PCA_BANK,8,191,200,0.7724000334739685,0.0016733270062828205,0.9802030881649346,2.6344660758972167,0.01387382182012658,-0.0062000036239624025,0.0019235260364021101,-0.034053707122802736,0.007058301805853003,0.05100000277161598,11.420147712,5.874357894054545
dinov2,9,199,REAL_PLUS_PCA_BANK,16,183,200,0.7714000344276428,0.003646916950347688,0.9789340538421862,2.6033762454986573,0.014268848649727526,-0.007200002670288086,0.0017888513434011673,-0.0651435375213623,0.009367327328345517,0.058200002461671826,11.420147712,5.874357894054545
dinov2,9,199,REAL_PLUS_RANDOM_DIR_BANK,4,195,200,0.7772000312805176,0.0044384634342283635,0.9862944559397431,2.6525259971618653,0.014284307033959179,-0.0014000058174133301,0.0015165771798814364,-0.015993785858154298,0.0073625309217929535,0.04900000169873238,11.420147712,5.874357894054545
dinov2,9,199,REAL_PLUS_RANDOM_DIR_BANK,8,191,200,0.7742000460624695,0.0030331504291925,0.9824873680995806,2.6362906455993653,0.014101740074900577,-0.004399991035461426,0.001673310977108114,-0.032229137420654294,0.007517589494328048,0.0508000023663044,11.420147712,5.874357894054545
dinov2,9,199,REAL_PLUS_RANDOM_DIR_BANK,16,183,200,0.7746000289916992,0.003646916950347694,0.9829949606493644,2.6023097038269043,0.014920964458246352,-0.0040000081062316895,0.0018708364674359912,-0.06621007919311524,0.010279192762793831,0.06000000387430191,11.420147712,5.874357894054545
vit_base,7,73,RANDOM_PRUNING,0,73,74,0.7248000264167785,0.00540370456110844,0.9524310465397878,2.8060006141662597,0.02729728626884655,0.0,0.0,0.0,0.0,0.12040000408887863,25.752895488,26.204446798141955
vit_base,7,73,REAL_PLUS_CENTROID,1,72,74,0.7232000350952148,0.005761945448760808,0.9503285612289287,2.7888601779937745,0.040093818335091055,-0.0015999913215637208,0.00371481296922945,-0.01714043617248535,0.01662649797331943,0.1218000054359436,25.752895488,26.204446798141955
vit_base,7,73,REAL_PLUS_KMEANS_BANK,4,69,74,0.7198000431060791,0.005403707870229571,0.9458607662366347,2.7899018287658692,0.04879085330502144,-0.004999983310699463,0.003162284068749354,-0.016098785400390624,0.04727231951919568,0.12200000584125519,25.752895488,26.204446798141955
vit_base,7,73,REAL_PLUS_KMEANS_BANK,8,65,74,0.7150000214576722,0.007314362851096296,0.9395532476447729,2.735373115539551,0.0687039048162916,-0.009800004959106445,0.004764437898506935,-0.07062749862670899,0.06339626331554171,0.12880000323057175,25.752895488,26.204446798141955
vit_base,7,73,REAL_PLUS_KMEANS_BANK,16,57,74,0.7038000345230102,0.008871309778522905,0.9248357878094747,2.59684681892395,0.07169456011019527,-0.020999991893768312,0.009772412411810514,-0.20915379524230956,0.0700311595426976,0.14980000555515288,25.752895488,26.204446798141955
vit_base,7,73,REAL_PLUS_PCA_BANK,4,69,74,0.7200000286102295,0.008154759691093446,0.9461235592775683,2.776316833496094,0.049516970964190804,-0.004799997806549073,0.00614002632931262,-0.029683780670166016,0.043779365530549556,0.12560000270605087,25.752895488,26.204446798141955
vit_base,7,73,REAL_PLUS_PCA_BANK,8,65,74,0.7162000298500061,0.007293842889786192,0.9411301312089437,2.72940411567688,0.07356957312135377,-0.008599996566772461,0.004560707022185627,-0.07659649848937988,0.06503788993785153,0.13400000631809234,25.752895488,26.204446798141955
vit_base,7,73,REAL_PLUS_PCA_BANK,16,57,74,0.7110000252723694,0.009082944040698591,0.9342970108703934,2.616770601272583,0.0723725161929248,-0.01380000114440918,0.0072594549450171455,-0.18923001289367675,0.06179874174244316,0.15040000677108764,25.752895488,26.204446798141955
vit_base,7,73,REAL_PLUS_RANDOM_DIR_BANK,4,69,74,0.7190000295639039,0.007211104766168024,0.9448095000839734,2.7575497150421144,0.05335326162169975,-0.005799996852874756,0.004919332258057794,-0.048450899124145505,0.04230230679844114,0.12880000323057175,25.752895488,26.204446798141955
vit_base,7,73,REAL_PLUS_RANDOM_DIR_BANK,8,65,74,0.7162000417709351,0.005974937112257461,0.9411301468737647,2.708347797393799,0.07674955719505902,-0.008599984645843505,0.004159320609189356,-0.09765281677246093,0.06312065672698315,0.13600000739097595,25.752895488,26.204446798141955
vit_base,7,73,REAL_PLUS_RANDOM_DIR_BANK,16,57,74,0.7096000194549561,0.007368857991060519,0.9324573186004679,2.5977062702178957,0.07026872860548102,-0.015200006961822509,0.006300780118615942,-0.20829434394836427,0.05538495263401385,0.1508000075817108,25.752895488,26.204446798141955
vit_base,7,112,RANDOM_PRUNING,0,112,113,0.7372000336647033,0.006300788632508343,0.968725405604078,2.998687744140625,0.037577979104100705,0.0,0.0,0.0,0.0,0.08280000388622284,28.626490368,17.970090240199212
vit_base,7,112,REAL_PLUS_CENTROID,1,111,113,0.735200047492981,0.006180625452761255,0.9660973028817095,2.990097665786743,0.03511330497913091,-0.001999986171722412,0.0021213141058888667,-0.008590078353881836,0.008973715787758631,0.08480000495910645,28.626490368,17.970090240199212
vit_base,7,112,REAL_PLUS_KMEANS_BANK,4,108,113,0.734000027179718,0.003605546183816413,0.9645204036527175,2.9761164665222166,0.027284446923434798,-0.0032000064849853514,0.003898714172739392,-0.022571277618408204,0.01778270588767857,0.08680000454187393,28.626490368,17.970090240199212
vit_base,7,112,REAL_PLUS_KMEANS_BANK,8,104,113,0.7312000393867493,0.003563711903909169,0.9608410504425089,2.9510544300079347,0.033294196904081814,-0.005999994277954101,0.003674227865800271,-0.04763331413269043,0.01926433924999391,0.08820000290870667,28.626490368,17.970090240199212
vit_base,7,112,REAL_PLUS_KMEANS_BANK,16,96,113,0.7248000264167785,0.0044944395096481815,0.9524310465397878,2.878664016723633,0.030555384847465367,-0.012400007247924805,0.0029664833974275004,-0.12002372741699219,0.00987052144203482,0.10200000405311585,28.626490368,17.970090240199212
vit_base,7,112,REAL_PLUS_PCA_BANK,4,108,113,0.7356000304222107,0.0024083176090239776,0.9666229046283977,2.972994565963745,0.029114768172588512,-0.0016000032424926757,0.004505543071152119,-0.025693178176879883,0.018849606359334994,0.0860000029206276,28.626490368,17.970090240199212
vit_base,7,112,REAL_PLUS_PCA_BANK,8,104,113,0.734000027179718,0.005049746473020851,0.9645204036527175,2.955900478363037,0.03448433908952515,-0.0032000064849853514,0.0046583305216826125,-0.04278726577758789,0.02096947146415381,0.08960000276565552,28.626490368,17.970090240199212
vit_base,7,112,REAL_PLUS_PCA_BANK,16,96,113,0.7284000396728516,0.0025099893219673788,0.957161681567479,2.896234893798828,0.035124722316652764,-0.008799993991851806,0.005761944414320557,-0.10245285034179688,0.010162929098068107,0.09940000474452973,28.626490368,17.970090240199212
vit_base,7,112,REAL_PLUS_RANDOM_DIR_BANK,4,108,113,0.7354000449180603,0.0034351197689509176,0.9663601115874643,2.979324293136597,0.028480359409447934,-0.0017999887466430664,0.007429671265674272,-0.01936345100402832,0.020279508080323097,0.0862000048160553,28.626490368,17.970090240199212
vit_base,7,112,REAL_PLUS_RANDOM_DIR_BANK,8,104,113,0.7336000323295593,0.00384706601650656,0.963994786241208,2.9622162342071534,0.03372247150228782,-0.003600001335144043,0.004615180024248574,-0.03647150993347168,0.021407318586368948,0.08920000344514847,28.626490368,17.970090240199212
vit_base,7,112,REAL_PLUS_RANDOM_DIR_BANK,16,96,113,0.7276000261306763,0.0028809670348768548,0.9561104154148177,2.9052608489990233,0.03291538050935262,-0.0096000075340271,0.005176869468452619,-0.09342689514160156,0.012308316674517122,0.1008000060915947,28.626490368,17.970090240199212
