model_key,depth,condition,margin_damage,top1_accuracy,recovery_vs_zero
deit_small,5,zero,0.4603823721408844,0.9699999690055847,0.0
deit_small,5,centroid,0.022670254111289978,0.9899999499320984,0.950757770978624
deit_small,5,diagonal_gaussian,0.07521302253007889,0.9799999594688416,0.8366292300376665
deit_small,5,fungible_subspace_gaussian,0.010601305402815342,0.9899999499320984,0.9769728248907227
deit_small,5,sensitive_subspace_gaussian,0.13663578033447266,0.9899999499320984,0.7032123976219898
deit_small,5,random_subspace_gaussian,0.02409374713897705,0.9899999499320984,0.9476657911081562
deit_small,7,zero,0.2717220187187195,0.9799999594688416,0.0
deit_small,7,centroid,0.052066363394260406,0.9899999499320984,0.8083837161205669
deit_small,7,diagonal_gaussian,0.09574119001626968,0.9699999690055847,0.6476502326440323
deit_small,7,fungible_subspace_gaussian,0.05293039605021477,0.9899999499320984,0.8052038757097285
deit_small,7,sensitive_subspace_gaussian,0.2193499505519867,0.9799999594688416,0.19274134792025463
deit_small,7,random_subspace_gaussian,0.05170264467597008,0.9899999499320984,0.8097222852945762
deit_small,8,zero,0.5176835656166077,0.9599999785423279,0.0
deit_small,8,centroid,0.03335428610444069,0.9899999499320984,0.9355701273648319
deit_small,8,diagonal_gaussian,0.042991966009140015,0.9699999690055847,0.9169531950475808
deit_small,8,fungible_subspace_gaussian,0.03460518643260002,0.9899999499320984,0.933153785778968
deit_small,8,sensitive_subspace_gaussian,0.30253133177757263,0.9599999785423279,0.4156056867310609
deit_small,8,random_subspace_gaussian,0.03422638401389122,0.9899999499320984,0.933885511574019
deit_small,10,zero,0.8641353249549866,0.9300000071525574,0.0
deit_small,10,centroid,0.014961562119424343,1.0,0.9826860888733228
deit_small,10,diagonal_gaussian,0.003694567596539855,1.0,0.9957245496284917
deit_small,10,fungible_subspace_gaussian,0.015066785737872124,1.0,0.9825643213498841
deit_small,10,sensitive_subspace_gaussian,0.01776469685137272,1.0,0.9794422280442681
deit_small,10,random_subspace_gaussian,0.01516858022660017,1.0,0.9824465221050477
vit_base,5,zero,0.3001868426799774,0.9699999690055847,0.0
vit_base,5,centroid,0.41724613308906555,0.949999988079071,-0.38995476725436296
vit_base,5,diagonal_gaussian,0.035990823060274124,0.9599999785423279,0.880105261020205
vit_base,5,fungible_subspace_gaussian,0.3830909729003906,0.949999988079071,-0.2761750963255174
vit_base,5,sensitive_subspace_gaussian,0.44360804557800293,0.9300000071525574,-0.4777731148035238
vit_base,5,random_subspace_gaussian,0.3627927303314209,0.949999988079071,-0.20855640131213413
vit_base,7,zero,1.5550512075424194,0.8700000047683716,0.0
vit_base,7,centroid,0.21996580064296722,0.9599999785423279,0.8585475515777691
vit_base,7,diagonal_gaussian,0.012160119600594044,0.9699999690055847,0.9921802448428501
vit_base,7,fungible_subspace_gaussian,0.15017291903495789,0.949999988079071,0.9034289556530862
vit_base,7,sensitive_subspace_gaussian,0.7413197755813599,0.9300000071525574,0.5232827240427284
vit_base,7,random_subspace_gaussian,0.17544865608215332,0.949999988079071,0.8871749976335844
vit_base,8,zero,0.12158452719449997,0.9199999570846558,0.0
vit_base,8,centroid,0.12132970243692398,0.9699999690055847,0.0020958650187351273
vit_base,8,diagonal_gaussian,0.10203197598457336,0.9799999594688416,0.16081446911881106
vit_base,8,fungible_subspace_gaussian,0.09457722306251526,0.9799999594688416,0.2221278046882403
vit_base,8,sensitive_subspace_gaussian,1.6961370706558228,0.8499999642372131,-12.950270716992373
vit_base,8,random_subspace_gaussian,0.12183789163827896,0.9599999785423279,-0.0020838543309486795
vit_base,10,zero,0.23182407021522522,0.949999988079071,0.0
vit_base,10,centroid,0.31128185987472534,0.9899999499320984,-0.34275038632294114
vit_base,10,diagonal_gaussian,0.12120797485113144,0.9899999499320984,0.4771553498033331
vit_base,10,fungible_subspace_gaussian,0.2967473864555359,0.9899999499320984,-0.2800542504151122
vit_base,10,sensitive_subspace_gaussian,1.424993872642517,0.9300000071525574,-5.146876253207299
vit_base,10,random_subspace_gaussian,0.29295700788497925,0.9899999499320984,-0.26370401307607044
