model_key,depth,direction,scale_s,amplitude_alpha,margin_damage,relative_logit_dist,flip_rate,kl_div
deit_small,5,pc1,0.0,0.0,0.0,0.0,0.0,-5.711699557764405e-09
deit_small,5,pc1,0.1,1.6539815902709962,-0.00921489205211401,0.026371845975518227,0.0,0.00016695733938831836
deit_small,5,pc1,0.25,4.13495397567749,-0.026039833202958107,0.0684833824634552,0.0,0.0011229331139475107
deit_small,5,pc1,0.5,8.26990795135498,-0.04449378326535225,0.14445272088050842,0.0,0.004156152717769146
deit_small,5,pc1,1.0,16.53981590270996,-0.012940945103764534,0.2756868600845337,0.009999999776482582,0.0146931242197752
deit_small,5,pc1,2.0,33.07963180541992,0.06200965866446495,0.3482578992843628,0.03999999910593033,0.029267005622386932
deit_small,5,pc1,4.0,66.15926361083984,0.26316341757774353,0.45377132296562195,0.04999999701976776,0.061056725680828094
deit_small,5,pc2,0.0,0.0,0.0,0.0,0.0,-5.711699557764405e-09
deit_small,5,pc2,0.1,1.6539815902709962,-0.008577846921980381,0.03243835270404816,0.0,0.0004680711426772177
deit_small,5,pc2,0.25,4.13495397567749,-0.019102510064840317,0.07581081986427307,0.0,0.00239920848980546
deit_small,5,pc2,0.5,8.26990795135498,-0.022660808637738228,0.1319832056760788,0.0,0.0061260792426764965
deit_small,5,pc2,1.0,16.53981590270996,-0.014133691787719727,0.1830110251903534,0.019999999552965164,0.01310319360345602
deit_small,5,pc2,2.0,33.07963180541992,-0.03747541829943657,0.2234160602092743,0.019999999552965164,0.015871424227952957
deit_small,5,pc2,4.0,66.15926361083984,-0.039190564304590225,0.2694018483161926,0.019999999552965164,0.01766083389520645
deit_small,5,pc4,0.0,0.0,0.0,0.0,0.0,-5.711699557764405e-09
deit_small,5,pc4,0.1,1.6539815902709962,-0.004268517252057791,0.035914283245801926,0.0,0.0006482011522166431
deit_small,5,pc4,0.25,4.13495397567749,0.0028076362796127796,0.09249776601791382,0.0,0.004963393323123455
deit_small,5,pc4,0.5,8.26990795135498,0.02045183628797531,0.19376686215400696,0.019999999552965164,0.025480210781097412
deit_small,5,pc4,1.0,16.53981590270996,0.03289075195789337,0.36899101734161377,0.05999999865889549,0.07821455597877502
deit_small,5,pc4,2.0,33.07963180541992,0.13306550681591034,0.6219701766967773,0.08999999612569809,0.14846272766590118
deit_small,5,pc4,4.0,66.15926361083984,0.5980735421180725,1.172788381576538,0.17000000178813934,0.3786531090736389
deit_small,5,pc_mid,0.0,0.0,0.0,0.0,0.0,-5.711699557764405e-09
deit_small,5,pc_mid,0.1,1.6539815902709962,-0.00551463570445776,0.02190084382891655,0.0,0.00021035451209172606
deit_small,5,pc_mid,0.25,4.13495397567749,-0.012019342742860317,0.05446631833910942,0.0,0.00110038707498461
deit_small,5,pc_mid,0.5,8.26990795135498,-0.015398206189274788,0.109921395778656,0.0,0.0037922589108347893
deit_small,5,pc_mid,1.0,16.53981590270996,0.014667295850813389,0.23726490139961243,0.009999999776482582,0.019093705341219902
deit_small,5,pc_mid,2.0,33.07963180541992,0.08774097263813019,0.6546874642372131,0.04999999701976776,0.1200362965464592
deit_small,5,pc_mid,4.0,66.15926361083984,1.0422019958496094,1.4025558233261108,0.14000000059604645,0.6864337921142578
deit_small,5,pc_tail,0.0,0.0,0.0,0.0,0.0,-5.711699557764405e-09
deit_small,5,pc_tail,0.1,1.6539815902709962,-0.006392407231032848,0.02019091323018074,0.0,0.00010206684237346053
deit_small,5,pc_tail,0.25,4.13495397567749,-0.01884658820927143,0.0509071871638298,0.0,0.000622644554823637
deit_small,5,pc_tail,0.5,8.26990795135498,-0.03774568811058998,0.10390284657478333,0.0,0.0025199688971042633
deit_small,5,pc_tail,1.0,16.53981590270996,-0.041835274547338486,0.21384219825267792,0.0,0.011416756547987461
deit_small,5,pc_tail,2.0,33.07963180541992,-0.027902664616703987,0.45272138714790344,0.009999999776482582,0.038375020027160645
deit_small,5,pc_tail,4.0,66.15926361083984,-0.02983463741838932,0.7521975636482239,0.019999999552965164,0.07245583832263947
deit_small,5,pc_bottom,0.0,0.0,0.0,0.0,0.0,-5.711699557764405e-09
deit_small,5,pc_bottom,0.1,1.6539815902709962,0.036377400159835815,0.05039602518081665,0.0,0.0006425083847716451
deit_small,5,pc_bottom,0.25,4.13495397567749,0.11451295763254166,0.18299908936023712,0.019999999552965164,0.007573503069579601
deit_small,5,pc_bottom,0.5,8.26990795135498,3.219959020614624,1.2981759309768677,0.8299999833106995,4.19802713394165
deit_small,5,pc_bottom,1.0,16.53981590270996,3.472446918487549,1.606432318687439,0.9699999690055847,4.534000873565674
deit_small,5,pc_bottom,2.0,33.07963180541992,3.4765777587890625,1.633472204208374,0.9799999594688416,4.626272201538086
deit_small,5,pc_bottom,4.0,66.15926361083984,3.498418092727661,1.6198573112487793,0.9699999690055847,4.642792701721191
deit_small,5,rand_1,0.0,0.0,0.0,0.0,0.0,-5.711699557764405e-09
deit_small,5,rand_1,0.1,1.6539815902709962,-0.008821629919111729,0.02477467991411686,0.0,0.00020525894069578499
deit_small,5,rand_1,0.25,4.13495397567749,-0.023820804432034492,0.06480543315410614,0.0,0.0013706739991903305
deit_small,5,rand_1,0.5,8.26990795135498,-0.0438489094376564,0.14151586592197418,0.009999999776482582,0.005963502451777458
deit_small,5,rand_1,1.0,16.53981590270996,-0.0009986114455386996,0.37859779596328735,0.019999999552965164,0.0343136265873909
deit_small,5,rand_1,2.0,33.07963180541992,0.34982478618621826,1.1595416069030762,0.09999999403953552,0.24204905331134796
deit_small,5,rand_1,4.0,66.15926361083984,0.7832945585250854,1.354663610458374,0.14000000059604645,0.36549150943756104
deit_small,5,rand_2,0.0,0.0,0.0,0.0,0.0,-5.711699557764405e-09
deit_small,5,rand_2,0.1,1.6539815902709962,0.0034004496410489082,0.022634238004684448,0.0,0.00018763236585073173
deit_small,5,rand_2,0.25,4.13495397567749,0.0071661281399428844,0.056854575872421265,0.0,0.0011149774072691798
deit_small,5,rand_2,0.5,8.26990795135498,0.005320568103343248,0.1143932119011879,0.009999999776482582,0.004313938319683075
deit_small,5,rand_2,1.0,16.53981590270996,-0.02214784547686577,0.23880627751350403,0.009999999776482582,0.016951216384768486
deit_small,5,rand_2,2.0,33.07963180541992,-0.04940062761306763,0.6589301824569702,0.04999999701976776,0.08170786499977112
deit_small,5,rand_2,4.0,66.15926361083984,0.09054293483495712,1.0697016716003418,0.07000000029802322,0.14507395029067993
deit_small,5,rand_3,0.0,0.0,0.0,0.0,0.0,-5.711699557764405e-09
deit_small,5,rand_3,0.1,1.6539815902709962,-0.0032053659670054913,0.025932811200618744,0.0,0.0002743908844422549
deit_small,5,rand_3,0.25,4.13495397567749,-0.0031702565029263496,0.06834805011749268,0.009999999776482582,0.002006649738177657
deit_small,5,rand_3,0.5,8.26990795135498,0.010569777339696884,0.1503700464963913,0.009999999776482582,0.009643083438277245
deit_small,5,rand_3,1.0,16.53981590270996,0.11271456629037857,0.4368669092655182,0.029999999329447746,0.06972832977771759
deit_small,5,rand_3,2.0,33.07963180541992,0.5222282409667969,1.27964186668396,0.08999999612569809,0.3357556462287903
deit_small,5,rand_3,4.0,66.15926361083984,0.6293231248855591,1.516050100326538,0.10999999940395355,0.4517347514629364
deit_small,5,rand_4,0.0,0.0,0.0,0.0,0.0,-5.711699557764405e-09
deit_small,5,rand_4,0.1,1.6539815902709962,0.003902935888618231,0.023963965475559235,0.0,0.0002269094402436167
deit_small,5,rand_4,0.25,4.13495397567749,0.012002648785710335,0.05892500653862953,0.009999999776482582,0.0014283045893535018
deit_small,5,rand_4,0.5,8.26990795135498,0.03856930509209633,0.11814238131046295,0.009999999776482582,0.005576401948928833
deit_small,5,rand_4,1.0,16.53981590270996,0.13147889077663422,0.27770116925239563,0.009999999776482582,0.021384285762906075
deit_small,5,rand_4,2.0,33.07963180541992,0.14245831966400146,0.7838072776794434,0.019999999552965164,0.060604289174079895
deit_small,5,rand_4,4.0,66.15926361083984,0.07722503691911697,0.8287737965583801,0.05999999865889549,0.07578948140144348
deit_small,5,grad_margin,0.0,0.0,0.0,0.0,0.0,-5.711699557764405e-09
deit_small,5,grad_margin,0.1,1.6539815902709962,-0.16091148555278778,0.061571769416332245,0.0,0.004417878575623035
deit_small,5,grad_margin,0.25,4.13495397567749,-0.36139753460884094,0.14070089161396027,0.0,0.02106870524585247
deit_small,5,grad_margin,0.5,8.26990795135498,-0.590461015701294,0.2519289255142212,0.009999999776482582,0.05296798422932625
deit_small,5,grad_margin,1.0,16.53981590270996,-0.8110400438308716,0.42918238043785095,0.029999999329447746,0.11177900433540344
deit_small,5,grad_margin,2.0,33.07963180541992,-1.008508324623108,0.6750261783599854,0.04999999701976776,0.1894826591014862
deit_small,5,grad_margin,4.0,66.15926361083984,-1.006332278251648,0.9791167378425598,0.05999999865889549,0.22818824648857117
deit_small,5,jac_top,0.0,0.0,0.0,0.0,0.0,-5.711699557764405e-09
deit_small,5,jac_top,0.1,1.6539815902709962,0.07270479202270508,0.08559272438287735,0.0,0.0019342976156622171
deit_small,5,jac_top,0.25,4.13495397567749,0.23776952922344208,0.31959590315818787,0.019999999552965164,0.021844806149601936
deit_small,5,jac_top,0.5,8.26990795135498,0.2504652440547943,0.8563429117202759,0.07999999821186066,0.1162886768579483
deit_small,5,jac_top,1.0,16.53981590270996,0.5000786185264587,1.514687418937683,0.12999999523162842,0.3824513852596283
deit_small,5,jac_top,2.0,33.07963180541992,3.5457088947296143,1.8713281154632568,1.0,5.540368556976318
deit_small,5,jac_top,4.0,66.15926361083984,3.6038613319396973,1.6977016925811768,1.0,5.424417495727539
deit_small,5,jac_null,0.0,0.0,0.0,0.0,0.0,-5.711699557764405e-09
deit_small,5,jac_null,0.1,1.6539815902709962,9.536742595628311e-08,6.77205832744221e-07,0.0,1.7821002451512413e-09
deit_small,5,jac_null,0.25,4.13495397567749,1.8596648487800849e-07,7.135960800042085e-07,0.0,6.535810559427091e-09
deit_small,5,jac_null,0.5,8.26990795135498,2.0503996722709417e-07,8.11659674582188e-07,0.0,-5.207511755145333e-09
deit_small,5,jac_null,1.0,16.53981590270996,3.52859501617786e-07,1.061373041011393e-06,0.0,9.311770243769502e-10
deit_small,5,jac_null,2.0,33.07963180541992,2.6226044269606064e-07,1.6762795667091268e-06,0.0,1.2663913473431876e-08
deit_small,5,jac_null,4.0,66.15926361083984,1.23977656585339e-07,3.050390205316944e-06,0.0,1.416883588234441e-08
deit_small,5,centroid_dir,0.0,0.0,0.0,0.0,0.0,-5.711699557764405e-09
deit_small,5,centroid_dir,0.1,1.6539815902709962,-0.024653153494000435,0.038402531296014786,0.0,0.0003993747232016176
deit_small,5,centroid_dir,0.25,4.13495397567749,-0.03238336369395256,0.0811428502202034,0.0,0.0019434845307841897
deit_small,5,centroid_dir,0.5,8.26990795135498,-0.009074634872376919,0.12890596687793732,0.0,0.005541217979043722
deit_small,5,centroid_dir,1.0,16.53981590270996,0.03439836576581001,0.1687084138393402,0.009999999776482582,0.010971308685839176
deit_small,5,centroid_dir,2.0,33.07963180541992,0.048201169818639755,0.1826685220003128,0.009999999776482582,0.012831252068281174
deit_small,5,centroid_dir,4.0,66.15926361083984,0.04572756960988045,0.19423408806324005,0.019999999552965164,0.013758722692728043
deit_small,5,sign_flip_disp,0.0,0.0,0.0,0.0,0.0,-5.711699557764405e-09
deit_small,5,sign_flip_disp,0.1,1.6539815902709962,0.037268366664648056,0.04889841005206108,0.0,0.0005908611346967518
deit_small,5,sign_flip_disp,0.25,4.13495397567749,0.1129346564412117,0.14843493700027466,0.019999999552965164,0.005269586108624935
deit_small,5,sign_flip_disp,0.5,8.26990795135498,0.21142761409282684,0.42573240399360657,0.029999999329447746,0.04026205092668533
deit_small,5,sign_flip_disp,1.0,16.53981590270996,0.26432666182518005,1.0206115245819092,0.07999999821186066,0.15802539885044098
deit_small,5,sign_flip_disp,2.0,33.07963180541992,0.5074174404144287,1.0790797472000122,0.07999999821186066,0.19062983989715576
deit_small,5,sign_flip_disp,4.0,66.15926361083984,2.4577436447143555,1.3486425876617432,0.41999998688697815,2.2061026096343994
deit_small,5,perm_disp,0.0,0.0,0.0,0.0,0.0,-5.711699557764405e-09
deit_small,5,perm_disp,0.1,1.6539815902709962,0.027595991268754005,0.03758466616272926,0.0,0.00035164019209332764
deit_small,5,perm_disp,0.25,4.13495397567749,0.07637616246938705,0.10496420413255692,0.009999999776482582,0.0027707074768841267
deit_small,5,perm_disp,0.5,8.26990795135498,0.14727067947387695,0.2587156295776367,0.03999999910593033,0.015423319302499294
deit_small,5,perm_disp,1.0,16.53981590270996,0.12376239150762558,0.6983072757720947,0.03999999910593033,0.061396654695272446
deit_small,5,perm_disp,2.0,33.07963180541992,0.23589850962162018,0.8575365543365479,0.04999999701976776,0.10734153538942337
deit_small,5,perm_disp,4.0,66.15926361083984,1.0375285148620605,1.2797877788543701,0.14000000059604645,0.382892906665802
deit_small,7,pc1,0.0,0.0,0.0,0.0,0.0,-5.711699557764405e-09
deit_small,7,pc1,0.1,2.618041801452637,-0.012936729937791824,0.021153654903173447,0.0,0.00017033892800100148
deit_small,7,pc1,0.25,6.545104503631592,-0.026360372081398964,0.05587649345397949,0.0,0.0010891371639445424
deit_small,7,pc1,0.5,13.090209007263184,-0.02133435197174549,0.12504476308822632,0.0,0.004297343082726002
deit_small,7,pc1,1.0,26.180418014526367,0.09704328328371048,0.28352034091949463,0.0,0.015334904193878174
deit_small,7,pc1,2.0,52.360836029052734,0.3130580186843872,0.41999682784080505,0.029999999329447746,0.033673252910375595
deit_small,7,pc1,4.0,104.72167205810547,0.5683405995368958,0.5096378922462463,0.029999999329447746,0.08010804653167725
deit_small,7,pc2,0.0,0.0,0.0,0.0,0.0,-5.711699557764405e-09
deit_small,7,pc2,0.1,2.618041801452637,0.003539090044796467,0.03492110222578049,0.0,0.0003802768769674003
deit_small,7,pc2,0.25,6.545104503631592,0.01420043408870697,0.07408574223518372,0.009999999776482582,0.001795009826309979
deit_small,7,pc2,0.5,13.090209007263184,0.04217051342129707,0.11660698801279068,0.019999999552965164,0.0049192290753126144
deit_small,7,pc2,1.0,26.180418014526367,0.07873626798391342,0.1540660560131073,0.019999999552965164,0.008678658865392208
deit_small,7,pc2,2.0,52.360836029052734,0.09382935613393784,0.18916606903076172,0.019999999552965164,0.010920805856585503
deit_small,7,pc2,4.0,104.72167205810547,0.10509318858385086,0.23583011329174042,0.019999999552965164,0.013324873521924019
deit_small,7,pc4,0.0,0.0,0.0,0.0,0.0,-5.711699557764405e-09
deit_small,7,pc4,0.1,2.618041801452637,0.004283714108169079,0.03378290683031082,0.0,0.0004569902957882732
deit_small,7,pc4,0.25,6.545104503631592,0.026822952553629875,0.0897328332066536,0.0,0.0033735763281583786
deit_small,7,pc4,0.5,13.090209007263184,0.09619847685098648,0.1898830384016037,0.029999999329447746,0.01475682482123375
deit_small,7,pc4,1.0,26.180418014526367,0.2268504649400711,0.3606838285923004,0.03999999910593033,0.04572701454162598
deit_small,7,pc4,2.0,52.360836029052734,0.49823692440986633,0.664979100227356,0.05999999865889549,0.16384567320346832
deit_small,7,pc4,4.0,104.72167205810547,1.4147311449050903,1.2397406101226807,0.2800000011920929,0.7578855156898499
deit_small,7,pc_mid,0.0,0.0,0.0,0.0,0.0,-5.711699557764405e-09
deit_small,7,pc_mid,0.1,2.618041801452637,-0.003761014901101589,0.025706082582473755,0.0,0.00016884945216588676
deit_small,7,pc_mid,0.25,6.545104503631592,-0.004578490275889635,0.06587033718824387,0.0,0.0011221787426620722
deit_small,7,pc_mid,0.5,13.090209007263184,0.006277861539274454,0.14300595223903656,0.0,0.00526615371927619
deit_small,7,pc_mid,1.0,26.180418014526367,0.08032331615686417,0.37564897537231445,0.029999999329447746,0.026949601247906685
deit_small,7,pc_mid,2.0,52.360836029052734,0.6661655902862549,0.9739205837249756,0.07999999821186066,0.21694068610668182
deit_small,7,pc_mid,4.0,104.72167205810547,2.0748302936553955,1.5948750972747803,0.3999999761581421,2.002413511276245
deit_small,7,pc_tail,0.0,0.0,0.0,0.0,0.0,-5.711699557764405e-09
deit_small,7,pc_tail,0.1,2.618041801452637,0.0032806014642119408,0.023266810923814774,0.0,0.0002213521220255643
deit_small,7,pc_tail,0.25,6.545104503631592,0.012561173178255558,0.05854460969567299,0.0,0.001341138849966228
deit_small,7,pc_tail,0.5,13.090209007263184,0.038935717195272446,0.12211500853300095,0.009999999776482582,0.0054648336954414845
deit_small,7,pc_tail,1.0,26.180418014526367,0.14042668044567108,0.285160094499588,0.019999999552965164,0.027789900079369545
deit_small,7,pc_tail,2.0,52.360836029052734,0.6236130595207214,0.6947741508483887,0.12999999523162842,0.21438626945018768
deit_small,7,pc_tail,4.0,104.72167205810547,1.816301703453064,1.285388708114624,0.2800000011920929,1.4817873239517212
deit_small,7,pc_bottom,0.0,0.0,0.0,0.0,0.0,-5.711699557764405e-09
deit_small,7,pc_bottom,0.1,2.618041801452637,-0.013446163386106491,0.061996154487133026,0.0,0.0010325249750167131
deit_small,7,pc_bottom,0.25,6.545104503631592,0.023265356197953224,0.10956073552370071,0.009999999776482582,0.0036786263808608055
deit_small,7,pc_bottom,0.5,13.090209007263184,0.0648074820637703,0.14161939918994904,0.009999999776482582,0.006139049306511879
deit_small,7,pc_bottom,1.0,26.180418014526367,0.07727004587650299,0.1588008850812912,0.009999999776482582,0.007241890300065279
deit_small,7,pc_bottom,2.0,52.360836029052734,0.07833019644021988,0.17434626817703247,0.009999999776482582,0.007773141842335463
deit_small,7,pc_bottom,4.0,104.72167205810547,0.05996735766530037,0.19924287497997284,0.009999999776482582,0.009076537564396858
deit_small,7,rand_1,0.0,0.0,0.0,0.0,0.0,-5.711699557764405e-09
deit_small,7,rand_1,0.1,2.618041801452637,0.006425065919756889,0.027530714869499207,0.0,0.00019604228145908564
deit_small,7,rand_1,0.25,6.545104503631592,0.024145878851413727,0.07607293128967285,0.0,0.0015171256382018328
deit_small,7,rand_1,0.5,13.090209007263184,0.07548924535512924,0.18721890449523926,0.019999999552965164,0.00936366431415081
deit_small,7,rand_1,1.0,26.180418014526367,0.29128989577293396,0.5676435232162476,0.05999999865889549,0.07498705387115479
deit_small,7,rand_1,2.0,52.360836029052734,1.4274705648422241,1.169385552406311,0.25999999046325684,0.8224510550498962
deit_small,7,rand_1,4.0,104.72167205810547,2.5700087547302246,1.5603164434432983,0.6200000047683716,2.7425954341888428
deit_small,7,rand_2,0.0,0.0,0.0,0.0,0.0,-5.711699557764405e-09
deit_small,7,rand_2,0.1,2.618041801452637,-0.006574430502951145,0.025237388908863068,0.0,0.00019788909412454814
deit_small,7,rand_2,0.25,6.545104503631592,-0.013994703069329262,0.06355060636997223,0.0,0.0010832055704668164
deit_small,7,rand_2,0.5,13.090209007263184,-0.022786954417824745,0.13381963968276978,0.0,0.003899441799148917
deit_small,7,rand_2,1.0,26.180418014526367,-0.027022508904337883,0.3360309600830078,0.0,0.017192328348755836
deit_small,7,rand_2,2.0,52.360836029052734,0.08428981900215149,0.7969502210617065,0.07000000029802322,0.07438842952251434
deit_small,7,rand_2,4.0,104.72167205810547,0.5193217396736145,1.1930996179580688,0.10999999940395355,0.20147034525871277
deit_small,7,rand_3,0.0,0.0,0.0,0.0,0.0,-5.711699557764405e-09
deit_small,7,rand_3,0.1,2.618041801452637,0.00201353058218956,0.02499775029718876,0.0,0.00018498786084819585
deit_small,7,rand_3,0.25,6.545104503631592,0.011772828176617622,0.06384603679180145,0.0,0.00132865144405514
deit_small,7,rand_3,0.5,13.090209007263184,0.04208948463201523,0.13785140216350555,0.009999999776482582,0.00647088373079896
deit_small,7,rand_3,1.0,26.180418014526367,0.1310611069202423,0.3658185601234436,0.029999999329447746,0.0326092392206192
deit_small,7,rand_3,2.0,52.360836029052734,0.43752601742744446,0.9435132145881653,0.05999999865889549,0.157359316945076
deit_small,7,rand_3,4.0,104.72167205810547,1.9130319356918335,1.515325903892517,0.32999998331069946,1.8272826671600342
deit_small,7,rand_4,0.0,0.0,0.0,0.0,0.0,-5.711699557764405e-09
deit_small,7,rand_4,0.1,2.618041801452637,-0.00297717098146677,0.024853786453604698,0.0,0.00017463747644796968
deit_small,7,rand_4,0.25,6.545104503631592,-0.0008012580801732838,0.061628494411706924,0.0,0.0010855537839233875
deit_small,7,rand_4,0.5,13.090209007263184,0.018138160929083824,0.12725037336349487,0.019999999552965164,0.004417164716869593
deit_small,7,rand_4,1.0,26.180418014526367,0.10256659984588623,0.30267810821533203,0.029999999329447746,0.0188463032245636
deit_small,7,rand_4,2.0,52.360836029052734,0.32925745844841003,0.6147815585136414,0.04999999701976776,0.06474936008453369
deit_small,7,rand_4,4.0,104.72167205810547,0.7575961351394653,0.9243798851966858,0.07999999821186066,0.19232581555843353
deit_small,7,grad_margin,0.0,0.0,0.0,0.0,0.0,-5.711699557764405e-09
deit_small,7,grad_margin,0.1,2.618041801452637,-0.13871312141418457,0.049931034445762634,0.0,0.004316970705986023
deit_small,7,grad_margin,0.25,6.545104503631592,-0.3036934733390808,0.11521963030099869,0.0,0.018375322222709656
deit_small,7,grad_margin,0.5,13.090209007263184,-0.47641122341156006,0.2074791043996811,0.0,0.0399777889251709
deit_small,7,grad_margin,1.0,26.180418014526367,-0.6687451004981995,0.3778548240661621,0.0,0.07417639344930649
deit_small,7,grad_margin,2.0,52.360836029052734,-0.856777548789978,0.809618353843689,0.04999999701976776,0.16646334528923035
deit_small,7,grad_margin,4.0,104.72167205810547,-0.5563387870788574,1.3203710317611694,0.10999999940395355,0.2982873320579529
deit_small,7,jac_top,0.0,0.0,0.0,0.0,0.0,-5.711699557764405e-09
deit_small,7,jac_top,0.1,2.618041801452637,0.09526768326759338,0.12295093387365341,0.009999999776482582,0.007401224225759506
deit_small,7,jac_top,0.25,6.545104503631592,0.5916954278945923,0.5612435936927795,0.08999999612569809,0.15065792202949524
deit_small,7,jac_top,0.5,13.090209007263184,2.2489354610443115,1.17313814163208,0.3400000035762787,1.6018344163894653
deit_small,7,jac_top,1.0,26.180418014526367,3.3078815937042236,1.4844008684158325,0.8799999952316284,3.9368181228637695
deit_small,7,jac_top,2.0,52.360836029052734,3.538309335708618,1.5880669355392456,0.9799999594688416,4.900203704833984
deit_small,7,jac_top,4.0,104.72167205810547,3.5595414638519287,1.6170432567596436,0.9899999499320984,5.030009746551514
deit_small,7,jac_null,0.0,0.0,0.0,0.0,0.0,-5.711699557764405e-09
deit_small,7,jac_null,0.1,2.618041801452637,1.2874602361989673e-07,6.385533879438299e-07,0.0,2.090055239989397e-09
deit_small,7,jac_null,0.25,6.545104503631592,2.384185648907078e-08,7.692366921219218e-07,0.0,3.31994653990364e-09
deit_small,7,jac_null,0.5,13.090209007263184,1.76429750808893e-07,1.043523980115424e-06,0.0,8.451351618532499e-09
deit_small,7,jac_null,1.0,26.180418014526367,-2.3365019785615004e-07,1.7073094795705401e-06,0.0,6.352747661253488e-09
deit_small,7,jac_null,2.0,52.360836029052734,-3.00407407394232e-07,3.1743038562126458e-06,0.0,1.2727104925502886e-09
deit_small,7,jac_null,4.0,104.72167205810547,-8.344650268554688e-07,6.204579221957829e-06,0.0,1.0647926984574951e-08
deit_small,7,centroid_dir,0.0,0.0,0.0,0.0,0.0,-5.711699557764405e-09
deit_small,7,centroid_dir,0.1,2.618041801452637,-0.011209649965167046,0.044797953218221664,0.0,0.000545699440408498
deit_small,7,centroid_dir,0.25,6.545104503631592,-0.0011535071535035968,0.08418271690607071,0.009999999776482582,0.002093422459438443
deit_small,7,centroid_dir,0.5,13.090209007263184,0.03072398528456688,0.11326763033866882,0.009999999776482582,0.0046221851371228695
deit_small,7,centroid_dir,1.0,26.180418014526367,0.04829338565468788,0.12804274260997772,0.009999999776482582,0.006198044400662184
deit_small,7,centroid_dir,2.0,52.360836029052734,0.04962142929434776,0.1339968740940094,0.009999999776482582,0.00657176598906517
deit_small,7,centroid_dir,4.0,104.72167205810547,0.04791690781712532,0.1385093778371811,0.009999999776482582,0.006647505797445774
deit_small,7,sign_flip_disp,0.0,0.0,0.0,0.0,0.0,-5.711699557764405e-09
deit_small,7,sign_flip_disp,0.1,2.618041801452637,0.03291722387075424,0.06918169558048248,0.0,0.0014850072329863906
deit_small,7,sign_flip_disp,0.25,6.545104503631592,0.12022380530834198,0.23958896100521088,0.009999999776482582,0.017818458378314972
deit_small,7,sign_flip_disp,0.5,13.090209007263184,0.6108916997909546,0.670317530632019,0.05999999865889549,0.20374907553195953
deit_small,7,sign_flip_disp,1.0,26.180418014526367,2.375204086303711,1.2687976360321045,0.3499999940395355,2.347404956817627
deit_small,7,sign_flip_disp,2.0,52.360836029052734,3.3278398513793945,1.468994140625,0.949999988079071,4.7947235107421875
deit_small,7,sign_flip_disp,4.0,104.72167205810547,3.495049476623535,1.5949742794036865,0.9799999594688416,5.241044044494629
deit_small,7,perm_disp,0.0,0.0,0.0,0.0,0.0,-5.711699557764405e-09
deit_small,7,perm_disp,0.1,2.618041801452637,0.018316244706511497,0.0517394132912159,0.0,0.0006512230611406267
deit_small,7,perm_disp,0.25,6.545104503631592,0.06063990294933319,0.16550077497959137,0.019999999552965164,0.0071836500428617
deit_small,7,perm_disp,0.5,13.090209007263184,0.155628964304924,0.44998595118522644,0.03999999910593033,0.0467238612473011
deit_small,7,perm_disp,1.0,26.180418014526367,0.7611799240112305,1.0727922916412354,0.09999999403953552,0.27555006742477417
deit_small,7,perm_disp,2.0,52.360836029052734,2.7332756519317627,1.483805537223816,0.5600000023841858,2.8880348205566406
deit_small,7,perm_disp,4.0,104.72167205810547,3.457003593444824,1.551210880279541,0.9699999690055847,4.79351282119751
deit_small,8,pc1,0.0,0.0,0.0,0.0,0.0,-5.711699557764405e-09
deit_small,8,pc1,0.1,3.0932895660400392,-0.015945954248309135,0.02060762606561184,0.0,0.0001480482897022739
deit_small,8,pc1,0.25,7.733223915100098,-0.03387836366891861,0.05076785013079643,0.0,0.0007878249743953347
deit_small,8,pc1,0.5,15.466447830200195,-0.042447514832019806,0.1025899201631546,0.0,0.002704661339521408
deit_small,8,pc1,1.0,30.93289566040039,0.018069881945848465,0.21397437155246735,0.0,0.009289344772696495
deit_small,8,pc1,2.0,61.86579132080078,0.21699820458889008,0.3768027126789093,0.009999999776482582,0.026064278557896614
deit_small,8,pc1,4.0,123.73158264160156,0.6273033618927002,0.53321373462677,0.019999999552965164,0.10377813130617142
deit_small,8,pc2,0.0,0.0,0.0,0.0,0.0,-5.711699557764405e-09
deit_small,8,pc2,0.1,3.0932895660400392,-0.004327678587287664,0.04489283636212349,0.0,0.000849297852255404
deit_small,8,pc2,0.25,7.733223915100098,0.01404603011906147,0.15065397322177887,0.009999999776482582,0.00937044620513916
deit_small,8,pc2,0.5,15.466447830200195,0.20649953186511993,0.48079580068588257,0.05999999865889549,0.08016855269670486
deit_small,8,pc2,1.0,30.93289566040039,1.7488833665847778,1.4041104316711426,0.25,1.0039130449295044
deit_small,8,pc2,2.0,61.86579132080078,3.194796085357666,1.7691253423690796,0.8999999761581421,3.791508436203003
deit_small,8,pc2,4.0,123.73158264160156,3.449266195297241,1.7990957498550415,0.9799999594688416,4.5415940284729
deit_small,8,pc4,0.0,0.0,0.0,0.0,0.0,-5.711699557764405e-09
deit_small,8,pc4,0.1,3.0932895660400392,-0.002925548469647765,0.02999480627477169,0.0,0.0003007462655659765
deit_small,8,pc4,0.25,7.733223915100098,-0.004084029234945774,0.07761656492948532,0.0,0.0018338359659537673
deit_small,8,pc4,0.5,15.466447830200195,0.0050864312797784805,0.17310458421707153,0.0,0.007803774904459715
deit_small,8,pc4,1.0,30.93289566040039,0.10653537511825562,0.42401209473609924,0.019999999552965164,0.03690185770392418
deit_small,8,pc4,2.0,61.86579132080078,0.6370906829833984,0.9791786074638367,0.07000000029802322,0.25932222604751587
deit_small,8,pc4,4.0,123.73158264160156,1.6624548435211182,1.5479873418807983,0.429999977350235,1.5413532257080078
deit_small,8,pc_mid,0.0,0.0,0.0,0.0,0.0,-5.711699557764405e-09
deit_small,8,pc_mid,0.1,3.0932895660400392,-0.007679633796215057,0.026256689801812172,0.0,0.00021384749561548233
deit_small,8,pc_mid,0.25,7.733223915100098,-0.014557881280779839,0.06648913770914078,0.0,0.0011807720875367522
deit_small,8,pc_mid,0.5,15.466447830200195,-0.016122521832585335,0.14515073597431183,0.0,0.004412832669913769
deit_small,8,pc_mid,1.0,30.93289566040039,0.013536643236875534,0.3958662748336792,0.019999999552965164,0.023533644154667854
deit_small,8,pc_mid,2.0,61.86579132080078,0.5046787858009338,1.0132861137390137,0.07000000029802322,0.20169779658317566
deit_small,8,pc_mid,4.0,123.73158264160156,1.7678921222686768,1.5549044609069824,0.25999999046325684,1.4721544981002808
deit_small,8,pc_tail,0.0,0.0,0.0,0.0,0.0,-5.711699557764405e-09
deit_small,8,pc_tail,0.1,3.0932895660400392,0.0014442444080486894,0.02365257777273655,0.0,0.00019116867042612284
deit_small,8,pc_tail,0.25,7.733223915100098,0.004389452748000622,0.06007443368434906,0.0,0.0010788188083097339
deit_small,8,pc_tail,0.5,15.466447830200195,0.011688041500747204,0.12888801097869873,0.0,0.0034240593668073416
deit_small,8,pc_tail,1.0,30.93289566040039,0.04415307566523552,0.30666884779930115,0.0,0.012309526093304157
deit_small,8,pc_tail,2.0,61.86579132080078,0.19657012820243835,0.6484806537628174,0.03999999910593033,0.0488370880484581
deit_small,8,pc_tail,4.0,123.73158264160156,0.897904634475708,1.1264363527297974,0.05999999865889549,0.37240931391716003
deit_small,8,pc_bottom,0.0,0.0,0.0,0.0,0.0,-5.711699557764405e-09
deit_small,8,pc_bottom,0.1,3.0932895660400392,0.0931885614991188,0.13442406058311462,0.009999999776482582,0.0058038001880049706
deit_small,8,pc_bottom,0.25,7.733223915100098,0.818408191204071,0.5988374948501587,0.05999999865889549,0.2626191973686218
deit_small,8,pc_bottom,0.5,15.466447830200195,2.509477376937866,1.2091007232666016,0.32999998331069946,2.39542293548584
deit_small,8,pc_bottom,1.0,30.93289566040039,3.2305984497070312,1.5533629655838013,0.8799999952316284,4.116189956665039
deit_small,8,pc_bottom,2.0,61.86579132080078,3.3803539276123047,1.667650580406189,0.9799999594688416,4.481689453125
deit_small,8,pc_bottom,4.0,123.73158264160156,3.4452712535858154,1.6797245740890503,0.9899999499320984,4.624673843383789
deit_small,8,rand_1,0.0,0.0,0.0,0.0,0.0,-5.711699557764405e-09
deit_small,8,rand_1,0.1,3.0932895660400392,0.009542226791381836,0.028448015451431274,0.0,0.000351788621628657
deit_small,8,rand_1,0.25,7.733223915100098,0.029428323730826378,0.08131133019924164,0.019999999552965164,0.0026272651739418507
deit_small,8,rand_1,0.5,15.466447830200195,0.08611312508583069,0.2145581841468811,0.029999999329447746,0.01447498518973589
deit_small,8,rand_1,1.0,30.93289566040039,0.43460601568222046,0.6742121577262878,0.07000000029802322,0.11767121404409409
deit_small,8,rand_1,2.0,61.86579132080078,1.8030153512954712,1.2603422403335571,0.3400000035762787,1.3032625913619995
deit_small,8,rand_1,4.0,123.73158264160156,2.7272112369537354,1.6081044673919678,0.699999988079071,3.1251134872436523
deit_small,8,rand_2,0.0,0.0,0.0,0.0,0.0,-5.711699557764405e-09
deit_small,8,rand_2,0.1,3.0932895660400392,-0.007081618066877127,0.025893434882164,0.0,0.0001744234177749604
deit_small,8,rand_2,0.25,7.733223915100098,-0.014702673070132732,0.06618545949459076,0.0,0.001046392717398703
deit_small,8,rand_2,0.5,15.466447830200195,-0.022544503211975098,0.14581261575222015,0.0,0.00426511699333787
deit_small,8,rand_2,1.0,30.93289566040039,-0.016361193731427193,0.38626930117607117,0.009999999776482582,0.02072780765593052
deit_small,8,rand_2,2.0,61.86579132080078,0.20745614171028137,0.8448429107666016,0.03999999910593033,0.0875459834933281
deit_small,8,rand_2,4.0,123.73158264160156,0.8089085221290588,1.2612684965133667,0.14000000059604645,0.35489100217819214
deit_small,8,rand_3,0.0,0.0,0.0,0.0,0.0,-5.711699557764405e-09
deit_small,8,rand_3,0.1,3.0932895660400392,0.0019958065822720528,0.02409883216023445,0.0,0.00011773517326219007
deit_small,8,rand_3,0.25,7.733223915100098,0.008575000800192356,0.06259290874004364,0.0,0.0008165935869328678
deit_small,8,rand_3,0.5,15.466447830200195,0.031907498836517334,0.1423649787902832,0.009999999776482582,0.00427491357550025
deit_small,8,rand_3,1.0,30.93289566040039,0.15188932418823242,0.4012737274169922,0.04999999701976776,0.02936393953859806
deit_small,8,rand_3,2.0,61.86579132080078,0.9789547324180603,1.0301851034164429,0.09999999403953552,0.5268385410308838
deit_small,8,rand_3,4.0,123.73158264160156,2.3308348655700684,1.612843632698059,0.4599999785423279,2.5010781288146973
deit_small,8,rand_4,0.0,0.0,0.0,0.0,0.0,-5.711699557764405e-09
deit_small,8,rand_4,0.1,3.0932895660400392,0.001010250998660922,0.02430800534784794,0.0,0.00012057745334459469
deit_small,8,rand_4,0.25,7.733223915100098,0.006934814155101776,0.059955041855573654,0.0,0.0006961229955777526
deit_small,8,rand_4,0.5,15.466447830200195,0.02964136004447937,0.12572148442268372,0.009999999776482582,0.002812436781823635
deit_small,8,rand_4,1.0,30.93289566040039,0.12024073302745819,0.2944691777229309,0.029999999329447746,0.012527193874120712
deit_small,8,rand_4,2.0,61.86579132080078,0.34272536635398865,0.5789021253585815,0.03999999910593033,0.0520261749625206
deit_small,8,rand_4,4.0,123.73158264160156,0.8277111649513245,0.9203285574913025,0.07999999821186066,0.23383693397045135
deit_small,8,grad_margin,0.0,0.0,0.0,0.0,0.0,-5.711699557764405e-09
deit_small,8,grad_margin,0.1,3.0932895660400392,-0.1261405199766159,0.04971704259514809,0.0,0.0036035540979355574
deit_small,8,grad_margin,0.25,7.733223915100098,-0.2939525246620178,0.12151027470827103,0.0,0.016244471073150635
deit_small,8,grad_margin,0.5,15.466447830200195,-0.5219787359237671,0.24738723039627075,0.0,0.03994665667414665
deit_small,8,grad_margin,1.0,30.93289566040039,-0.834847092628479,0.5761635303497314,0.019999999552965164,0.1018429696559906
deit_small,8,grad_margin,2.0,61.86579132080078,-0.6327431201934814,1.2603679895401,0.14000000059604645,0.3953489661216736
deit_small,8,grad_margin,4.0,123.73158264160156,0.46136000752449036,1.6517701148986816,0.38999998569488525,1.1936094760894775
deit_small,8,jac_top,0.0,0.0,0.0,0.0,0.0,-5.711699557764405e-09
deit_small,8,jac_top,0.1,3.0932895660400392,0.06649010628461838,0.12245374172925949,0.009999999776482582,0.006206642370671034
deit_small,8,jac_top,0.25,7.733223915100098,0.4151051640510559,0.5823741555213928,0.07000000029802322,0.10207080841064453
deit_small,8,jac_top,0.5,15.466447830200195,2.0996549129486084,1.1915905475616455,0.22999998927116394,1.4594255685806274
deit_small,8,jac_top,1.0,30.93289566040039,2.910451650619507,1.333842396736145,0.5,3.1647627353668213
deit_small,8,jac_top,2.0,61.86579132080078,3.2579917907714844,1.5908187627792358,0.9300000071525574,4.0579514503479
deit_small,8,jac_top,4.0,123.73158264160156,3.4241533279418945,1.6638919115066528,0.9899999499320984,4.4834208488464355
deit_small,8,jac_null,0.0,0.0,0.0,0.0,0.0,-5.711699557764405e-09
deit_small,8,jac_null,0.1,3.0932895660400392,1.0490417423625331e-07,6.206293505783833e-07,0.0,1.0054573174045345e-08
deit_small,8,jac_null,0.25,7.733223915100098,9.536742595628311e-08,8.185782576219935e-07,0.0,4.9302979476806286e-09
deit_small,8,jac_null,0.5,15.466447830200195,1.9073485191256623e-07,1.2569603313750122e-06,0.0,-6.069967639632523e-09
deit_small,8,jac_null,1.0,30.93289566040039,2.670288097306184e-07,2.2150372842588695e-06,0.0,-1.4842953255378433e-10
deit_small,8,jac_null,2.0,61.86579132080078,3.1948087553246296e-07,4.23258916271152e-06,0.0,5.649999135215467e-09
deit_small,8,jac_null,4.0,123.73158264160156,1.0490417423625331e-07,8.339868145412765e-06,0.0,9.050600269233655e-09
deit_small,8,centroid_dir,0.0,0.0,0.0,0.0,0.0,-5.711699557764405e-09
deit_small,8,centroid_dir,0.1,3.0932895660400392,-0.0044732666574418545,0.046695541590452194,0.0,0.000629503047093749
deit_small,8,centroid_dir,0.25,7.733223915100098,0.008459744043648243,0.0796765685081482,0.009999999776482582,0.002064825501292944
deit_small,8,centroid_dir,0.5,15.466447830200195,0.028292961418628693,0.10026372969150543,0.009999999776482582,0.003648376790806651
deit_small,8,centroid_dir,1.0,30.93289566040039,0.03543366864323616,0.11021643131971359,0.009999999776482582,0.004544828552752733
deit_small,8,centroid_dir,2.0,61.86579132080078,0.033907465636730194,0.11374450474977493,0.009999999776482582,0.004779885523021221
deit_small,8,centroid_dir,4.0,123.73158264160156,0.032158512622117996,0.11501933634281158,0.009999999776482582,0.004832945764064789
deit_small,8,sign_flip_disp,0.0,0.0,0.0,0.0,0.0,-5.711699557764405e-09
deit_small,8,sign_flip_disp,0.1,3.0932895660400392,0.03682204708456993,0.09215576946735382,0.0,0.0025927552487701178
deit_small,8,sign_flip_disp,0.25,7.733223915100098,0.2088010013103485,0.3905656337738037,0.019999999552965164,0.05167108029127121
deit_small,8,sign_flip_disp,0.5,15.466447830200195,1.9331130981445312,1.0460237264633179,0.17000000178813934,1.4967986345291138
deit_small,8,sign_flip_disp,1.0,30.93289566040039,3.133978843688965,1.2441869974136353,0.699999988079071,3.996121406555176
deit_small,8,sign_flip_disp,2.0,61.86579132080078,3.3394527435302734,1.3586721420288086,0.949999988079071,4.6833176612854
deit_small,8,sign_flip_disp,4.0,123.73158264160156,3.374547243118286,1.5180761814117432,0.9699999690055847,4.967898845672607
deit_small,8,perm_disp,0.0,0.0,0.0,0.0,0.0,-5.711699557764405e-09
deit_small,8,perm_disp,0.1,3.0932895660400392,0.02194996364414692,0.06350358575582504,0.0,0.0012931275414302945
deit_small,8,perm_disp,0.25,7.733223915100098,0.09444154798984528,0.2356184720993042,0.019999999552965164,0.018671786412596703
deit_small,8,perm_disp,0.5,15.466447830200195,0.6385934352874756,0.8046064376831055,0.08999999612569809,0.23278658092021942
deit_small,8,perm_disp,1.0,30.93289566040039,2.5999820232391357,1.2668423652648926,0.4099999964237213,2.6008129119873047
deit_small,8,perm_disp,2.0,61.86579132080078,3.2893459796905518,1.4561089277267456,0.9099999666213989,4.309218883514404
deit_small,8,perm_disp,4.0,123.73158264160156,3.4999258518218994,1.5841012001037598,0.9599999785423279,4.81482458114624
deit_small,10,pc1,0.0,0.0,0.0,0.0,0.0,-5.711699557764405e-09
deit_small,10,pc1,0.1,3.7347026824951173,0.0035349035169929266,0.013873931020498276,0.0,2.897921331168618e-05
deit_small,10,pc1,0.25,9.336756706237793,0.008793005719780922,0.038704030215740204,0.0,0.00022967222321312875
deit_small,10,pc1,0.5,18.673513412475586,0.01884676329791546,0.09274068474769592,0.0,0.0013697067042812705
deit_small,10,pc1,1.0,37.34702682495117,0.06469099968671799,0.23731093108654022,0.009999999776482582,0.01037303451448679
deit_small,10,pc1,2.0,74.69405364990234,0.35692915320396423,0.4628142714500427,0.009999999776482582,0.09068159013986588
deit_small,10,pc1,4.0,149.3881072998047,0.9554609656333923,0.5961962342262268,0.03999999910593033,0.5096049308776855
deit_small,10,pc2,0.0,0.0,0.0,0.0,0.0,-5.711699557764405e-09
deit_small,10,pc2,0.1,3.7347026824951173,-0.008722658269107342,0.037663429975509644,0.0,0.0002991150540765375
deit_small,10,pc2,0.25,9.336756706237793,-0.020881328731775284,0.12139798700809479,0.0,0.00273637636564672
deit_small,10,pc2,0.5,18.673513412475586,-0.03635333478450775,0.34377118945121765,0.019999999552965164,0.017955822870135307
deit_small,10,pc2,1.0,37.34702682495117,0.08838284015655518,0.9061917066574097,0.05999999865889549,0.11195482313632965
deit_small,10,pc2,2.0,74.69405364990234,0.9265560507774353,1.5593526363372803,0.12999999523162842,0.47791290283203125
deit_small,10,pc2,4.0,149.3881072998047,1.624185562133789,1.7551169395446777,0.22999998927116394,1.028181552886963
deit_small,10,pc4,0.0,0.0,0.0,0.0,0.0,-5.711699557764405e-09
deit_small,10,pc4,0.1,3.7347026824951173,-0.004744234029203653,0.025988493114709854,0.0,0.00011408663704060018
deit_small,10,pc4,0.25,9.336756706237793,-0.010336656123399734,0.07799609750509262,0.0,0.0010306870099157095
deit_small,10,pc4,0.5,18.673513412475586,-0.005749039351940155,0.20634257793426514,0.0,0.007255484815686941
deit_small,10,pc4,1.0,37.34702682495117,0.040075406432151794,0.5586735010147095,0.029999999329447746,0.05334755778312683
deit_small,10,pc4,2.0,74.69405364990234,0.09885131567716599,1.042157530784607,0.07000000029802322,0.19575320184230804
deit_small,10,pc4,4.0,149.3881072998047,0.37268462777137756,1.4320826530456543,0.11999999731779099,0.5824064016342163
deit_small,10,pc_mid,0.0,0.0,0.0,0.0,0.0,-5.711699557764405e-09
deit_small,10,pc_mid,0.1,3.7347026824951173,-0.0017973899375647306,0.023858943954110146,0.0,4.710599750978872e-05
deit_small,10,pc_mid,0.25,9.336756706237793,-0.005114731844514608,0.06210027262568474,0.0,0.0003295995120424777
deit_small,10,pc_mid,0.5,18.673513412475586,-0.010794262401759624,0.1380138397216797,0.0,0.0017165538156405091
deit_small,10,pc_mid,1.0,37.34702682495117,-0.005694541614502668,0.34783935546875,0.009999999776482582,0.012098163366317749
deit_small,10,pc_mid,2.0,74.69405364990234,0.2054319977760315,0.8455803394317627,0.04999999701976776,0.11068896949291229
deit_small,10,pc_mid,4.0,149.3881072998047,0.9811652302742004,1.3453850746154785,0.08999999612569809,0.7155387997627258
deit_small,10,pc_tail,0.0,0.0,0.0,0.0,0.0,-5.711699557764405e-09
deit_small,10,pc_tail,0.1,3.7347026824951173,-0.000218029017560184,0.024321669712662697,0.0,4.6447643399005756e-05
deit_small,10,pc_tail,0.25,9.336756706237793,-0.0013506364775821567,0.06428212672472,0.0,0.00032842293148860335
deit_small,10,pc_tail,0.5,18.673513412475586,-0.004819049499928951,0.14556099474430084,0.0,0.0017120656557381153
deit_small,10,pc_tail,1.0,37.34702682495117,0.004352631513029337,0.3751313388347626,0.0,0.012836823239922523
deit_small,10,pc_tail,2.0,74.69405364990234,0.31159868836402893,0.8967437744140625,0.04999999701976776,0.14510689675807953
deit_small,10,pc_tail,4.0,149.3881072998047,1.1416664123535156,1.4082739353179932,0.09999999403953552,0.800362765789032
deit_small,10,pc_bottom,0.0,0.0,0.0,0.0,0.0,-5.711699557764405e-09
deit_small,10,pc_bottom,0.1,3.7347026824951173,0.0008741235360503197,0.04205659404397011,0.0,0.00039835183997638524
deit_small,10,pc_bottom,0.25,9.336756706237793,0.02439962327480316,0.14594332873821259,0.0,0.0056710378266870975
deit_small,10,pc_bottom,0.5,18.673513412475586,0.2581852376461029,0.4471821188926697,0.029999999329447746,0.08179427683353424
deit_small,10,pc_bottom,1.0,37.34702682495117,1.4766340255737305,0.8887941837310791,0.09999999403953552,0.8528966903686523
deit_small,10,pc_bottom,2.0,74.69405364990234,2.2486472129821777,1.0650579929351807,0.1599999964237213,2.196629524230957
deit_small,10,pc_bottom,4.0,149.3881072998047,2.5348281860351562,1.1373668909072876,0.2199999988079071,2.8695666790008545
deit_small,10,rand_1,0.0,0.0,0.0,0.0,0.0,-5.711699557764405e-09
deit_small,10,rand_1,0.1,3.7347026824951173,0.003136720508337021,0.02542523853480816,0.0,6.744157144566998e-05
deit_small,10,rand_1,0.25,9.336756706237793,0.006904249079525471,0.07012449949979782,0.0,0.0005046696169301867
deit_small,10,rand_1,0.5,18.673513412475586,0.011409825645387173,0.1686488687992096,0.009999999776482582,0.002875693142414093
deit_small,10,rand_1,1.0,37.34702682495117,0.03254074603319168,0.4575134217739105,0.03999999910593033,0.021193426102399826
deit_small,10,rand_1,2.0,74.69405364990234,0.3091394305229187,1.0126385688781738,0.05999999865889549,0.1433570235967636
deit_small,10,rand_1,4.0,149.3881072998047,0.9644234776496887,1.4002195596694946,0.10999999940395355,0.6504324674606323
deit_small,10,rand_2,0.0,0.0,0.0,0.0,0.0,-5.711699557764405e-09
deit_small,10,rand_2,0.1,3.7347026824951173,-0.004875592887401581,0.024838997051119804,0.0,6.203173688845709e-05
deit_small,10,rand_2,0.25,9.336756706237793,-0.013525156304240227,0.063355453312397,0.0,0.00039226392982527614
deit_small,10,rand_2,0.5,18.673513412475586,-0.03115960955619812,0.13594627380371094,0.0,0.0017395818140357733
deit_small,10,rand_2,1.0,37.34702682495117,-0.06646211445331573,0.3225543200969696,0.0,0.009309718385338783
deit_small,10,rand_2,2.0,74.69405364990234,-0.013171877712011337,0.733270525932312,0.019999999552965164,0.05248935520648956
deit_small,10,rand_2,4.0,149.3881072998047,0.41160643100738525,1.2155499458312988,0.04999999701976776,0.27562540769577026
deit_small,10,rand_3,0.0,0.0,0.0,0.0,0.0,-5.711699557764405e-09
deit_small,10,rand_3,0.1,3.7347026824951173,0.004130606539547443,0.02422455884516239,0.0,5.5289398005697876e-05
deit_small,10,rand_3,0.25,9.336756706237793,0.010135641321539879,0.06142710521817207,0.0,0.00034762005088850856
deit_small,10,rand_3,0.5,18.673513412475586,0.020510654896497726,0.1321794092655182,0.0,0.001563910162076354
deit_small,10,rand_3,1.0,37.34702682495117,0.05174458771944046,0.3277389407157898,0.009999999776482582,0.009395050816237926
deit_small,10,rand_3,2.0,74.69405364990234,0.250690221786499,0.7929244637489319,0.029999999329447746,0.07354521751403809
deit_small,10,rand_3,4.0,149.3881072998047,0.8898707628250122,1.2976415157318115,0.04999999701976776,0.5019590258598328
deit_small,10,rand_4,0.0,0.0,0.0,0.0,0.0,-5.711699557764405e-09
deit_small,10,rand_4,0.1,3.7347026824951173,0.0065283202566206455,0.022867264226078987,0.0,4.508022539084777e-05
deit_small,10,rand_4,0.25,9.336756706237793,0.014513405971229076,0.05470111593604088,0.0,0.0002574978570919484
deit_small,10,rand_4,0.5,18.673513412475586,0.025033345445990562,0.10765008628368378,0.0,0.0009992230916395783
deit_small,10,rand_4,1.0,37.34702682495117,0.04763295128941536,0.23448805510997772,0.009999999776482582,0.004710714798420668
deit_small,10,rand_4,2.0,74.69405364990234,0.15668150782585144,0.5339783430099487,0.029999999329447746,0.02573658898472786
deit_small,10,rand_4,4.0,149.3881072998047,0.5204344391822815,0.9499438405036926,0.05999999865889549,0.14018739759922028
deit_small,10,grad_margin,0.0,0.0,0.0,0.0,0.0,-5.711699557764405e-09
deit_small,10,grad_margin,0.1,3.7347026824951173,-0.09699052572250366,0.04482265189290047,0.0,0.00117942423094064
deit_small,10,grad_margin,0.25,9.336756706237793,-0.3031567335128784,0.1390436887741089,0.0,0.011161034926772118
deit_small,10,grad_margin,0.5,18.673513412475586,-0.7908897399902344,0.3763452470302582,0.009999999776482582,0.05770082399249077
deit_small,10,grad_margin,1.0,37.34702682495117,-1.2658984661102295,0.9727509617805481,0.019999999552965164,0.2277216911315918
deit_small,10,grad_margin,2.0,74.69405364990234,0.13244616985321045,1.466431975364685,0.14000000059604645,1.1399627923965454
deit_small,10,grad_margin,4.0,149.3881072998047,1.213031530380249,1.561007022857666,0.3100000023841858,2.386969566345215
deit_small,10,jac_top,0.0,0.0,0.0,0.0,0.0,-5.711699557764405e-09
deit_small,10,jac_top,0.1,3.7347026824951173,-0.02695627138018608,0.07531064748764038,0.0,0.0014250164385885
deit_small,10,jac_top,0.25,9.336756706237793,-0.10706224292516708,0.287494421005249,0.019999999552965164,0.019809676334261894
deit_small,10,jac_top,0.5,18.673513412475586,-0.08227041363716125,0.80440354347229,0.04999999701976776,0.1291460245847702
deit_small,10,jac_top,1.0,37.34702682495117,1.1215506792068481,1.2663639783859253,0.10999999940395355,0.6008650064468384
deit_small,10,jac_top,2.0,74.69405364990234,1.9439376592636108,1.3537647724151611,0.17000000178813934,1.6979507207870483
deit_small,10,jac_top,4.0,149.3881072998047,2.14528489112854,1.3381786346435547,0.14999999105930328,2.2055823802948
deit_small,10,jac_null,0.0,0.0,0.0,0.0,0.0,-5.711699557764405e-09
deit_small,10,jac_null,0.1,3.7347026824951173,4.76837147544984e-09,1.841005882852187e-06,0.0,1.1548727307797435e-08
deit_small,10,jac_null,0.25,9.336756706237793,-4.291534239087014e-08,4.418726803123718e-06,0.0,3.4820186733952596e-09
deit_small,10,jac_null,0.5,18.673513412475586,-1.0013580009626821e-07,8.764242920733523e-06,0.0,1.2624258971527524e-08
deit_small,10,jac_null,1.0,37.34702682495117,-1.907348590179936e-08,1.7482374460087158e-05,0.0,2.3123465808794208e-08
deit_small,10,jac_null,2.0,74.69405364990234,-1.76429750808893e-07,3.4943772334372625e-05,0.0,1.3548123511952781e-08
deit_small,10,jac_null,4.0,149.3881072998047,-5.769729227722564e-07,6.98665389791131e-05,0.0,2.0579063786385632e-08
deit_small,10,centroid_dir,0.0,0.0,0.0,0.0,0.0,-5.711699557764405e-09
deit_small,10,centroid_dir,0.1,3.7347026824951173,0.010591430589556694,0.033847738057374954,0.0,0.00027127537759952247
deit_small,10,centroid_dir,0.25,9.336756706237793,0.016624530777335167,0.06125153228640556,0.0,0.0009196143364533782
deit_small,10,centroid_dir,0.5,18.673513412475586,0.017891040071845055,0.07960286736488342,0.0,0.0015544374473392963
deit_small,10,centroid_dir,1.0,37.34702682495117,0.016202034428715706,0.0890374556183815,0.0,0.0019122747471556067
deit_small,10,centroid_dir,2.0,74.69405364990234,0.014821963384747505,0.09205920994281769,0.0,0.0020294932182878256
deit_small,10,centroid_dir,4.0,149.3881072998047,0.014472799375653267,0.09282178431749344,0.0,0.002058187033981085
deit_small,10,sign_flip_disp,0.0,0.0,0.0,0.0,0.0,-5.711699557764405e-09
deit_small,10,sign_flip_disp,0.1,3.7347026824951173,-0.021063275635242462,0.05570044368505478,0.0,0.0006792154745198786
deit_small,10,sign_flip_disp,0.25,9.336756706237793,-0.08604966104030609,0.20682880282402039,0.0,0.009616605006158352
deit_small,10,sign_flip_disp,0.5,18.673513412475586,-0.19297343492507935,0.6706508994102478,0.029999999329447746,0.10012678802013397
deit_small,10,sign_flip_disp,1.0,37.34702682495117,0.7553613185882568,1.1006773710250854,0.08999999612569809,0.37819281220436096
deit_small,10,sign_flip_disp,2.0,74.69405364990234,1.6845149993896484,1.1369378566741943,0.11999999731779099,1.4816526174545288
deit_small,10,sign_flip_disp,4.0,149.3881072998047,2.0999813079833984,1.1865410804748535,0.25,2.5169758796691895
deit_small,10,perm_disp,0.0,0.0,0.0,0.0,0.0,-5.711699557764405e-09
deit_small,10,perm_disp,0.1,3.7347026824951173,-0.01207621581852436,0.042347174137830734,0.0,0.00034338838304392993
deit_small,10,perm_disp,0.25,9.336756706237793,-0.0431915745139122,0.14585262537002563,0.009999999776482582,0.004046252463012934
deit_small,10,perm_disp,0.5,18.673513412475586,-0.10846173763275146,0.4694928526878357,0.019999999552965164,0.03931913897395134
deit_small,10,perm_disp,1.0,37.34702682495117,0.46986091136932373,1.132106900215149,0.07000000029802322,0.2560163736343384
deit_small,10,perm_disp,2.0,74.69405364990234,1.608722448348999,1.389700174331665,0.11999999731779099,1.2141660451889038
deit_small,10,perm_disp,4.0,149.3881072998047,2.1450588703155518,1.4471558332443237,0.3799999952316284,2.3317956924438477
vit_base,5,pc1,0.0,0.0,0.0,0.0,0.0,-2.486035544091436e-10
vit_base,5,pc1,0.1,5.6560207366943365,-0.015953535214066505,0.017988115549087524,0.009999999776482582,0.000600906612817198
vit_base,5,pc1,0.25,14.14005184173584,-0.03769700974225998,0.06686486303806305,0.03999999910593033,0.009223018772900105
vit_base,5,pc1,0.5,28.28010368347168,0.1724279373884201,0.10749255120754242,0.029999999329447746,0.015544475987553596
vit_base,5,pc1,1.0,56.56020736694336,0.2704540491104126,0.12510064244270325,0.04999999701976776,0.02238968014717102
vit_base,5,pc1,2.0,113.12041473388672,0.31647494435310364,0.14249227941036224,0.05999999865889549,0.03327123448252678
vit_base,5,pc1,4.0,226.24082946777344,0.35797637701034546,0.16003714501857758,0.05999999865889549,0.046051282435655594
vit_base,5,pc2,0.0,0.0,0.0,0.0,0.0,-2.486035544091436e-10
vit_base,5,pc2,0.1,5.6560207366943365,-0.008992982096970081,0.021942486986517906,0.009999999776482582,0.0016997751081362367
vit_base,5,pc2,0.25,14.14005184173584,0.0001806688233045861,0.05239902809262276,0.009999999776482582,0.008216671645641327
vit_base,5,pc2,0.5,28.28010368347168,0.06825834512710571,0.09471254050731659,0.03999999910593033,0.015387005172669888
vit_base,5,pc2,1.0,56.56020736694336,0.14146731793880463,0.1262386441230774,0.05999999865889549,0.024519899860024452
vit_base,5,pc2,2.0,113.12041473388672,0.09090030193328857,0.1415759176015854,0.04999999701976776,0.03256814554333687
vit_base,5,pc2,4.0,226.24082946777344,0.08852820098400116,0.17114867269992828,0.04999999701976776,0.047691941261291504
vit_base,5,pc4,0.0,0.0,0.0,0.0,0.0,-2.486035544091436e-10
vit_base,5,pc4,0.1,5.6560207366943365,0.027578214183449745,0.027983659878373146,0.009999999776482582,0.0024069875944405794
vit_base,5,pc4,0.25,14.14005184173584,0.07554784417152405,0.07327042520046234,0.019999999552965164,0.021029865369200706
vit_base,5,pc4,0.5,28.28010368347168,0.20636539161205292,0.1366865336894989,0.03999999910593033,0.05073617026209831
vit_base,5,pc4,1.0,56.56020736694336,0.39227473735809326,0.20193617045879364,0.07999999821186066,0.09554599225521088
vit_base,5,pc4,2.0,113.12041473388672,0.6024646162986755,0.26567158102989197,0.07999999821186066,0.15102100372314453
vit_base,5,pc4,4.0,226.24082946777344,1.0559405088424683,0.35728907585144043,0.10999999940395355,0.2704823315143585
vit_base,5,pc_mid,0.0,0.0,0.0,0.0,0.0,-2.486035544091436e-10
vit_base,5,pc_mid,0.1,5.6560207366943365,-0.006304554641246796,0.0127676697447896,0.0,0.0005162071902304888
vit_base,5,pc_mid,0.25,14.14005184173584,-0.009060878306627274,0.03161788731813431,0.0,0.003234783886000514
vit_base,5,pc_mid,0.5,28.28010368347168,0.01194543857127428,0.062399812042713165,0.0,0.010901708155870438
vit_base,5,pc_mid,1.0,56.56020736694336,0.16508468985557556,0.12000205367803574,0.019999999552965164,0.029977168887853622
vit_base,5,pc_mid,2.0,113.12041473388672,0.6920291185379028,0.23483291268348694,0.05999999865889549,0.1122099831700325
vit_base,5,pc_mid,4.0,226.24082946777344,1.4304474592208862,0.40096616744995117,0.11999999731779099,0.4508034884929657
vit_base,5,pc_tail,0.0,0.0,0.0,0.0,0.0,-2.486035544091436e-10
vit_base,5,pc_tail,0.1,5.6560207366943365,-0.007687143981456757,0.01075765024870634,0.0,0.0002597349521238357
vit_base,5,pc_tail,0.25,14.14005184173584,-0.019848056137561798,0.027132077142596245,0.009999999776482582,0.0017405467806383967
vit_base,5,pc_tail,0.5,28.28010368347168,-0.031038178130984306,0.05568881705403328,0.019999999552965164,0.007703469134867191
vit_base,5,pc_tail,1.0,56.56020736694336,0.027736138552427292,0.10750767588615417,0.029999999329447746,0.021402353420853615
vit_base,5,pc_tail,2.0,113.12041473388672,0.20693141222000122,0.1824619621038437,0.029999999329447746,0.03484918922185898
vit_base,5,pc_tail,4.0,226.24082946777344,0.5254167914390564,0.2873013913631439,0.04999999701976776,0.09344316273927689
vit_base,5,pc_bottom,0.0,0.0,0.0,0.0,0.0,-2.486035544091436e-10
vit_base,5,pc_bottom,0.1,5.6560207366943365,-0.001172618824057281,0.0038944659754633904,0.0,4.461750359041616e-05
vit_base,5,pc_bottom,0.25,14.14005184173584,-0.0023046396672725677,0.009822538122534752,0.009999999776482582,0.00027696872712112963
vit_base,5,pc_bottom,0.5,28.28010368347168,-0.0025151108857244253,0.020042989403009415,0.009999999776482582,0.001119113527238369
vit_base,5,pc_bottom,1.0,56.56020736694336,0.003944797441363335,0.041701577603816986,0.019999999552965164,0.0046384744346141815
vit_base,5,pc_bottom,2.0,113.12041473388672,0.0444430373609066,0.08627507090568542,0.03999999910593033,0.01638130098581314
vit_base,5,pc_bottom,4.0,226.24082946777344,0.24438773095607758,0.17520873248577118,0.04999999701976776,0.03864772245287895
vit_base,5,rand_1,0.0,0.0,0.0,0.0,0.0,-2.486035544091436e-10
vit_base,5,rand_1,0.1,5.6560207366943365,-0.002843365538865328,0.014475484378635883,0.0,0.0003337191592436284
vit_base,5,rand_1,0.25,14.14005184173584,-0.00240434636361897,0.036182694137096405,0.009999999776482582,0.002253025071695447
vit_base,5,rand_1,0.5,28.28010368347168,0.012399458326399326,0.07107575237751007,0.03999999910593033,0.010253033600747585
vit_base,5,rand_1,1.0,56.56020736694336,0.10218314826488495,0.1279677152633667,0.04999999701976776,0.03396732360124588
vit_base,5,rand_1,2.0,113.12041473388672,0.24823400378227234,0.18712405860424042,0.04999999701976776,0.050397370010614395
vit_base,5,rand_1,4.0,226.24082946777344,0.5933333039283752,0.2843327820301056,0.08999999612569809,0.11046294122934341
vit_base,5,rand_2,0.0,0.0,0.0,0.0,0.0,-2.486035544091436e-10
vit_base,5,rand_2,0.1,5.6560207366943365,0.0180277768522501,0.01333372201770544,0.009999999776482582,0.00036992496461607516
vit_base,5,rand_2,0.25,14.14005184173584,0.04156322032213211,0.032924871891736984,0.019999999552965164,0.002125639235600829
vit_base,5,rand_2,0.5,28.28010368347168,0.06959015876054764,0.06479114294052124,0.019999999552965164,0.007771184202283621
vit_base,5,rand_2,1.0,56.56020736694336,0.14259310066699982,0.12607070803642273,0.04999999701976776,0.025401534512639046
vit_base,5,rand_2,2.0,113.12041473388672,0.33426815271377563,0.2244061976671219,0.04999999701976776,0.05218056961894035
vit_base,5,rand_2,4.0,226.24082946777344,0.7853347659111023,0.3803887963294983,0.05999999865889549,0.1659340262413025
vit_base,5,rand_3,0.0,0.0,0.0,0.0,0.0,-2.486035544091436e-10
vit_base,5,rand_3,0.1,5.6560207366943365,-0.0038084934931248426,0.013117446564137936,0.0,0.0008808686980046332
vit_base,5,rand_3,0.25,14.14005184173584,0.0015835141530260444,0.03157858923077583,0.0,0.0041532693430781364
vit_base,5,rand_3,0.5,28.28010368347168,0.033069171011447906,0.06080246716737747,0.009999999776482582,0.011189404875040054
vit_base,5,rand_3,1.0,56.56020736694336,0.145516499876976,0.11803306639194489,0.029999999329447746,0.030115144327282906
vit_base,5,rand_3,2.0,113.12041473388672,0.4082385301589966,0.2217622697353363,0.07000000029802322,0.07288702577352524
vit_base,5,rand_3,4.0,226.24082946777344,0.7428867816925049,0.3594224452972412,0.07000000029802322,0.19551841914653778
vit_base,5,rand_4,0.0,0.0,0.0,0.0,0.0,-2.486035544091436e-10
vit_base,5,rand_4,0.1,5.6560207366943365,0.00426606647670269,0.012991983443498611,0.019999999552965164,0.00038199120899662375
vit_base,5,rand_4,0.25,14.14005184173584,0.01389440055936575,0.032274916768074036,0.029999999329447746,0.0028216002974659204
vit_base,5,rand_4,0.5,28.28010368347168,0.03740593045949936,0.06376706808805466,0.03999999910593033,0.012710826471447945
vit_base,5,rand_4,1.0,56.56020736694336,0.16300998628139496,0.1184513047337532,0.07999999821186066,0.03955431282520294
vit_base,5,rand_4,2.0,113.12041473388672,0.41202491521835327,0.18776531517505646,0.08999999612569809,0.06220488250255585
vit_base,5,rand_4,4.0,226.24082946777344,0.7778918147087097,0.2846473455429077,0.10999999940395355,0.12526185810565948
vit_base,5,grad_margin,0.0,0.0,0.0,0.0,0.0,-2.486035544091436e-10
vit_base,5,grad_margin,0.1,5.6560207366943365,-0.37812361121177673,0.061531152576208115,0.029999999329447746,0.022699059918522835
vit_base,5,grad_margin,0.25,14.14005184173584,-0.8330255746841431,0.14682742953300476,0.04999999701976776,0.10941627621650696
vit_base,5,grad_margin,0.5,28.28010368347168,-1.1647701263427734,0.23032492399215698,0.07999999821186066,0.23227177560329437
vit_base,5,grad_margin,1.0,56.56020736694336,-1.0845388174057007,0.2927992343902588,0.09999999403953552,0.3416241407394409
vit_base,5,grad_margin,2.0,113.12041473388672,-0.2123386710882187,0.4255436360836029,0.17999999225139618,0.4523411989212036
vit_base,5,grad_margin,4.0,226.24082946777344,0.697160005569458,0.5493725538253784,0.19999998807907104,0.6148666739463806
vit_base,5,jac_top,0.0,0.0,0.0,0.0,0.0,-2.486035544091436e-10
vit_base,5,jac_top,0.1,5.6560207366943365,-0.10249139368534088,0.04124314337968826,0.019999999552965164,0.004296360537409782
vit_base,5,jac_top,0.25,14.14005184173584,-0.2507403790950775,0.13226529955863953,0.05999999865889549,0.047657258808612823
vit_base,5,jac_top,0.5,28.28010368347168,0.22913758456707,0.32289496064186096,0.14999999105930328,0.28794485330581665
vit_base,5,jac_top,1.0,56.56020736694336,2.272862434387207,0.748448371887207,0.3999999761581421,1.648057222366333
vit_base,5,jac_top,2.0,113.12041473388672,4.06227970123291,1.0334120988845825,0.75,4.775038719177246
vit_base,5,jac_top,4.0,226.24082946777344,4.524871826171875,1.0775102376937866,0.9399999976158142,6.08364725112915
vit_base,5,jac_null,0.0,0.0,0.0,0.0,0.0,-2.486035544091436e-10
vit_base,5,jac_null,0.1,5.6560207366943365,2.384185791015625e-07,3.5403280662649195e-07,0.0,-1.604933519416818e-09
vit_base,5,jac_null,0.25,14.14005184173584,2.908706733251165e-07,3.9431927234545583e-07,0.0,-9.308314119493843e-10
vit_base,5,jac_null,0.5,28.28010368347168,2.908706733251165e-07,4.948441869601083e-07,0.0,2.1035997388452188e-09
vit_base,5,jac_null,1.0,56.56020736694336,4.5299529460862686e-07,7.545223752458696e-07,0.0,4.082906013280763e-09
vit_base,5,jac_null,2.0,113.12041473388672,1.058578504853358e-06,1.318692170571012e-06,0.0,-1.896632850773017e-09
vit_base,5,jac_null,4.0,226.24082946777344,2.5177000679832418e-06,2.522839849916636e-06,0.0,-1.8760875075685135e-09
vit_base,5,centroid_dir,0.0,0.0,0.0,0.0,0.0,-2.486035544091436e-10
vit_base,5,centroid_dir,0.1,5.6560207366943365,0.006216764450073242,0.0162661150097847,0.009999999776482582,0.0006785564473830163
vit_base,5,centroid_dir,0.25,14.14005184173584,0.011599035002291203,0.04032482951879501,0.009999999776482582,0.0040375543758273125
vit_base,5,centroid_dir,0.5,28.28010368347168,0.04002746194601059,0.07746519148349762,0.019999999552965164,0.012893452309072018
vit_base,5,centroid_dir,1.0,56.56020736694336,0.19505558907985687,0.13590234518051147,0.029999999329447746,0.027600673958659172
vit_base,5,centroid_dir,2.0,113.12041473388672,0.2983783185482025,0.20026405155658722,0.04999999701976776,0.0426289327442646
vit_base,5,centroid_dir,4.0,226.24082946777344,0.47137007117271423,0.264913409948349,0.07000000029802322,0.05954786017537117
vit_base,5,sign_flip_disp,0.0,0.0,0.0,0.0,0.0,-2.486035544091436e-10
vit_base,5,sign_flip_disp,0.1,5.6560207366943365,-0.008605480194091797,0.015985757112503052,0.019999999552965164,0.0007564207771793008
vit_base,5,sign_flip_disp,0.25,14.14005184173584,-0.02039308100938797,0.03765833377838135,0.019999999552965164,0.005225895904004574
vit_base,5,sign_flip_disp,0.5,28.28010368347168,-0.028773849830031395,0.06369630247354507,0.05999999865889549,0.01861109398305416
vit_base,5,sign_flip_disp,1.0,56.56020736694336,0.026042437180876732,0.11030573397874832,0.07000000029802322,0.033674176782369614
vit_base,5,sign_flip_disp,2.0,113.12041473388672,0.21558864414691925,0.20133405923843384,0.05999999865889549,0.0343930758535862
vit_base,5,sign_flip_disp,4.0,226.24082946777344,0.4962168037891388,0.26400232315063477,0.04999999701976776,0.05783760920166969
vit_base,5,perm_disp,0.0,0.0,0.0,0.0,0.0,-2.486035544091436e-10
vit_base,5,perm_disp,0.1,5.6560207366943365,-0.018928298726677895,0.015176377259194851,0.019999999552965164,0.0006825362215749919
vit_base,5,perm_disp,0.25,14.14005184173584,-0.04360256716609001,0.03592202812433243,0.019999999552965164,0.00428692065179348
vit_base,5,perm_disp,0.5,28.28010368347168,-0.07996485382318497,0.06628832966089249,0.03999999910593033,0.01477766688913107
vit_base,5,perm_disp,1.0,56.56020736694336,-0.03375939279794693,0.1330592930316925,0.05999999865889549,0.03437485545873642
vit_base,5,perm_disp,2.0,113.12041473388672,0.5734350681304932,0.35504570603370667,0.07999999821186066,0.07873170077800751
vit_base,5,perm_disp,4.0,226.24082946777344,0.6387467384338379,0.3524410128593445,0.07999999821186066,0.11019480228424072
vit_base,7,pc1,0.0,0.0,0.0,0.0,0.0,-2.486035544091436e-10
vit_base,7,pc1,0.1,9.64642562866211,-0.006047019734978676,0.017794042825698853,0.019999999552965164,0.0005512533825822175
vit_base,7,pc1,0.25,24.116064071655273,-0.008592572063207626,0.05082736909389496,0.029999999329447746,0.004354810807853937
vit_base,7,pc1,0.5,48.23212814331055,0.09457514435052872,0.09698483347892761,0.019999999552965164,0.011032028123736382
vit_base,7,pc1,1.0,96.4642562866211,0.2508223056793213,0.13805295526981354,0.029999999329447746,0.019189976155757904
vit_base,7,pc1,2.0,192.9285125732422,0.2784706950187683,0.17055408656597137,0.04999999701976776,0.025619277730584145
vit_base,7,pc1,4.0,385.8570251464844,0.29950210452079773,0.1935855895280838,0.05999999865889549,0.029582692310214043
vit_base,7,pc2,0.0,0.0,0.0,0.0,0.0,-2.486035544091436e-10
vit_base,7,pc2,0.1,9.64642562866211,0.05864986404776573,0.03099960647523403,0.009999999776482582,0.004455883521586657
vit_base,7,pc2,0.25,24.116064071655273,0.2681541442871094,0.10434792935848236,0.019999999552965164,0.05744725093245506
vit_base,7,pc2,0.5,48.23212814331055,1.3529322147369385,0.31239479780197144,0.17999999225139618,0.42435821890830994
vit_base,7,pc2,1.0,96.4642562866211,3.4784188270568848,0.616649866104126,0.38999998569488525,2.760061502456665
vit_base,7,pc2,2.0,192.9285125732422,4.200294017791748,0.7176149487495422,0.550000011920929,4.505208492279053
vit_base,7,pc2,4.0,385.8570251464844,4.343902587890625,0.7349393963813782,0.6499999761581421,4.902441024780273
vit_base,7,pc4,0.0,0.0,0.0,0.0,0.0,-2.486035544091436e-10
vit_base,7,pc4,0.1,9.64642562866211,-0.024600695818662643,0.02447829209268093,0.009999999776482582,0.0017032211180776358
vit_base,7,pc4,0.25,24.116064071655273,-0.03206697851419449,0.06275390833616257,0.019999999552965164,0.008447889238595963
vit_base,7,pc4,0.5,48.23212814331055,0.06210312247276306,0.11454460769891739,0.03999999910593033,0.02627035789191723
vit_base,7,pc4,1.0,96.4642562866211,0.21905335783958435,0.169051393866539,0.07000000029802322,0.05451451241970062
vit_base,7,pc4,2.0,192.9285125732422,0.45614781975746155,0.22082145512104034,0.07999999821186066,0.09457367658615112
vit_base,7,pc4,4.0,385.8570251464844,0.7786552309989929,0.28292879462242126,0.10999999940395355,0.18557697534561157
vit_base,7,pc_mid,0.0,0.0,0.0,0.0,0.0,-2.486035544091436e-10
vit_base,7,pc_mid,0.1,9.64642562866211,0.011407427489757538,0.018648486584424973,0.0,0.0008943477878347039
vit_base,7,pc_mid,0.25,24.116064071655273,0.03642946481704712,0.04635998606681824,0.019999999552965164,0.005734624806791544
vit_base,7,pc_mid,0.5,48.23212814331055,0.12396714836359024,0.09133556485176086,0.05999999865889549,0.022375497967004776
vit_base,7,pc_mid,1.0,96.4642562866211,0.45339447259902954,0.18714512884616852,0.05999999865889549,0.07123315334320068
vit_base,7,pc_mid,2.0,192.9285125732422,1.1201598644256592,0.35943371057510376,0.12999999523162842,0.2676214277744293
vit_base,7,pc_mid,4.0,385.8570251464844,1.55504310131073,0.4568987786769867,0.14999999105930328,0.530727207660675
vit_base,7,pc_tail,0.0,0.0,0.0,0.0,0.0,-2.486035544091436e-10
vit_base,7,pc_tail,0.1,9.64642562866211,0.031032104045152664,0.01599479652941227,0.009999999776482582,0.0006510036764666438
vit_base,7,pc_tail,0.25,24.116064071655273,0.07731558382511139,0.041493967175483704,0.019999999552965164,0.003888588398694992
vit_base,7,pc_tail,0.5,48.23212814331055,0.16550564765930176,0.08885955810546875,0.04999999701976776,0.013388552702963352
vit_base,7,pc_tail,1.0,96.4642562866211,0.47227057814598083,0.20356665551662445,0.05999999865889549,0.04719654470682144
vit_base,7,pc_tail,2.0,192.9285125732422,1.0767260789871216,0.3936398923397064,0.09999999403953552,0.26747995615005493
vit_base,7,pc_tail,4.0,385.8570251464844,1.6279913187026978,0.5368022918701172,0.09999999403953552,0.7035706639289856
vit_base,7,pc_bottom,0.0,0.0,0.0,0.0,0.0,-2.486035544091436e-10
vit_base,7,pc_bottom,0.1,9.64642562866211,0.0026094054337590933,0.004116028547286987,0.0,3.765771180042066e-05
vit_base,7,pc_bottom,0.25,24.116064071655273,0.006726508028805256,0.010367347858846188,0.0,0.0002227538643637672
vit_base,7,pc_bottom,0.5,48.23212814331055,0.014206018298864365,0.02101248688995838,0.0,0.0008422511746175587
vit_base,7,pc_bottom,1.0,96.4642562866211,0.03433215618133545,0.04304731264710426,0.0,0.003348913975059986
vit_base,7,pc_bottom,2.0,192.9285125732422,0.11824363470077515,0.0904635563492775,0.029999999329447746,0.013716941699385643
vit_base,7,pc_bottom,4.0,385.8570251464844,0.5778807997703552,0.23780299723148346,0.05999999865889549,0.07791629433631897
vit_base,7,rand_1,0.0,0.0,0.0,0.0,0.0,-2.486035544091436e-10
vit_base,7,rand_1,0.1,9.64642562866211,-0.020046982914209366,0.018925176933407784,0.009999999776482582,0.0006473195971921086
vit_base,7,rand_1,0.25,24.116064071655273,-0.03327519819140434,0.04711282625794411,0.029999999329447746,0.004397968761622906
vit_base,7,rand_1,0.5,48.23212814331055,0.005989603698253632,0.09087744355201721,0.03999999910593033,0.016182582825422287
vit_base,7,rand_1,1.0,96.4642562866211,0.1568930745124817,0.1577361524105072,0.04999999701976776,0.034200701862573624
vit_base,7,rand_1,2.0,192.9285125732422,0.4553532600402832,0.250437468290329,0.07000000029802322,0.07310359925031662
vit_base,7,rand_1,4.0,385.8570251464844,0.8435754179954529,0.3408432602882385,0.08999999612569809,0.1826653778553009
vit_base,7,rand_2,0.0,0.0,0.0,0.0,0.0,-2.486035544091436e-10
vit_base,7,rand_2,0.1,9.64642562866211,-0.0022713947109878063,0.01692565158009529,0.0,0.0006176368915475905
vit_base,7,rand_2,0.25,24.116064071655273,-0.004083523526787758,0.043071918189525604,0.009999999776482582,0.003936414141207933
vit_base,7,rand_2,0.5,48.23212814331055,0.021864313632249832,0.08706550300121307,0.019999999552965164,0.011410786770284176
vit_base,7,rand_2,1.0,96.4642562866211,0.14194057881832123,0.1719459444284439,0.03999999910593033,0.029729541391134262
vit_base,7,rand_2,2.0,192.9285125732422,0.48693928122520447,0.3189619779586792,0.07000000029802322,0.09537843614816666
vit_base,7,rand_2,4.0,385.8570251464844,0.9397328495979309,0.4368651807308197,0.07999999821186066,0.2904408574104309
vit_base,7,rand_3,0.0,0.0,0.0,0.0,0.0,-2.486035544091436e-10
vit_base,7,rand_3,0.1,9.64642562866211,-0.022128267213702202,0.017478732392191887,0.0,0.000679226650390774
vit_base,7,rand_3,0.25,24.116064071655273,-0.03570673242211342,0.04378489404916763,0.029999999329447746,0.004464006517082453
vit_base,7,rand_3,0.5,48.23212814331055,0.004176831338554621,0.08701556921005249,0.03999999910593033,0.01456946786493063
vit_base,7,rand_3,1.0,96.4642562866211,0.19756290316581726,0.17816729843616486,0.04999999701976776,0.037808869034051895
vit_base,7,rand_3,2.0,192.9285125732422,0.5502035617828369,0.3180830478668213,0.05999999865889549,0.12029325217008591
vit_base,7,rand_3,4.0,385.8570251464844,0.8666094541549683,0.4069117605686188,0.07000000029802322,0.27088606357574463
vit_base,7,rand_4,0.0,0.0,0.0,0.0,0.0,-2.486035544091436e-10
vit_base,7,rand_4,0.1,9.64642562866211,-0.010626224800944328,0.016534749418497086,0.009999999776482582,0.0008529425831511617
vit_base,7,rand_4,0.25,24.116064071655273,-0.016166558489203453,0.03971928358078003,0.019999999552965164,0.005370319355279207
vit_base,7,rand_4,0.5,48.23212814331055,0.014296025969088078,0.07403866946697235,0.029999999329447746,0.015244025737047195
vit_base,7,rand_4,1.0,96.4642562866211,0.1447087973356247,0.1277763694524765,0.03999999910593033,0.02708321437239647
vit_base,7,rand_4,2.0,192.9285125732422,0.4222881495952606,0.21758529543876648,0.05999999865889549,0.057502467185258865
vit_base,7,rand_4,4.0,385.8570251464844,0.8275682926177979,0.3249956965446472,0.08999999612569809,0.15464569628238678
vit_base,7,grad_margin,0.0,0.0,0.0,0.0,0.0,-2.486035544091436e-10
vit_base,7,grad_margin,0.1,9.64642562866211,-0.4184039831161499,0.060596078634262085,0.029999999329447746,0.02440371736884117
vit_base,7,grad_margin,0.25,24.116064071655273,-0.7549949288368225,0.11607716977596283,0.03999999910593033,0.07394570112228394
vit_base,7,grad_margin,0.5,48.23212814331055,-0.9040957689285278,0.1594567596912384,0.04999999701976776,0.10818812996149063
vit_base,7,grad_margin,1.0,96.4642562866211,-0.8605433702468872,0.1941976100206375,0.04999999701976776,0.12074479460716248
vit_base,7,grad_margin,2.0,192.9285125732422,-0.6776005625724792,0.3051062822341919,0.05999999865889549,0.19293123483657837
vit_base,7,grad_margin,4.0,385.8570251464844,-0.3040243983268738,0.4012993574142456,0.08999999612569809,0.26009759306907654
vit_base,7,jac_top,0.0,0.0,0.0,0.0,0.0,-2.486035544091436e-10
vit_base,7,jac_top,0.1,9.64642562866211,-0.02292637713253498,0.02916915901005268,0.029999999329447746,0.0037203680258244276
vit_base,7,jac_top,0.25,24.116064071655273,-0.013020281679928303,0.04707106575369835,0.03999999910593033,0.008269851095974445
vit_base,7,jac_top,0.5,48.23212814331055,0.038511477410793304,0.056353967636823654,0.03999999910593033,0.009043299593031406
vit_base,7,jac_top,1.0,96.4642562866211,0.07127457112073898,0.06173877418041229,0.03999999910593033,0.008888019248843193
vit_base,7,jac_top,2.0,192.9285125732422,0.05610786750912666,0.0649857223033905,0.029999999329447746,0.009179762564599514
vit_base,7,jac_top,4.0,385.8570251464844,0.04159526154398918,0.06804262846708298,0.029999999329447746,0.009023547172546387
vit_base,7,jac_null,0.0,0.0,0.0,0.0,0.0,-2.486035544091436e-10
vit_base,7,jac_null,0.1,9.64642562866211,4.339217866800027e-06,8.809130122244824e-06,0.0,7.508679011891672e-09
vit_base,7,jac_null,0.25,24.116064071655273,1.0652542187017389e-05,2.202708310505841e-05,0.0,1.3516073593677902e-08
vit_base,7,jac_null,0.5,48.23212814331055,2.0780562408617698e-05,4.40669828094542e-05,0.0,3.811874149661776e-10
vit_base,7,jac_null,1.0,96.4642562866211,4.0240287489723414e-05,8.817639900371432e-05,0.0,2.5570187744961004e-08
vit_base,7,jac_null,2.0,192.9285125732422,7.564544648630545e-05,0.00017660553567111492,0.0,4.0676386703353273e-08
vit_base,7,jac_null,4.0,385.8570251464844,0.00012964248890057206,0.0003546266525518149,0.0,9.53261007907713e-08
vit_base,7,centroid_dir,0.0,0.0,0.0,0.0,0.0,-2.486035544091436e-10
vit_base,7,centroid_dir,0.1,9.64642562866211,-0.011582640931010246,0.01906021684408188,0.009999999776482582,0.0009092199616134167
vit_base,7,centroid_dir,0.25,24.116064071655273,-0.001954917795956135,0.04396241903305054,0.019999999552965164,0.004053319804370403
vit_base,7,centroid_dir,0.5,48.23212814331055,0.1043238639831543,0.0757046788930893,0.019999999552965164,0.008673964999616146
vit_base,7,centroid_dir,1.0,96.4642562866211,0.23688890039920807,0.11931117624044418,0.03999999910593033,0.01592956855893135
vit_base,7,centroid_dir,2.0,192.9285125732422,0.35954952239990234,0.16655822098255157,0.029999999329447746,0.02501652017235756
vit_base,7,centroid_dir,4.0,385.8570251464844,0.4690971374511719,0.19996614754199982,0.029999999329447746,0.03464431315660477
vit_base,7,sign_flip_disp,0.0,0.0,0.0,0.0,0.0,-2.486035544091436e-10
vit_base,7,sign_flip_disp,0.1,9.64642562866211,0.01516119483858347,0.018941914662718773,0.0,0.0007981921080499887
vit_base,7,sign_flip_disp,0.25,24.116064071655273,0.031558871269226074,0.04463296756148338,0.009999999776482582,0.003915851470082998
vit_base,7,sign_flip_disp,0.5,48.23212814331055,0.05539490282535553,0.08258652687072754,0.029999999329447746,0.010950273834168911
vit_base,7,sign_flip_disp,1.0,96.4642562866211,0.3014759421348572,0.17700809240341187,0.05999999865889549,0.0417989045381546
vit_base,7,sign_flip_disp,2.0,192.9285125732422,0.9321303963661194,0.28019002079963684,0.10999999940395355,0.1682075709104538
vit_base,7,sign_flip_disp,4.0,385.8570251464844,1.8945059776306152,0.43822547793388367,0.09999999403953552,0.7748233079910278
vit_base,7,perm_disp,0.0,0.0,0.0,0.0,0.0,-2.486035544091436e-10
vit_base,7,perm_disp,0.1,9.64642562866211,0.0020834635943174362,0.017770733684301376,0.0,0.0005484833964146674
vit_base,7,perm_disp,0.25,24.116064071655273,0.010549950413405895,0.04514065012335777,0.019999999552965164,0.003000926226377487
vit_base,7,perm_disp,0.5,48.23212814331055,0.03757946938276291,0.10856696963310242,0.029999999329447746,0.012020009569823742
vit_base,7,perm_disp,1.0,96.4642562866211,0.4507308006286621,0.3263987898826599,0.04999999701976776,0.07466736435890198
vit_base,7,perm_disp,2.0,192.9285125732422,0.9553253650665283,0.41494908928871155,0.05999999865889549,0.1860828697681427
vit_base,7,perm_disp,4.0,385.8570251464844,1.968091368675232,0.4781516194343567,0.10999999940395355,0.743599534034729
vit_base,8,pc1,0.0,0.0,0.0,0.0,0.0,-2.486035544091436e-10
vit_base,8,pc1,0.1,11.276579284667969,-0.0014679908053949475,0.011328513734042645,0.009999999776482582,0.00020777113968506455
vit_base,8,pc1,0.25,28.191448211669922,0.0014732551062479615,0.024640792980790138,0.019999999552965164,0.001119063119404018
vit_base,8,pc1,0.5,56.382896423339844,0.02013513445854187,0.042232759296894073,0.019999999552965164,0.0030464797746390104
vit_base,8,pc1,1.0,112.76579284667969,0.03773237764835358,0.06770612299442291,0.019999999552965164,0.005276994779706001
vit_base,8,pc1,2.0,225.53158569335938,0.09018705040216446,0.0929790660738945,0.029999999329447746,0.01188404019922018
vit_base,8,pc1,4.0,451.06317138671875,0.26112258434295654,0.1435691863298416,0.03999999910593033,0.06065748259425163
vit_base,8,pc2,0.0,0.0,0.0,0.0,0.0,-2.486035544091436e-10
vit_base,8,pc2,0.1,11.276579284667969,-0.018904851749539375,0.024393152445554733,0.019999999552965164,0.0014338096370920539
vit_base,8,pc2,0.25,28.191448211669922,0.022439898923039436,0.05899036303162575,0.019999999552965164,0.0036971913650631905
vit_base,8,pc2,0.5,56.382896423339844,0.14237062633037567,0.09179903566837311,0.019999999552965164,0.005648106802254915
vit_base,8,pc2,1.0,112.76579284667969,0.1789282113313675,0.1191607192158699,0.029999999329447746,0.007045310456305742
vit_base,8,pc2,2.0,225.53158569335938,0.17852526903152466,0.13451619446277618,0.019999999552965164,0.008961436338722706
vit_base,8,pc2,4.0,451.06317138671875,0.24323096871376038,0.16652065515518188,0.019999999552965164,0.01475953683257103
vit_base,8,pc4,0.0,0.0,0.0,0.0,0.0,-2.486035544091436e-10
vit_base,8,pc4,0.1,11.276579284667969,0.011356010101735592,0.021736258640885353,0.009999999776482582,0.00129716529045254
vit_base,8,pc4,0.25,28.191448211669922,0.052203793078660965,0.05868568271398544,0.019999999552965164,0.007885677739977837
vit_base,8,pc4,0.5,56.382896423339844,0.15058095753192902,0.1229158565402031,0.019999999552965164,0.023311592638492584
vit_base,8,pc4,1.0,112.76579284667969,0.4590212106704712,0.24519644677639008,0.03999999910593033,0.09377070516347885
vit_base,8,pc4,2.0,225.53158569335938,1.45235013961792,0.4455960690975189,0.11999999731779099,0.6089818477630615
vit_base,8,pc4,4.0,451.06317138671875,2.5066277980804443,0.5742173790931702,0.19999998807907104,1.6902928352355957
vit_base,8,pc_mid,0.0,0.0,0.0,0.0,0.0,-2.486035544091436e-10
vit_base,8,pc_mid,0.1,11.276579284667969,0.011921624653041363,0.018820425495505333,0.009999999776482582,0.0007017817697487772
vit_base,8,pc_mid,0.25,28.191448211669922,0.04248914122581482,0.04710967838764191,0.009999999776482582,0.003788667032495141
vit_base,8,pc_mid,0.5,56.382896423339844,0.12421532720327377,0.09448318183422089,0.019999999552965164,0.011412442661821842
vit_base,8,pc_mid,1.0,112.76579284667969,0.343947172164917,0.19861917197704315,0.05999999865889549,0.04528110474348068
vit_base,8,pc_mid,2.0,225.53158569335938,0.7745089530944824,0.34574174880981445,0.05999999865889549,0.17974348366260529
vit_base,8,pc_mid,4.0,451.06317138671875,1.2887736558914185,0.4413720667362213,0.08999999612569809,0.4507986009120941
vit_base,8,pc_tail,0.0,0.0,0.0,0.0,0.0,-2.486035544091436e-10
vit_base,8,pc_tail,0.1,11.276579284667969,-0.03455743193626404,0.018281035125255585,0.009999999776482582,0.0007737016421742737
vit_base,8,pc_tail,0.25,28.191448211669922,-0.07334093749523163,0.04595504701137543,0.019999999552965164,0.004531454294919968
vit_base,8,pc_tail,0.5,56.382896423339844,-0.09326272457838058,0.09359312057495117,0.03999999910593033,0.01514631137251854
vit_base,8,pc_tail,1.0,112.76579284667969,-0.010077223181724548,0.19602690637111664,0.04999999701976776,0.04645131155848503
vit_base,8,pc_tail,2.0,225.53158569335938,0.38481029868125916,0.357517272233963,0.04999999701976776,0.2302166372537613
vit_base,8,pc_tail,4.0,451.06317138671875,0.9388552904129028,0.46802207827568054,0.07999999821186066,0.5707868337631226
vit_base,8,pc_bottom,0.0,0.0,0.0,0.0,0.0,-2.486035544091436e-10
vit_base,8,pc_bottom,0.1,11.276579284667969,-0.0062178755179047585,0.003932876046746969,0.0,3.4109994885511696e-05
vit_base,8,pc_bottom,0.25,28.191448211669922,-0.014289407059550285,0.009700031951069832,0.009999999776482582,0.00021177886810619384
vit_base,8,pc_bottom,0.5,56.382896423339844,-0.02398703061044216,0.01897803321480751,0.019999999552965164,0.0008160795550793409
vit_base,8,pc_bottom,1.0,112.76579284667969,-0.028812875971198082,0.036330241709947586,0.029999999329447746,0.0027619211468845606
vit_base,8,pc_bottom,2.0,225.53158569335938,0.004517550580203533,0.0666910707950592,0.029999999329447746,0.006707683205604553
vit_base,8,pc_bottom,4.0,451.06317138671875,0.12068988382816315,0.11240850389003754,0.03999999910593033,0.011902062222361565
vit_base,8,rand_1,0.0,0.0,0.0,0.0,0.0,-2.486035544091436e-10
vit_base,8,rand_1,0.1,11.276579284667969,-0.007190193980932236,0.018862301483750343,0.009999999776482582,0.0004894593730568886
vit_base,8,rand_1,0.25,28.191448211669922,0.0036037396639585495,0.04643676057457924,0.009999999776482582,0.0030931448563933372
vit_base,8,rand_1,0.5,56.382896423339844,0.08308897167444229,0.0891854465007782,0.029999999329447746,0.010935323312878609
vit_base,8,rand_1,1.0,112.76579284667969,0.2641443908214569,0.15865236520767212,0.03999999910593033,0.026798244565725327
vit_base,8,rand_1,2.0,225.53158569335938,0.6127567887306213,0.25764548778533936,0.07000000029802322,0.08375535905361176
vit_base,8,rand_1,4.0,451.06317138671875,0.9940919280052185,0.3495155870914459,0.09999999403953552,0.23089657723903656
vit_base,8,rand_2,0.0,0.0,0.0,0.0,0.0,-2.486035544091436e-10
vit_base,8,rand_2,0.1,11.276579284667969,-0.005920819938182831,0.018888315185904503,0.0,0.0005420438246801496
vit_base,8,rand_2,0.25,28.191448211669922,0.0050533246248960495,0.047625284641981125,0.009999999776482582,0.0033191810362040997
vit_base,8,rand_2,0.5,56.382896423339844,0.06629569083452225,0.09572633355855942,0.019999999552965164,0.011868077330291271
vit_base,8,rand_2,1.0,112.76579284667969,0.20479008555412292,0.1876365691423416,0.04999999701976776,0.0333978533744812
vit_base,8,rand_2,2.0,225.53158569335938,0.5395865440368652,0.3252769410610199,0.07000000029802322,0.10893931239843369
vit_base,8,rand_2,4.0,451.06317138671875,0.9726933240890503,0.43215277791023254,0.08999999612569809,0.3110053539276123
vit_base,8,rand_3,0.0,0.0,0.0,0.0,0.0,-2.486035544091436e-10
vit_base,8,rand_3,0.1,11.276579284667969,-0.019129237160086632,0.01822570338845253,0.009999999776482582,0.0004964479594491422
vit_base,8,rand_3,0.25,28.191448211669922,-0.022842468693852425,0.044873517006635666,0.029999999329447746,0.0028227530419826508
vit_base,8,rand_3,0.5,56.382896423339844,0.02839425578713417,0.08943677693605423,0.029999999329447746,0.009220622479915619
vit_base,8,rand_3,1.0,112.76579284667969,0.22133678197860718,0.1904396414756775,0.05999999865889549,0.03806338086724281
vit_base,8,rand_3,2.0,225.53158569335938,0.5750770568847656,0.3222420811653137,0.07000000029802322,0.12830184400081635
vit_base,8,rand_3,4.0,451.06317138671875,0.9281320571899414,0.40924692153930664,0.07999999821186066,0.28772440552711487
vit_base,8,rand_4,0.0,0.0,0.0,0.0,0.0,-2.486035544091436e-10
vit_base,8,rand_4,0.1,11.276579284667969,-0.009192271158099174,0.017053240910172462,0.009999999776482582,0.0008118565892800689
vit_base,8,rand_4,0.25,28.191448211669922,-0.000904030806850642,0.03963954374194145,0.019999999552965164,0.004027102142572403
vit_base,8,rand_4,0.5,56.382896423339844,0.05657963082194328,0.07170505076646805,0.029999999329447746,0.010042387060821056
vit_base,8,rand_4,1.0,112.76579284667969,0.19907638430595398,0.12353817373514175,0.03999999910593033,0.02034296654164791
vit_base,8,rand_4,2.0,225.53158569335938,0.4649905562400818,0.21745064854621887,0.07999999821186066,0.05331428349018097
vit_base,8,rand_4,4.0,451.06317138671875,0.8743734359741211,0.3277091085910797,0.10999999940395355,0.1724376231431961
vit_base,8,grad_margin,0.0,0.0,0.0,0.0,0.0,-2.486035544091436e-10
vit_base,8,grad_margin,0.1,11.276579284667969,-0.405280739068985,0.06434419751167297,0.029999999329447746,0.024383433163166046
vit_base,8,grad_margin,0.25,28.191448211669922,-0.6052100658416748,0.11450087279081345,0.029999999329447746,0.05338011309504509
vit_base,8,grad_margin,0.5,56.382896423339844,-0.567772388458252,0.1425628513097763,0.019999999552965164,0.05713231861591339
vit_base,8,grad_margin,1.0,112.76579284667969,-0.5841454863548279,0.16163882613182068,0.029999999329447746,0.07291565835475922
vit_base,8,grad_margin,2.0,225.53158569335938,-0.6169340014457703,0.19564424455165863,0.04999999701976776,0.0959656685590744
vit_base,8,grad_margin,4.0,451.06317138671875,-0.6169841885566711,0.2347559630870819,0.03999999910593033,0.11439187824726105
vit_base,8,jac_top,0.0,0.0,0.0,0.0,0.0,-2.486035544091436e-10
vit_base,8,jac_top,0.1,11.276579284667969,-0.10863226652145386,0.04750457778573036,0.029999999329447746,0.009219405241310596
vit_base,8,jac_top,0.25,28.191448211669922,0.006921577267348766,0.087490014731884,0.029999999329447746,0.014015535824000835
vit_base,8,jac_top,0.5,56.382896423339844,0.22084158658981323,0.12580259144306183,0.019999999552965164,0.013434793800115585
vit_base,8,jac_top,1.0,112.76579284667969,0.2963964343070984,0.1406388133764267,0.029999999329447746,0.01581016555428505
vit_base,8,jac_top,2.0,225.53158569335938,0.30463194847106934,0.14107805490493774,0.029999999329447746,0.01605265587568283
vit_base,8,jac_top,4.0,451.06317138671875,0.29506608843803406,0.14265693724155426,0.029999999329447746,0.015926843509078026
vit_base,8,jac_null,0.0,0.0,0.0,0.0,0.0,-2.486035544091436e-10
vit_base,8,jac_null,0.1,11.276579284667969,4.291534239087014e-08,2.0653421870520106e-06,0.0,-1.6045361705963046e-09
vit_base,8,jac_null,0.25,28.191448211669922,5.149840944795869e-07,5.049615538155194e-06,0.0,-3.4989897645942847e-09
vit_base,8,jac_null,0.5,56.382896423339844,7.534026735811494e-07,1.0064010893984232e-05,0.0,1.3222997807815773e-08
vit_base,8,jac_null,1.0,112.76579284667969,1.2493132999225054e-06,2.0102932467125356e-05,0.0,5.179208173444749e-10
vit_base,8,jac_null,2.0,225.53158569335938,2.5272368020523572e-06,4.0177113987738267e-05,0.0,8.230344406001677e-09
vit_base,8,jac_null,4.0,451.06317138671875,4.248619006830268e-06,8.031965262489393e-05,0.0,3.2603564292799092e-09
vit_base,8,centroid_dir,0.0,0.0,0.0,0.0,0.0,-2.486035544091436e-10
vit_base,8,centroid_dir,0.1,11.276579284667969,-0.025383271276950836,0.023820165544748306,0.009999999776482582,0.0012098419247195125
vit_base,8,centroid_dir,0.25,28.191448211669922,0.017087306827306747,0.05186616629362106,0.009999999776482582,0.003701107343658805
vit_base,8,centroid_dir,0.5,56.382896423339844,0.1583014875650406,0.08689408749341965,0.009999999776482582,0.006930247414857149
vit_base,8,centroid_dir,1.0,112.76579284667969,0.29291847348213196,0.1317291408777237,0.03999999910593033,0.013103344477713108
vit_base,8,centroid_dir,2.0,225.53158569335938,0.4073758125305176,0.17051739990711212,0.029999999329447746,0.02017825096845627
vit_base,8,centroid_dir,4.0,451.06317138671875,0.493242472410202,0.19509035348892212,0.03999999910593033,0.0266451183706522
vit_base,8,sign_flip_disp,0.0,0.0,0.0,0.0,0.0,-2.486035544091436e-10
vit_base,8,sign_flip_disp,0.1,11.276579284667969,0.054480619728565216,0.02760452777147293,0.0,0.001801210455596447
vit_base,8,sign_flip_disp,0.25,28.191448211669922,0.16911067068576813,0.07459919154644012,0.009999999776482582,0.012361600063741207
vit_base,8,sign_flip_disp,0.5,56.382896423339844,0.5904423594474792,0.18843652307987213,0.07000000029802322,0.11131346225738525
vit_base,8,sign_flip_disp,1.0,112.76579284667969,2.5830540657043457,0.5304743647575378,0.22999998927116394,1.4531034231185913
vit_base,8,sign_flip_disp,2.0,225.53158569335938,3.047018051147461,0.6209122538566589,0.32999998331069946,2.0697171688079834
vit_base,8,sign_flip_disp,4.0,451.06317138671875,3.7635490894317627,0.7610254287719727,0.4399999976158142,3.6998162269592285
vit_base,8,perm_disp,0.0,0.0,0.0,0.0,0.0,-2.486035544091436e-10
vit_base,8,perm_disp,0.1,11.276579284667969,0.028171291574835777,0.024226393550634384,0.009999999776482582,0.0010870470432564616
vit_base,8,perm_disp,0.25,28.191448211669922,0.0935288816690445,0.06836750358343124,0.019999999552965164,0.007682254537940025
vit_base,8,perm_disp,0.5,56.382896423339844,0.3858611583709717,0.18866176903247833,0.029999999329447746,0.05957040190696716
vit_base,8,perm_disp,1.0,112.76579284667969,1.8990892171859741,0.47425463795661926,0.09999999403953552,0.8187589645385742
vit_base,8,perm_disp,2.0,225.53158569335938,2.455559015274048,0.5253808498382568,0.20999999344348907,1.3196642398834229
vit_base,8,perm_disp,4.0,451.06317138671875,3.0174221992492676,0.623491644859314,0.3199999928474426,2.164646863937378
vit_base,10,pc1,0.0,0.0,0.0,0.0,0.0,-2.486035544091436e-10
vit_base,10,pc1,0.1,13.668135070800782,-0.009215020574629307,0.009272987954318523,0.0,4.229657133691944e-05
vit_base,10,pc1,0.25,34.17033767700195,-0.013436398468911648,0.022426214069128036,0.009999999776482582,0.000261870474787429
vit_base,10,pc1,0.5,68.3406753540039,-0.016375236213207245,0.04316498339176178,0.019999999552965164,0.0009023568709380925
vit_base,10,pc1,1.0,136.6813507080078,-0.016805443912744522,0.07054322212934494,0.029999999329447746,0.0030357406940311193
vit_base,10,pc1,2.0,273.3627014160156,0.014889001846313477,0.10049895197153091,0.029999999329447746,0.015289666131138802
vit_base,10,pc1,4.0,546.7254028320312,0.24360902607440948,0.1726854294538498,0.029999999329447746,0.11319693922996521
vit_base,10,pc2,0.0,0.0,0.0,0.0,0.0,-2.486035544091436e-10
vit_base,10,pc2,0.1,13.668135070800782,0.019157880917191505,0.01892293617129326,0.009999999776482582,0.00041922761010937393
vit_base,10,pc2,0.25,34.17033767700195,0.15196260809898376,0.07785347104072571,0.009999999776482582,0.005985140800476074
vit_base,10,pc2,0.5,68.3406753540039,0.6888790726661682,0.2175740748643875,0.029999999329447746,0.07198705524206161
vit_base,10,pc2,1.0,136.6813507080078,1.8954496383666992,0.40350890159606934,0.07000000029802322,0.6310239434242249
vit_base,10,pc2,2.0,273.3627014160156,2.91351580619812,0.5466061234474182,0.17000000178813934,1.9947991371154785
vit_base,10,pc2,4.0,546.7254028320312,3.266019105911255,0.6100022196769714,0.22999998927116394,2.752582311630249
vit_base,10,pc4,0.0,0.0,0.0,0.0,0.0,-2.486035544091436e-10
vit_base,10,pc4,0.1,13.668135070800782,-0.00777448620647192,0.028264420107007027,0.009999999776482582,0.0005604233010672033
vit_base,10,pc4,0.25,34.17033767700195,-0.022494524717330933,0.09503865987062454,0.029999999329447746,0.005943288095295429
vit_base,10,pc4,0.5,68.3406753540039,0.16000354290008545,0.23900368809700012,0.05999999865889549,0.04715166985988617
vit_base,10,pc4,1.0,136.6813507080078,1.08103609085083,0.4514051675796509,0.07000000029802322,0.520045280456543
vit_base,10,pc4,2.0,273.3627014160156,2.1507294178009033,0.627292275428772,0.1899999976158142,1.4297350645065308
vit_base,10,pc4,4.0,546.7254028320312,2.6803503036499023,0.7213264107704163,0.2199999988079071,2.057483434677124
vit_base,10,pc_mid,0.0,0.0,0.0,0.0,0.0,-2.486035544091436e-10
vit_base,10,pc_mid,0.1,13.668135070800782,-0.004050712566822767,0.01616753824055195,0.0,0.00019406795036047697
vit_base,10,pc_mid,0.25,34.17033767700195,-0.002550749806687236,0.044613711535930634,0.019999999552965164,0.0014136976096779108
vit_base,10,pc_mid,0.5,68.3406753540039,0.042313508689403534,0.10551011562347412,0.019999999552965164,0.007318602409213781
vit_base,10,pc_mid,1.0,136.6813507080078,0.33346542716026306,0.2488086223602295,0.029999999329447746,0.05860080197453499
vit_base,10,pc_mid,2.0,273.3627014160156,0.9403470158576965,0.41123151779174805,0.05999999865889549,0.2878302335739136
vit_base,10,pc_mid,4.0,546.7254028320312,1.4923577308654785,0.5155848860740662,0.09999999403953552,0.6390010118484497
vit_base,10,pc_tail,0.0,0.0,0.0,0.0,0.0,-2.486035544091436e-10
vit_base,10,pc_tail,0.1,13.668135070800782,0.005569390952587128,0.011828124523162842,0.0,0.00011128492042189464
vit_base,10,pc_tail,0.25,34.17033767700195,0.01732475683093071,0.029970334842801094,0.019999999552965164,0.000680666824337095
vit_base,10,pc_tail,0.5,68.3406753540039,0.04699437692761421,0.061956021934747696,0.029999999329447746,0.0029773476999253035
vit_base,10,pc_tail,1.0,136.6813507080078,0.1275164783000946,0.1245349645614624,0.03999999910593033,0.01408423762768507
vit_base,10,pc_tail,2.0,273.3627014160156,0.31470292806625366,0.21355243027210236,0.04999999701976776,0.05478852614760399
vit_base,10,pc_tail,4.0,546.7254028320312,0.6073039174079895,0.2987620234489441,0.08999999612569809,0.1452251374721527
vit_base,10,pc_bottom,0.0,0.0,0.0,0.0,0.0,-2.486035544091436e-10
vit_base,10,pc_bottom,0.1,13.668135070800782,-0.0013958358904346824,0.0022417630534619093,0.0,3.359420134074753e-06
vit_base,10,pc_bottom,0.25,34.17033767700195,-0.0033171414397656918,0.00568545563146472,0.0,2.066763954644557e-05
vit_base,10,pc_bottom,0.5,68.3406753540039,-0.006130842957645655,0.01166924461722374,0.0,8.183765748981386e-05
vit_base,10,pc_bottom,1.0,136.6813507080078,-0.010442199185490608,0.024664683267474174,0.009999999776482582,0.0003252546302974224
vit_base,10,pc_bottom,2.0,273.3627014160156,-0.016996918246150017,0.05478815734386444,0.009999999776482582,0.0013704582815989852
vit_base,10,pc_bottom,4.0,546.7254028320312,-4.310607982915826e-05,0.12796901166439056,0.029999999329447746,0.006711483001708984
vit_base,10,rand_1,0.0,0.0,0.0,0.0,0.0,-2.486035544091436e-10
vit_base,10,rand_1,0.1,13.668135070800782,0.005700397305190563,0.014853071421384811,0.0,0.00021630674018524587
vit_base,10,rand_1,0.25,34.17033767700195,0.018793663010001183,0.03556250408291817,0.019999999552965164,0.0012408497277647257
vit_base,10,rand_1,0.5,68.3406753540039,0.048350948840379715,0.06929309666156769,0.029999999329447746,0.004513934720307589
vit_base,10,rand_1,1.0,136.6813507080078,0.13509048521518707,0.1342395395040512,0.029999999329447746,0.01770992949604988
vit_base,10,rand_1,2.0,273.3627014160156,0.329634428024292,0.22249652445316315,0.04999999701976776,0.060516055673360825
vit_base,10,rand_1,4.0,546.7254028320312,0.5439265966415405,0.2950686812400818,0.07999999821186066,0.1294933408498764
vit_base,10,rand_2,0.0,0.0,0.0,0.0,0.0,-2.486035544091436e-10
vit_base,10,rand_2,0.1,13.668135070800782,-0.004564814269542694,0.0124642513692379,0.009999999776482582,0.00010592814214760438
vit_base,10,rand_2,0.25,34.17033767700195,-0.009303235448896885,0.031625472009181976,0.009999999776482582,0.0006906096241436899
vit_base,10,rand_2,0.5,68.3406753540039,-0.007441782858222723,0.06641048938035965,0.009999999776482582,0.0030041548889130354
vit_base,10,rand_2,1.0,136.6813507080078,0.05633927881717682,0.13948117196559906,0.019999999552965164,0.013118540868163109
vit_base,10,rand_2,2.0,273.3627014160156,0.2933899760246277,0.24490801990032196,0.019999999552965164,0.05663542449474335
vit_base,10,rand_2,4.0,546.7254028320312,0.6457198262214661,0.3352258503437042,0.029999999329447746,0.1582689881324768
vit_base,10,rand_3,0.0,0.0,0.0,0.0,0.0,-2.486035544091436e-10
vit_base,10,rand_3,0.1,13.668135070800782,-0.015241904184222221,0.01295187883079052,0.009999999776482582,0.00011834099859697744
vit_base,10,rand_3,0.25,34.17033767700195,-0.03558547794818878,0.03388562425971031,0.019999999552965164,0.0008271564147435129
vit_base,10,rand_3,0.5,68.3406753540039,-0.05592913180589676,0.07376820594072342,0.019999999552965164,0.003797785844653845
vit_base,10,rand_3,1.0,136.6813507080078,-0.014461636543273926,0.15622517466545105,0.03999999910593033,0.016149258241057396
vit_base,10,rand_3,2.0,273.3627014160156,0.20601023733615875,0.26271721720695496,0.03999999910593033,0.06252118200063705
vit_base,10,rand_3,4.0,546.7254028320312,0.537131130695343,0.35633108019828796,0.03999999910593033,0.1674642562866211
vit_base,10,rand_4,0.0,0.0,0.0,0.0,0.0,-2.486035544091436e-10
vit_base,10,rand_4,0.1,13.668135070800782,0.0057545374147593975,0.012515604496002197,0.0,0.00012164201325504109
vit_base,10,rand_4,0.25,34.17033767700195,0.016299914568662643,0.02850618213415146,0.0,0.0006209683488123119
vit_base,10,rand_4,0.5,68.3406753540039,0.03374938294291496,0.052767064422369,0.0,0.002034460660070181
vit_base,10,rand_4,1.0,136.6813507080078,0.0781020075082779,0.10270016640424728,0.03999999910593033,0.0070997318252921104
vit_base,10,rand_4,2.0,273.3627014160156,0.2202882319688797,0.18639323115348816,0.03999999910593033,0.026543766260147095
vit_base,10,rand_4,4.0,546.7254028320312,0.43622520565986633,0.2661956548690796,0.03999999910593033,0.07374963909387589
vit_base,10,grad_margin,0.0,0.0,0.0,0.0,0.0,-2.486035544091436e-10
vit_base,10,grad_margin,0.1,13.668135070800782,-0.20491419732570648,0.041922420263290405,0.009999999776482582,0.0043219695799052715
vit_base,10,grad_margin,0.25,34.17033767700195,-0.49545347690582275,0.11641524732112885,0.019999999552965164,0.03523106873035431
vit_base,10,grad_margin,0.5,68.3406753540039,-0.4381813704967499,0.2745136320590973,0.05999999865889549,0.18664199113845825
vit_base,10,grad_margin,1.0,136.6813507080078,0.7824335098266602,0.5331436991691589,0.08999999612569809,0.7996264696121216
vit_base,10,grad_margin,2.0,273.3627014160156,1.9903526306152344,0.6585656404495239,0.11999999731779099,1.7782325744628906
vit_base,10,grad_margin,4.0,546.7254028320312,2.5553882122039795,0.7008976340293884,0.20999999344348907,2.5207629203796387
vit_base,10,jac_top,0.0,0.0,0.0,0.0,0.0,-2.486035544091436e-10
vit_base,10,jac_top,0.1,13.668135070800782,-0.015617852099239826,0.03879990428686142,0.009999999776482582,0.0032815115991979837
vit_base,10,jac_top,0.25,34.17033767700195,0.024574117735028267,0.15392078459262848,0.03999999910593033,0.04942592605948448
vit_base,10,jac_top,0.5,68.3406753540039,0.7128645181655884,0.3969147503376007,0.07999999821186066,0.3588153123855591
vit_base,10,jac_top,1.0,136.6813507080078,2.0730650424957275,0.6074680089950562,0.11999999731779099,1.484586477279663
vit_base,10,jac_top,2.0,273.3627014160156,3.1103241443634033,0.7135945558547974,0.26999998092651367,2.9219958782196045
vit_base,10,jac_top,4.0,546.7254028320312,3.553462028503418,0.7526503801345825,0.3700000047683716,3.677027463912964
vit_base,10,jac_null,0.0,0.0,0.0,0.0,0.0,-2.486035544091436e-10
vit_base,10,jac_null,0.1,13.668135070800782,-2.193450825416221e-07,8.574116691306699e-06,0.0,6.826121445868694e-09
vit_base,10,jac_null,0.25,34.17033767700195,-3.6716460272145923e-07,2.1418714823084883e-05,0.0,-3.631775991053132e-09
vit_base,10,jac_null,0.5,68.3406753540039,8.106231774718253e-08,4.283976522856392e-05,0.0,3.4040930074752396e-09
vit_base,10,jac_null,1.0,136.6813507080078,-5.102157274450292e-07,8.569963392801583e-05,0.0,1.8240097432453695e-08
vit_base,10,jac_null,2.0,273.3627014160156,-7.009505793575954e-07,0.00017148615734186023,0.0,2.4373147056167e-08
vit_base,10,jac_null,4.0,546.7254028320312,-1.931190354298451e-06,0.0003432807279750705,0.0,3.2654206449933554e-08
vit_base,10,centroid_dir,0.0,0.0,0.0,0.0,0.0,-2.486035544091436e-10
vit_base,10,centroid_dir,0.1,13.668135070800782,0.04471806436777115,0.019880300387740135,0.0,0.00035958472290076315
vit_base,10,centroid_dir,0.25,34.17033767700195,0.08620566874742508,0.03910117223858833,0.0,0.0010477732867002487
vit_base,10,centroid_dir,0.5,68.3406753540039,0.13652054965496063,0.06537570059299469,0.0,0.002244779374450445
vit_base,10,centroid_dir,1.0,136.6813507080078,0.16923169791698456,0.09298118203878403,0.0,0.0031079247128218412
vit_base,10,centroid_dir,2.0,273.3627014160156,0.1776379495859146,0.11118459701538086,0.0,0.0035391682758927345
vit_base,10,centroid_dir,4.0,546.7254028320312,0.18070285022258759,0.12193988263607025,0.0,0.0039820862002670765
vit_base,10,sign_flip_disp,0.0,0.0,0.0,0.0,0.0,-2.486035544091436e-10
vit_base,10,sign_flip_disp,0.1,13.668135070800782,-0.0652218833565712,0.035247448831796646,0.019999999552965164,0.001256491057574749
vit_base,10,sign_flip_disp,0.25,34.17033767700195,-0.17038433253765106,0.12219011038541794,0.029999999329447746,0.019479645416140556
vit_base,10,sign_flip_disp,0.5,68.3406753540039,0.6433678865432739,0.34814855456352234,0.07000000029802322,0.27582675218582153
vit_base,10,sign_flip_disp,1.0,136.6813507080078,2.6394731998443604,0.5868880152702332,0.09999999403953552,1.7192466259002686
vit_base,10,sign_flip_disp,2.0,273.3627014160156,3.5308806896209717,0.6700044274330139,0.20999999344348907,3.1596384048461914
vit_base,10,sign_flip_disp,4.0,546.7254028320312,3.789083242416382,0.6986292004585266,0.26999998092651367,3.744029998779297
vit_base,10,perm_disp,0.0,0.0,0.0,0.0,0.0,-2.486035544091436e-10
vit_base,10,perm_disp,0.1,13.668135070800782,-0.042209215462207794,0.028368836268782616,0.009999999776482582,0.0008177284034900367
vit_base,10,perm_disp,0.25,34.17033767700195,-0.10719327628612518,0.09845005720853806,0.029999999329447746,0.01027148962020874
vit_base,10,perm_disp,0.5,68.3406753540039,0.24212540686130524,0.2647427022457123,0.04999999701976776,0.1202511191368103
vit_base,10,perm_disp,1.0,136.6813507080078,1.882715106010437,0.5362724661827087,0.11999999731779099,1.0434932708740234
vit_base,10,perm_disp,2.0,273.3627014160156,2.9802041053771973,0.6444162130355835,0.17999999225139618,2.3483805656433105
vit_base,10,perm_disp,4.0,546.7254028320312,3.344442367553711,0.6734963655471802,0.23999999463558197,2.9197638034820557
