model_key,depth,token_position,direction,single_token_tolerance_radius,mean_image_spearman_corr
deit_small,5,central_patch,pc1,4.0,
deit_small,5,central_patch,grad_margin,4.0,
deit_small,5,central_patch,rand_1,4.0,
deit_small,5,corner_patch,pc1,4.0,
deit_small,5,corner_patch,grad_margin,4.0,
deit_small,5,corner_patch,rand_1,4.0,
deit_small,5,edge_patch,pc1,4.0,
deit_small,5,edge_patch,grad_margin,4.0,
deit_small,5,edge_patch,rand_1,4.0,
deit_small,7,central_patch,pc1,4.0,
deit_small,7,central_patch,grad_margin,4.0,
deit_small,7,central_patch,rand_1,4.0,
deit_small,7,corner_patch,pc1,4.0,
deit_small,7,corner_patch,grad_margin,4.0,
deit_small,7,corner_patch,rand_1,4.0,
deit_small,7,edge_patch,pc1,4.0,
deit_small,7,edge_patch,grad_margin,4.0,
deit_small,7,edge_patch,rand_1,4.0,
deit_small,8,central_patch,pc1,4.0,
deit_small,8,central_patch,grad_margin,4.0,
deit_small,8,central_patch,rand_1,4.0,
deit_small,8,corner_patch,pc1,4.0,
deit_small,8,corner_patch,grad_margin,4.0,
deit_small,8,corner_patch,rand_1,4.0,
deit_small,8,edge_patch,pc1,4.0,
deit_small,8,edge_patch,grad_margin,4.0,
deit_small,8,edge_patch,rand_1,4.0,
deit_small,8,,,,0.671040124567984
deit_small,10,central_patch,pc1,4.0,
deit_small,10,central_patch,grad_margin,4.0,
deit_small,10,central_patch,rand_1,4.0,
deit_small,10,corner_patch,pc1,4.0,
deit_small,10,corner_patch,grad_margin,4.0,
deit_small,10,corner_patch,rand_1,4.0,
deit_small,10,edge_patch,pc1,4.0,
deit_small,10,edge_patch,grad_margin,4.0,
deit_small,10,edge_patch,rand_1,4.0,
vit_base,5,central_patch,pc1,4.0,
vit_base,5,central_patch,grad_margin,4.0,
vit_base,5,central_patch,rand_1,4.0,
vit_base,5,corner_patch,pc1,4.0,
vit_base,5,corner_patch,grad_margin,4.0,
vit_base,5,corner_patch,rand_1,4.0,
vit_base,5,edge_patch,pc1,4.0,
vit_base,5,edge_patch,grad_margin,4.0,
vit_base,5,edge_patch,rand_1,4.0,
vit_base,7,central_patch,pc1,4.0,
vit_base,7,central_patch,grad_margin,4.0,
vit_base,7,central_patch,rand_1,4.0,
vit_base,7,corner_patch,pc1,4.0,
vit_base,7,corner_patch,grad_margin,4.0,
vit_base,7,corner_patch,rand_1,4.0,
vit_base,7,edge_patch,pc1,4.0,
vit_base,7,edge_patch,grad_margin,4.0,
vit_base,7,edge_patch,rand_1,4.0,
vit_base,8,central_patch,pc1,4.0,
vit_base,8,central_patch,grad_margin,4.0,
vit_base,8,central_patch,rand_1,4.0,
vit_base,8,corner_patch,pc1,4.0,
vit_base,8,corner_patch,grad_margin,4.0,
vit_base,8,corner_patch,rand_1,4.0,
vit_base,8,edge_patch,pc1,4.0,
vit_base,8,edge_patch,grad_margin,4.0,
vit_base,8,edge_patch,rand_1,4.0,
vit_base,8,,,,0.30152749078973917
vit_base,10,central_patch,pc1,4.0,
vit_base,10,central_patch,grad_margin,4.0,
vit_base,10,central_patch,rand_1,4.0,
vit_base,10,corner_patch,pc1,4.0,
vit_base,10,corner_patch,grad_margin,4.0,
vit_base,10,corner_patch,rand_1,4.0,
vit_base,10,edge_patch,pc1,4.0,
vit_base,10,edge_patch,grad_margin,4.0,
vit_base,10,edge_patch,rand_1,4.0,
