image_idx,l2_clean_vs_mean_surrogate,l2_clean_vs_opt_surrogate,surrogate_damage_reduction
0,5.567939281463623,4.845248699188232,0.7226905822753906
1,5.102289199829102,4.548228740692139,0.5540604591369629
2,4.829722881317139,3.3864216804504395,1.4433012008666992
3,3.4429373741149902,2.1310060024261475,1.3119313716888428
4,5.2921857833862305,4.110116958618164,1.1820688247680664
5,4.326892852783203,2.9071972370147705,1.4196956157684326
6,7.364645481109619,7.096659183502197,0.2679862976074219
7,4.155365467071533,3.0700783729553223,1.085287094116211
8,4.456729412078857,3.113276481628418,1.3434529304504395
9,3.3467164039611816,2.572927713394165,0.7737886905670166
