image_idx,budget_B,compression_ratio,method,logit_l2,kl_div,margin_damage,top1_acc,top1_flip
0,147,1.3333333333333333,random_pruning,3.7535552978515625,0.008498912677168846,0.07095527648925781,1.0,0.0
0,147,1.3333333333333333,norm_pruning,3.14700984954834,0.00199706107378006,0.054920196533203125,1.0,0.0
0,147,1.3333333333333333,group_mean,2.452580213546753,0.001983730122447014,0.11286544799804688,1.0,0.0
0,147,1.3333333333333333,medoid,3.567725896835327,0.004357011988759041,-0.04200935363769531,1.0,0.0
0,147,1.3333333333333333,unweighted_centroid,3.9152462482452393,0.002318652579560876,0.14170074462890625,1.0,0.0
0,147,1.3333333333333333,operator_aware_J,2.0816333293914795,0.0007377522997558117,0.045884132385253906,1.0,0.0
0,147,1.3333333333333333,operator_aware_C_cum,2.595486879348755,0.0013524135574698448,-0.015506744384765625,1.0,0.0
0,147,1.3333333333333333,calibration_J_bar,2.1750078201293945,0.0009159254841506481,0.06921195983886719,1.0,0.0
1,147,1.3333333333333333,random_pruning,1.8101991415023804,0.0004771137610077858,0.035096168518066406,1.0,0.0
1,147,1.3333333333333333,norm_pruning,1.5973076820373535,0.0006524133495986462,-0.024400711059570312,1.0,0.0
1,147,1.3333333333333333,group_mean,2.520691156387329,0.0010402149055153131,0.005652427673339844,1.0,0.0
1,147,1.3333333333333333,medoid,1.9692884683609009,0.00108729163184762,-0.0523681640625,1.0,0.0
1,147,1.3333333333333333,unweighted_centroid,3.0318877696990967,0.0033532874658703804,0.09560203552246094,1.0,0.0
1,147,1.3333333333333333,operator_aware_J,2.0112154483795166,0.0012813662178814411,0.0594024658203125,1.0,0.0
1,147,1.3333333333333333,operator_aware_C_cum,1.9201939105987549,0.0007783188484609127,0.0190277099609375,1.0,0.0
1,147,1.3333333333333333,calibration_J_bar,1.823691487312317,0.0004743380704894662,0.02840900421142578,1.0,0.0
2,147,1.3333333333333333,random_pruning,2.6383209228515625,0.01024718303233385,-0.07415485382080078,1.0,0.0
2,147,1.3333333333333333,norm_pruning,0.8340499997138977,0.0008185154292732477,0.05675029754638672,1.0,0.0
2,147,1.3333333333333333,group_mean,2.3621292114257812,0.004207166377454996,-0.027693748474121094,1.0,0.0
2,147,1.3333333333333333,medoid,1.9694654941558838,0.005116126500070095,0.06113719940185547,1.0,0.0
2,147,1.3333333333333333,unweighted_centroid,2.6981844902038574,0.005441419780254364,0.14327526092529297,1.0,0.0
2,147,1.3333333333333333,operator_aware_J,1.74555242061615,0.0012022177688777447,0.06334209442138672,1.0,0.0
2,147,1.3333333333333333,operator_aware_C_cum,1.6754530668258667,0.0008916798979043961,0.046105384826660156,1.0,0.0
2,147,1.3333333333333333,calibration_J_bar,2.2071762084960938,0.003501530736684799,-0.032013893127441406,1.0,0.0
3,147,1.3333333333333333,random_pruning,2.4560019969940186,0.005334231071174145,-0.01641559600830078,1.0,0.0
3,147,1.3333333333333333,norm_pruning,1.605126976966858,0.0016589201986789703,0.09224796295166016,1.0,0.0
3,147,1.3333333333333333,group_mean,1.2588824033737183,0.0013342450838536024,0.036736488342285156,1.0,0.0
3,147,1.3333333333333333,medoid,1.894667387008667,0.0007286840118467808,0.0728464126586914,1.0,0.0
3,147,1.3333333333333333,unweighted_centroid,2.2395901679992676,0.000625446904450655,0.07210159301757812,1.0,0.0
3,147,1.3333333333333333,operator_aware_J,0.8218899965286255,0.0004368564113974571,0.05720233917236328,1.0,0.0
3,147,1.3333333333333333,operator_aware_C_cum,0.7565450668334961,0.0006324007408693433,0.04897022247314453,1.0,0.0
3,147,1.3333333333333333,calibration_J_bar,1.172957181930542,0.0008056974038481712,0.03989124298095703,1.0,0.0
4,147,1.3333333333333333,random_pruning,1.5567820072174072,0.0004492965526878834,0.05549144744873047,1.0,0.0
4,147,1.3333333333333333,norm_pruning,0.9943318963050842,0.00029347650706768036,0.05197620391845703,1.0,0.0
4,147,1.3333333333333333,group_mean,3.099149703979492,0.005079429596662521,0.12707138061523438,1.0,0.0
4,147,1.3333333333333333,medoid,5.384962558746338,0.0068049002438783646,-0.21352195739746094,1.0,0.0
4,147,1.3333333333333333,unweighted_centroid,4.129831314086914,0.014054309576749802,0.1693868637084961,1.0,0.0
4,147,1.3333333333333333,operator_aware_J,2.4136343002319336,0.0005894177593290806,0.03091907501220703,1.0,0.0
4,147,1.3333333333333333,operator_aware_C_cum,2.5557596683502197,0.0005344194360077381,-0.0123748779296875,1.0,0.0
4,147,1.3333333333333333,calibration_J_bar,2.7804081439971924,0.00227386225014925,0.08882999420166016,1.0,0.0
5,147,1.3333333333333333,random_pruning,3.4959263801574707,0.0018877377733588219,-0.10411453247070312,1.0,0.0
5,147,1.3333333333333333,norm_pruning,1.9731736183166504,0.0008145091123878956,0.07522869110107422,1.0,0.0
5,147,1.3333333333333333,group_mean,1.7275100946426392,0.0005823257379233837,0.06380462646484375,1.0,0.0
5,147,1.3333333333333333,medoid,3.5381126403808594,0.0013890413101762533,-0.03270912170410156,1.0,0.0
5,147,1.3333333333333333,unweighted_centroid,2.531423807144165,0.001562182791531086,0.11773109436035156,1.0,0.0
5,147,1.3333333333333333,operator_aware_J,0.9889037013053894,0.0001556617207825184,0.0316925048828125,1.0,0.0
5,147,1.3333333333333333,calibration_J_bar,1.7296693325042725,0.0005774693563580513,0.06294536590576172,1.0,0.0
6,147,1.3333333333333333,random_pruning,3.227670192718506,0.004008515737950802,-0.5457544326782227,0.0,0.0
6,147,1.3333333333333333,norm_pruning,3.220001220703125,0.002892040181905031,-0.5071558952331543,0.0,0.0
6,147,1.3333333333333333,group_mean,4.403170108795166,0.0035166717134416103,0.45906543731689453,0.0,0.0
6,147,1.3333333333333333,medoid,6.688891410827637,0.007313762791454792,-0.7224025726318359,0.0,0.0
6,147,1.3333333333333333,unweighted_centroid,4.438539028167725,0.0015410659834742546,0.07525253295898438,0.0,0.0
6,147,1.3333333333333333,operator_aware_J,2.792738914489746,0.0013129921862855554,-0.2338714599609375,0.0,0.0
6,147,1.3333333333333333,calibration_J_bar,4.402400970458984,0.0034719211980700493,0.4530048370361328,0.0,0.0
7,147,1.3333333333333333,random_pruning,2.1936213970184326,0.003296732436865568,-0.03868579864501953,1.0,0.0
7,147,1.3333333333333333,norm_pruning,1.4847782850265503,0.001988858450204134,0.006657600402832031,1.0,0.0
7,147,1.3333333333333333,group_mean,2.037480115890503,0.001520264893770218,0.10749530792236328,1.0,0.0
7,147,1.3333333333333333,medoid,1.8243308067321777,0.0008639348670840263,0.027251243591308594,1.0,0.0
7,147,1.3333333333333333,unweighted_centroid,2.2498369216918945,0.005119387060403824,0.1156167984008789,1.0,0.0
7,147,1.3333333333333333,operator_aware_J,1.4101767539978027,0.0008800597861409187,0.0883626937866211,1.0,0.0
7,147,1.3333333333333333,calibration_J_bar,2.0343494415283203,0.0015302589163184166,0.10777568817138672,1.0,0.0
8,147,1.3333333333333333,random_pruning,4.293948650360107,0.003341113217175007,-0.01631927490234375,1.0,0.0
8,147,1.3333333333333333,norm_pruning,1.9858250617980957,0.0009532985277473927,0.03739166259765625,1.0,0.0
8,147,1.3333333333333333,group_mean,2.0562567710876465,0.0010193642228841782,0.022312164306640625,1.0,0.0
8,147,1.3333333333333333,medoid,3.142252206802368,0.006544788368046284,0.012651443481445312,1.0,0.0
8,147,1.3333333333333333,unweighted_centroid,2.4146502017974854,0.001040472649037838,0.0709991455078125,1.0,0.0
8,147,1.3333333333333333,operator_aware_J,1.4827908277511597,0.0004065549001097679,0.0045490264892578125,1.0,0.0
8,147,1.3333333333333333,calibration_J_bar,2.0708649158477783,0.0010388242080807686,0.022369384765625,1.0,0.0
9,147,1.3333333333333333,random_pruning,1.449241280555725,0.0007048631086945534,0.10996818542480469,1.0,0.0
9,147,1.3333333333333333,norm_pruning,0.43856316804885864,5.094229709357023e-05,0.028894424438476562,1.0,0.0
9,147,1.3333333333333333,group_mean,1.126126766204834,0.00010724051389843225,0.025443077087402344,1.0,0.0
9,147,1.3333333333333333,medoid,0.8160483241081238,4.057056503370404e-05,0.004100799560546875,1.0,0.0
9,147,1.3333333333333333,unweighted_centroid,1.6489568948745728,0.0005055312067270279,0.08190631866455078,1.0,0.0
9,147,1.3333333333333333,operator_aware_J,0.9576093554496765,5.7840661611407995e-05,-0.012067794799804688,1.0,0.0
9,147,1.3333333333333333,calibration_J_bar,1.1264437437057495,0.00010794226545840502,0.02570343017578125,1.0,0.0
10,147,1.3333333333333333,random_pruning,1.1685080528259277,0.00015328428708016872,0.04668712615966797,1.0,0.0
10,147,1.3333333333333333,norm_pruning,1.0925710201263428,0.00016505341045558453,0.04850292205810547,1.0,0.0
10,147,1.3333333333333333,group_mean,1.7004109621047974,0.0001814739080145955,0.025279998779296875,1.0,0.0
10,147,1.3333333333333333,medoid,1.6095495223999023,0.00014040176756680012,0.006199836730957031,1.0,0.0
10,147,1.3333333333333333,unweighted_centroid,2.468900203704834,0.0004280656576156616,0.047039031982421875,1.0,0.0
10,147,1.3333333333333333,operator_aware_J,1.2875779867172241,0.00016016047447919846,0.024270057678222656,1.0,0.0
10,147,1.3333333333333333,calibration_J_bar,1.6851576566696167,0.0001794787822291255,0.024271011352539062,1.0,0.0
11,147,1.3333333333333333,random_pruning,1.908000111579895,0.0010333224199712276,-0.020587921142578125,1.0,0.0
11,147,1.3333333333333333,norm_pruning,0.9399557113647461,0.0002913139760494232,0.03013324737548828,1.0,0.0
11,147,1.3333333333333333,group_mean,1.8621587753295898,0.0005148225463926792,-0.028745651245117188,1.0,0.0
11,147,1.3333333333333333,medoid,2.1244020462036133,0.0010192166082561016,-0.06705474853515625,1.0,0.0
11,147,1.3333333333333333,unweighted_centroid,2.626577138900757,0.0018696840852499008,-0.03450584411621094,1.0,0.0
11,147,1.3333333333333333,operator_aware_J,2.015564441680908,0.0014499817043542862,-0.0789499282836914,1.0,0.0
11,147,1.3333333333333333,calibration_J_bar,1.8621816635131836,0.000518465181812644,-0.028148651123046875,1.0,0.0
12,147,1.3333333333333333,random_pruning,3.616715908050537,0.0019639399833977222,-0.0016021728515625,1.0,0.0
12,147,1.3333333333333333,norm_pruning,1.787625789642334,0.0007798187434673309,0.03924083709716797,1.0,0.0
12,147,1.3333333333333333,group_mean,2.9569239616394043,0.0014098815154284239,0.08611869812011719,1.0,0.0
12,147,1.3333333333333333,medoid,3.335691452026367,0.001106369192712009,-0.024263381958007812,1.0,0.0
12,147,1.3333333333333333,unweighted_centroid,3.117342233657837,0.001005347352474928,0.000476837158203125,1.0,0.0
12,147,1.3333333333333333,operator_aware_J,1.8541185855865479,0.0006849952042102814,0.07908821105957031,1.0,0.0
12,147,1.3333333333333333,calibration_J_bar,2.975687026977539,0.0014211633242666721,0.08531761169433594,1.0,0.0
13,147,1.3333333333333333,random_pruning,1.7423732280731201,0.0010055992752313614,0.09865951538085938,1.0,0.0
13,147,1.3333333333333333,norm_pruning,0.9448681473731995,0.000328882597386837,0.0347137451171875,1.0,0.0
13,147,1.3333333333333333,group_mean,1.9760513305664062,0.0007592756301164627,-0.025694847106933594,1.0,0.0
13,147,1.3333333333333333,medoid,2.0914864540100098,0.010755270719528198,0.1355419158935547,1.0,0.0
13,147,1.3333333333333333,unweighted_centroid,3.3620145320892334,0.07148853689432144,-0.2184162139892578,1.0,0.0
13,147,1.3333333333333333,operator_aware_J,1.6794153451919556,0.0031831618398427963,0.026880264282226562,1.0,0.0
13,147,1.3333333333333333,calibration_J_bar,1.97361159324646,0.000699344091117382,-0.024049758911132812,1.0,0.0
14,147,1.3333333333333333,random_pruning,1.9513335227966309,0.0007543656975030899,0.08789920806884766,1.0,0.0
14,147,1.3333333333333333,norm_pruning,0.7858492136001587,0.0001276202965527773,0.036553382873535156,1.0,0.0
14,147,1.3333333333333333,group_mean,3.3070268630981445,0.0028591686859726906,0.13853931427001953,1.0,0.0
14,147,1.3333333333333333,medoid,3.4292409420013428,0.0020390693098306656,0.11809825897216797,1.0,0.0
14,147,1.3333333333333333,unweighted_centroid,6.280184268951416,0.015435543842613697,0.16782188415527344,1.0,0.0
14,147,1.3333333333333333,operator_aware_J,2.6428074836730957,0.001349293626844883,0.10203838348388672,1.0,0.0
14,147,1.3333333333333333,calibration_J_bar,3.321845531463623,0.002903774380683899,0.1386117935180664,1.0,0.0
15,147,1.3333333333333333,random_pruning,3.7509729862213135,0.0027476076502352953,-0.01908588409423828,1.0,0.0
15,147,1.3333333333333333,norm_pruning,1.0861862897872925,0.00017847225535660982,0.0157318115234375,1.0,0.0
15,147,1.3333333333333333,group_mean,5.284505367279053,0.0036357431672513485,0.037364959716796875,1.0,0.0
15,147,1.3333333333333333,medoid,5.902523517608643,0.00489500816911459,0.037136077880859375,1.0,0.0
15,147,1.3333333333333333,unweighted_centroid,5.900729179382324,0.004012455698102713,0.025450706481933594,1.0,0.0
15,147,1.3333333333333333,operator_aware_J,3.153485059738159,0.0010630316101014614,0.0073680877685546875,1.0,0.0
15,147,1.3333333333333333,calibration_J_bar,5.278385162353516,0.003603457473218441,0.03652763366699219,1.0,0.0
16,147,1.3333333333333333,random_pruning,4.041543006896973,0.0022263163700699806,0.10042476654052734,1.0,0.0
16,147,1.3333333333333333,norm_pruning,1.0841858386993408,0.0001514183823019266,0.03123950958251953,1.0,0.0
16,147,1.3333333333333333,group_mean,3.2014026641845703,0.0012657810002565384,0.06441593170166016,1.0,0.0
16,147,1.3333333333333333,medoid,3.5832271575927734,0.0014021353563293815,-0.01652812957763672,1.0,0.0
16,147,1.3333333333333333,unweighted_centroid,3.742988348007202,0.0014733963180333376,0.06104755401611328,1.0,0.0
16,147,1.3333333333333333,operator_aware_J,2.516174077987671,0.0008089020848274231,0.04705810546875,1.0,0.0
16,147,1.3333333333333333,calibration_J_bar,3.2012200355529785,0.0012698303908109665,0.06522083282470703,1.0,0.0
17,147,1.3333333333333333,random_pruning,1.7639288902282715,0.0003635268658399582,0.039768218994140625,1.0,0.0
17,147,1.3333333333333333,norm_pruning,2.2845585346221924,0.0004417186137288809,0.02114391326904297,1.0,0.0
17,147,1.3333333333333333,group_mean,2.1440277099609375,0.0006110579706728458,0.06505107879638672,1.0,0.0
17,147,1.3333333333333333,medoid,1.5319111347198486,0.000201813702005893,-0.01570892333984375,1.0,0.0
17,147,1.3333333333333333,unweighted_centroid,2.714495897293091,0.0006886553019285202,0.03656291961669922,1.0,0.0
17,147,1.3333333333333333,operator_aware_J,1.588266134262085,0.0002826955169439316,0.040701866149902344,1.0,0.0
17,147,1.3333333333333333,calibration_J_bar,2.1499879360198975,0.0006190461572259665,0.06578540802001953,1.0,0.0
18,147,1.3333333333333333,random_pruning,2.8824336528778076,0.00273822620511055,0.16048145294189453,1.0,0.0
18,147,1.3333333333333333,norm_pruning,1.630859613418579,0.00029222987359389663,0.004300117492675781,1.0,0.0
18,147,1.3333333333333333,group_mean,4.2929205894470215,0.003327556885778904,-0.1261157989501953,1.0,0.0
18,147,1.3333333333333333,medoid,2.774980068206787,0.0017647966742515564,-0.015832901000976562,1.0,0.0
18,147,1.3333333333333333,unweighted_centroid,5.0454630851745605,0.003653154708445072,-0.14853477478027344,1.0,0.0
18,147,1.3333333333333333,operator_aware_J,2.68520450592041,0.0007553335162810981,-0.03140830993652344,1.0,0.0
18,147,1.3333333333333333,calibration_J_bar,4.262143611907959,0.0032525493297725916,-0.12192344665527344,1.0,0.0
19,147,1.3333333333333333,random_pruning,5.078749656677246,0.002111437264829874,-0.008436203002929688,1.0,0.0
19,147,1.3333333333333333,norm_pruning,1.110374927520752,0.0003102431073784828,0.05336570739746094,1.0,0.0
19,147,1.3333333333333333,group_mean,3.1681296825408936,0.0011180276051163673,-0.06078052520751953,1.0,0.0
19,147,1.3333333333333333,medoid,4.603189945220947,0.0021663072984665632,-0.06618309020996094,1.0,0.0
19,147,1.3333333333333333,unweighted_centroid,4.543206691741943,0.002022691071033478,-0.06731319427490234,1.0,0.0
19,147,1.3333333333333333,operator_aware_J,2.1093742847442627,0.00043933140113949776,0.02496051788330078,1.0,0.0
19,147,1.3333333333333333,calibration_J_bar,3.1941378116607666,0.0011454620398581028,-0.061903953552246094,1.0,0.0
0,98,2.0,random_pruning,12.938888549804688,0.04219050705432892,-0.10994148254394531,1.0,0.0
0,98,2.0,norm_pruning,6.465482711791992,0.0063673583790659904,0.2286396026611328,1.0,0.0
0,98,2.0,group_mean,5.567934989929199,0.007847079075872898,0.21677494049072266,1.0,0.0
0,98,2.0,medoid,6.546971797943115,0.009395215660333633,0.03472709655761719,1.0,0.0
0,98,2.0,unweighted_centroid,6.997432231903076,0.012205870822072029,0.26670360565185547,1.0,0.0
0,98,2.0,operator_aware_J,4.845245361328125,0.008349942043423653,0.2213888168334961,1.0,0.0
0,98,2.0,operator_aware_C_cum,4.823111057281494,0.005229895934462547,0.15415000915527344,1.0,0.0
0,98,2.0,calibration_J_bar,5.234769821166992,0.00787484459578991,0.20716476440429688,1.0,0.0
1,98,2.0,random_pruning,8.629829406738281,0.04596463963389397,0.39359092712402344,1.0,0.0
1,98,2.0,norm_pruning,6.95500373840332,0.010397070087492466,-0.06389236450195312,1.0,0.0
1,98,2.0,group_mean,5.102281093597412,0.004696525167673826,0.014036178588867188,1.0,0.0
1,98,2.0,medoid,3.0695159435272217,0.0013233274221420288,-0.06643104553222656,1.0,0.0
1,98,2.0,unweighted_centroid,4.184447288513184,0.00321974977850914,0.1794910430908203,1.0,0.0
1,98,2.0,operator_aware_J,4.548233509063721,0.010518383234739304,0.16382122039794922,1.0,0.0
1,98,2.0,operator_aware_C_cum,4.068366527557373,0.005845179781317711,0.057394981384277344,1.0,0.0
1,98,2.0,calibration_J_bar,3.0031185150146484,0.0015706215053796768,0.08379364013671875,1.0,0.0
2,98,2.0,random_pruning,5.463852405548096,0.03533302992582321,0.37497806549072266,1.0,0.0
2,98,2.0,norm_pruning,2.0805790424346924,0.0034321267157793045,0.12279033660888672,1.0,0.0
2,98,2.0,group_mean,4.829722881317139,0.03706547990441322,-0.10492229461669922,1.0,0.0
2,98,2.0,medoid,3.190464496612549,0.011580564081668854,0.043234825134277344,1.0,0.0
2,98,2.0,unweighted_centroid,5.640791893005371,0.006658137775957584,0.2367563247680664,1.0,0.0
2,98,2.0,operator_aware_J,3.3864190578460693,0.012180482968688011,0.19664955139160156,1.0,0.0
2,98,2.0,operator_aware_C_cum,3.537195920944214,0.012227024883031845,0.16449451446533203,1.0,0.0
2,98,2.0,calibration_J_bar,4.201776504516602,0.010880593210458755,-0.014517784118652344,1.0,0.0
3,98,2.0,random_pruning,5.3113203048706055,0.01119379885494709,-0.012242317199707031,1.0,0.0
3,98,2.0,norm_pruning,3.89862060546875,0.016768120229244232,0.22523784637451172,1.0,0.0
3,98,2.0,group_mean,3.4429359436035156,0.010975956916809082,0.07409381866455078,1.0,0.0
3,98,2.0,medoid,3.177363157272339,0.02067287266254425,-0.00445556640625,1.0,0.0
3,98,2.0,unweighted_centroid,5.479313373565674,0.009373496286571026,0.14931964874267578,1.0,0.0
3,98,2.0,operator_aware_J,2.131006956100464,0.005795062053948641,0.1400156021118164,1.0,0.0
3,98,2.0,operator_aware_C_cum,2.181366443634033,0.012613529339432716,0.15884780883789062,1.0,0.0
3,98,2.0,calibration_J_bar,3.1351776123046875,0.006568193435668945,0.07709980010986328,1.0,0.0
4,98,2.0,random_pruning,5.107101917266846,0.00691574439406395,0.15820884704589844,1.0,0.0
4,98,2.0,norm_pruning,2.13105845451355,0.0015797079540789127,0.12362003326416016,1.0,0.0
4,98,2.0,group_mean,5.292186260223389,0.0055482275784015656,0.21634483337402344,1.0,0.0
4,98,2.0,medoid,6.34368371963501,0.015685616061091423,-0.2283334732055664,1.0,0.0
4,98,2.0,unweighted_centroid,6.354909420013428,0.02143973857164383,0.36911487579345703,1.0,0.0
4,98,2.0,operator_aware_J,4.1101179122924805,0.0024253753945231438,0.1190500259399414,1.0,0.0
4,98,2.0,operator_aware_C_cum,4.7071685791015625,0.001856562215834856,0.012795448303222656,1.0,0.0
4,98,2.0,calibration_J_bar,4.869949817657471,0.004083193838596344,0.18351268768310547,1.0,0.0
5,98,2.0,random_pruning,5.129325866699219,0.002474493347108364,0.021240234375,1.0,0.0
5,98,2.0,norm_pruning,6.209153175354004,0.009625986218452454,0.22785091400146484,1.0,0.0
5,98,2.0,group_mean,4.326892375946045,0.0036291666328907013,0.1576404571533203,1.0,0.0
5,98,2.0,medoid,4.059164047241211,0.0024008695036172867,-0.10853958129882812,1.0,0.0
5,98,2.0,unweighted_centroid,5.889074325561523,0.007290530018508434,0.2412862777709961,1.0,0.0
5,98,2.0,operator_aware_J,2.9071974754333496,0.0010184471029788256,0.061595916748046875,1.0,0.0
5,98,2.0,calibration_J_bar,4.318867206573486,0.00356211606413126,0.15444183349609375,1.0,0.0
6,98,2.0,random_pruning,7.813507556915283,0.02810937538743019,-1.1326560974121094,0.0,0.0
6,98,2.0,norm_pruning,9.837762832641602,0.020115230232477188,-0.8209085464477539,0.0,0.0
6,98,2.0,group_mean,7.3646464347839355,0.01143350824713707,0.524846076965332,0.0,0.0
6,98,2.0,medoid,5.571539402008057,0.001626612152904272,-0.3215184211730957,0.0,0.0
6,98,2.0,unweighted_centroid,8.553183555603027,0.01396963745355606,0.22038745880126953,0.0,0.0
6,98,2.0,operator_aware_J,7.096669673919678,0.009776318445801735,-0.5113096237182617,0.0,0.0
6,98,2.0,calibration_J_bar,7.316598415374756,0.011129043996334076,0.49409961700439453,0.0,0.0
7,98,2.0,random_pruning,3.361008405685425,0.007924243807792664,0.07081317901611328,1.0,0.0
7,98,2.0,norm_pruning,4.005216121673584,0.012813396751880646,0.05752849578857422,1.0,0.0
7,98,2.0,group_mean,4.155364513397217,0.0055172014981508255,0.21011066436767578,1.0,0.0
7,98,2.0,medoid,3.9316391944885254,0.005866784602403641,-0.08356189727783203,1.0,0.0
7,98,2.0,unweighted_centroid,4.644957065582275,0.015214063227176666,0.15914440155029297,1.0,0.0
7,98,2.0,operator_aware_J,3.0700764656066895,0.005133450962603092,0.1900186538696289,1.0,0.0
7,98,2.0,calibration_J_bar,4.175830841064453,0.005626872181892395,0.21198177337646484,1.0,0.0
8,98,2.0,random_pruning,6.182666301727295,0.012827809900045395,0.0785531997680664,1.0,0.0
8,98,2.0,norm_pruning,4.862161636352539,0.00900731235742569,0.13918685913085938,1.0,0.0
8,98,2.0,group_mean,4.456727981567383,0.004201577510684729,0.060672760009765625,1.0,0.0
8,98,2.0,medoid,3.9955787658691406,0.002577411010861397,-0.07876968383789062,1.0,0.0
8,98,2.0,unweighted_centroid,4.929221153259277,0.0036592604592442513,0.009081840515136719,1.0,0.0
8,98,2.0,operator_aware_J,3.113278388977051,0.0016445671208202839,0.02052593231201172,1.0,0.0
8,98,2.0,calibration_J_bar,4.434204578399658,0.004028020426630974,0.059192657470703125,1.0,0.0
9,98,2.0,random_pruning,3.5499305725097656,0.003110709600150585,0.214141845703125,1.0,0.0
9,98,2.0,norm_pruning,1.2900196313858032,0.00033833435736596584,0.07011127471923828,1.0,0.0
9,98,2.0,group_mean,3.346717119216919,0.0015165447257459164,0.12222862243652344,1.0,0.0
9,98,2.0,medoid,1.611052393913269,0.0001514270988991484,-0.003185272216796875,1.0,0.0
9,98,2.0,unweighted_centroid,4.581847667694092,0.004248442128300667,0.23316383361816406,1.0,0.0
9,98,2.0,operator_aware_J,2.5729269981384277,0.0005097147077322006,0.04602813720703125,1.0,0.0
9,98,2.0,calibration_J_bar,3.342538833618164,0.0015080361627042294,0.1215972900390625,1.0,0.0
10,98,2.0,random_pruning,3.4422969818115234,0.0010381131432950497,0.10229301452636719,1.0,0.0
10,98,2.0,norm_pruning,3.117806911468506,0.001257164403796196,0.11884117126464844,1.0,0.0
10,98,2.0,group_mean,3.1115119457244873,0.0006228636484593153,0.06984615325927734,1.0,0.0
10,98,2.0,medoid,2.8693573474884033,0.0004144215490669012,-0.006366729736328125,1.0,0.0
10,98,2.0,unweighted_centroid,4.572023868560791,0.002292613498866558,0.1781749725341797,1.0,0.0
10,98,2.0,operator_aware_J,2.45526385307312,0.0003764634020626545,0.03319358825683594,1.0,0.0
10,98,2.0,calibration_J_bar,3.1031992435455322,0.000616470817476511,0.06853961944580078,1.0,0.0
11,98,2.0,random_pruning,4.884580135345459,0.0026289252564311028,-0.053363800048828125,1.0,0.0
11,98,2.0,norm_pruning,1.897364616394043,0.0014528620522469282,0.05454826354980469,1.0,0.0
11,98,2.0,group_mean,3.4630799293518066,0.0044989921152591705,0.09305286407470703,1.0,0.0
11,98,2.0,medoid,2.9967377185821533,0.004023263230919838,0.056987762451171875,1.0,0.0
11,98,2.0,unweighted_centroid,4.151761054992676,0.0025645755231380463,0.10437583923339844,1.0,0.0
11,98,2.0,operator_aware_J,3.8338124752044678,0.0056227464228868484,-0.10626888275146484,1.0,0.0
11,98,2.0,calibration_J_bar,3.4556517601013184,0.004562178626656532,0.09581851959228516,1.0,0.0
12,98,2.0,random_pruning,6.221362590789795,0.013143008574843407,0.13240718841552734,1.0,0.0
12,98,2.0,norm_pruning,5.51379919052124,0.014166994020342827,-0.0032062530517578125,1.0,0.0
12,98,2.0,group_mean,4.436290740966797,0.004729876294732094,0.22156906127929688,1.0,0.0
12,98,2.0,medoid,3.0229580402374268,0.0007202289416454732,0.0037403106689453125,1.0,0.0
12,98,2.0,unweighted_centroid,5.554681777954102,0.0029876651242375374,0.06661128997802734,1.0,0.0
12,98,2.0,operator_aware_J,3.7272236347198486,0.004102524369955063,0.21424293518066406,1.0,0.0
12,98,2.0,calibration_J_bar,4.432814598083496,0.004760568030178547,0.22224044799804688,1.0,0.0
13,98,2.0,random_pruning,3.83022403717041,0.026369597762823105,-0.03618335723876953,1.0,0.0
13,98,2.0,norm_pruning,3.0053107738494873,0.002820828929543495,0.12415885925292969,1.0,0.0
13,98,2.0,group_mean,5.426924705505371,0.01885242760181427,0.09009552001953125,1.0,0.0
13,98,2.0,medoid,3.9935858249664307,0.2906956672668457,0.8720111846923828,0.0,1.0
13,98,2.0,unweighted_centroid,6.328842639923096,0.01912851259112358,-0.11994171142578125,1.0,0.0
13,98,2.0,operator_aware_J,4.543559551239014,0.0026360098272562027,-0.051631927490234375,1.0,0.0
13,98,2.0,calibration_J_bar,5.43328332901001,0.019754581153392792,0.09429454803466797,1.0,0.0
14,98,2.0,random_pruning,3.6058881282806396,0.00224277563393116,0.16369915008544922,1.0,0.0
14,98,2.0,norm_pruning,1.8188369274139404,0.0007766005583107471,0.10384082794189453,1.0,0.0
14,98,2.0,group_mean,5.679871082305908,0.01083972118794918,0.36148738861083984,1.0,0.0
14,98,2.0,medoid,5.653805732727051,0.0057389456778764725,0.23325824737548828,1.0,0.0
14,98,2.0,unweighted_centroid,7.1928181648254395,0.022679436951875687,0.40514469146728516,1.0,0.0
14,98,2.0,operator_aware_J,5.911365509033203,0.01173824816942215,0.3150777816772461,1.0,0.0
14,98,2.0,calibration_J_bar,5.677351474761963,0.010867217555642128,0.36084842681884766,1.0,0.0
15,98,2.0,random_pruning,8.320324897766113,0.009541301988065243,0.08689212799072266,1.0,0.0
15,98,2.0,norm_pruning,2.645820379257202,0.0010812699329108,0.02802562713623047,1.0,0.0
15,98,2.0,group_mean,7.157656669616699,0.00859842263162136,0.10658073425292969,1.0,0.0
15,98,2.0,medoid,9.5259428024292,0.014669084921479225,0.016508102416992188,1.0,0.0
15,98,2.0,unweighted_centroid,7.133415222167969,0.006077120546251535,0.06847667694091797,1.0,0.0
15,98,2.0,operator_aware_J,4.837263107299805,0.003068248275667429,0.06842231750488281,1.0,0.0
15,98,2.0,calibration_J_bar,7.049691200256348,0.008277326822280884,0.10554218292236328,1.0,0.0
16,98,2.0,random_pruning,5.974496364593506,0.0035275700502097607,0.029819488525390625,1.0,0.0
16,98,2.0,norm_pruning,2.60292649269104,0.0009545451030135155,0.0821676254272461,1.0,0.0
16,98,2.0,group_mean,5.099298000335693,0.0036092628724873066,0.1471242904663086,1.0,0.0
16,98,2.0,medoid,4.848984241485596,0.004641263745725155,-0.17248916625976562,1.0,0.0
16,98,2.0,unweighted_centroid,6.2128472328186035,0.004215904511511326,0.1300201416015625,1.0,0.0
16,98,2.0,operator_aware_J,4.066588878631592,0.001993421697989106,0.07711601257324219,1.0,0.0
16,98,2.0,calibration_J_bar,5.091582775115967,0.0036573149263858795,0.15002918243408203,1.0,0.0
17,98,2.0,random_pruning,3.6684257984161377,0.0015759547241032124,0.09147071838378906,1.0,0.0
17,98,2.0,norm_pruning,3.0302393436431885,0.0009147496894001961,0.04043006896972656,1.0,0.0
17,98,2.0,group_mean,3.0146877765655518,0.0006368901813402772,0.021147727966308594,1.0,0.0
17,98,2.0,medoid,3.483412027359009,0.0010061324574053288,0.059790611267089844,1.0,0.0
17,98,2.0,unweighted_centroid,4.34761381149292,0.0017143143340945244,0.060217857360839844,1.0,0.0
17,98,2.0,operator_aware_J,2.6611111164093018,0.00048136853729374707,-0.014994621276855469,1.0,0.0
17,98,2.0,calibration_J_bar,3.027689218521118,0.0006381111452355981,0.020231246948242188,1.0,0.0
18,98,2.0,random_pruning,5.52725887298584,0.015300460159778595,0.40280914306640625,1.0,0.0
18,98,2.0,norm_pruning,10.06140422821045,0.01517593301832676,-0.10246086120605469,1.0,0.0
18,98,2.0,group_mean,5.694798469543457,0.005033354740589857,-0.06693649291992188,1.0,0.0
18,98,2.0,medoid,3.1647047996520996,0.0021948886569589376,-0.13629436492919922,1.0,0.0
18,98,2.0,unweighted_centroid,7.746845722198486,0.013376159593462944,0.1092691421508789,1.0,0.0
18,98,2.0,operator_aware_J,3.666731357574463,0.0014373925514519215,0.01406097412109375,1.0,0.0
18,98,2.0,calibration_J_bar,5.638776779174805,0.004946940578520298,-0.06134986877441406,1.0,0.0
19,98,2.0,random_pruning,6.804696559906006,0.004089732654392719,0.05118083953857422,1.0,0.0
19,98,2.0,norm_pruning,3.536226987838745,0.002739155665040016,0.1290884017944336,1.0,0.0
19,98,2.0,group_mean,5.196346282958984,0.0030892561189830303,-0.1259469985961914,1.0,0.0
19,98,2.0,medoid,4.786674499511719,0.0019638733938336372,-0.00027561187744140625,1.0,0.0
19,98,2.0,unweighted_centroid,6.142775535583496,0.003174121957272291,-0.06660747528076172,1.0,0.0
19,98,2.0,operator_aware_J,4.739655494689941,0.002042430453002453,-0.035788536071777344,1.0,0.0
19,98,2.0,calibration_J_bar,5.211920738220215,0.0031357421539723873,-0.12750625610351562,1.0,0.0
0,72,2.7222222222222223,random_pruning,15.103281021118164,0.0976235494017601,0.2343120574951172,1.0,0.0
0,72,2.7222222222222223,norm_pruning,7.977748394012451,0.014273743145167828,0.22335433959960938,1.0,0.0
0,72,2.7222222222222223,group_mean,10.375693321228027,0.03699200972914696,0.29192066192626953,1.0,0.0
0,72,2.7222222222222223,medoid,8.643778800964355,0.011907365173101425,-0.28160858154296875,1.0,0.0
0,72,2.7222222222222223,unweighted_centroid,9.532769203186035,0.07169756293296814,0.7424745559692383,1.0,0.0
0,72,2.7222222222222223,operator_aware_J,9.411213874816895,0.02206171490252018,0.23867130279541016,1.0,0.0
0,72,2.7222222222222223,operator_aware_C_cum,9.360498428344727,0.015988724306225777,0.073272705078125,1.0,0.0
0,72,2.7222222222222223,calibration_J_bar,9.823452949523926,0.024296773597598076,0.2268829345703125,1.0,0.0
1,72,2.7222222222222223,random_pruning,9.675681114196777,0.06460615992546082,0.5187711715698242,1.0,0.0
1,72,2.7222222222222223,norm_pruning,11.031752586364746,0.023021621629595757,-0.018523216247558594,1.0,0.0
1,72,2.7222222222222223,group_mean,5.813286781311035,0.009610092267394066,0.3225393295288086,1.0,0.0
1,72,2.7222222222222223,medoid,4.354337215423584,0.002675541676580906,0.0841064453125,1.0,0.0
1,72,2.7222222222222223,unweighted_centroid,7.211958408355713,0.026715882122516632,0.5593805313110352,1.0,0.0
1,72,2.7222222222222223,operator_aware_J,6.144237041473389,0.031191043555736542,0.4391813278198242,1.0,0.0
1,72,2.7222222222222223,operator_aware_C_cum,4.406214237213135,0.008605876937508583,0.20498943328857422,1.0,0.0
1,72,2.7222222222222223,calibration_J_bar,5.847597599029541,0.017546001821756363,0.37435340881347656,1.0,0.0
2,72,2.7222222222222223,random_pruning,7.435369491577148,0.09706521034240723,0.734621524810791,1.0,0.0
2,72,2.7222222222222223,norm_pruning,3.4767560958862305,0.00485644768923521,0.041220664978027344,1.0,0.0
2,72,2.7222222222222223,group_mean,6.505477428436279,0.03424058109521866,0.03034496307373047,1.0,0.0
2,72,2.7222222222222223,medoid,3.901155471801758,0.022584162652492523,0.13388729095458984,1.0,0.0
2,72,2.7222222222222223,unweighted_centroid,7.33316707611084,0.04216272383928299,0.5362882614135742,1.0,0.0
2,72,2.7222222222222223,operator_aware_J,4.851785182952881,0.02340196631848812,0.33994007110595703,1.0,0.0
2,72,2.7222222222222223,operator_aware_C_cum,5.132229328155518,0.019092882052063942,0.22774791717529297,1.0,0.0
2,72,2.7222222222222223,calibration_J_bar,5.940446376800537,0.009594084694981575,0.13421058654785156,1.0,0.0
3,72,2.7222222222222223,random_pruning,6.528957366943359,0.02198508009314537,-0.015761375427246094,1.0,0.0
3,72,2.7222222222222223,norm_pruning,5.5284504890441895,0.027230339124798775,0.31093502044677734,1.0,0.0
3,72,2.7222222222222223,group_mean,3.9681544303894043,0.007245203945785761,0.13565444946289062,1.0,0.0
3,72,2.7222222222222223,medoid,3.2311956882476807,0.00661099050194025,-0.060982704162597656,1.0,0.0
3,72,2.7222222222222223,unweighted_centroid,7.332939147949219,0.008892696350812912,0.27616214752197266,1.0,0.0
3,72,2.7222222222222223,operator_aware_J,2.7815802097320557,0.007600931450724602,0.1893472671508789,1.0,0.0
3,72,2.7222222222222223,operator_aware_C_cum,2.655884027481079,0.011724283918738365,0.15332889556884766,1.0,0.0
3,72,2.7222222222222223,calibration_J_bar,3.728781223297119,0.003988238982856274,0.14676380157470703,1.0,0.0
4,72,2.7222222222222223,random_pruning,8.203472137451172,0.01866249553859234,0.1922760009765625,1.0,0.0
4,72,2.7222222222222223,norm_pruning,2.763303279876709,0.0026379330083727837,0.17653751373291016,1.0,0.0
4,72,2.7222222222222223,group_mean,9.078083992004395,0.018171168863773346,0.1858816146850586,1.0,0.0
4,72,2.7222222222222223,medoid,6.382765293121338,0.005125250667333603,0.016699790954589844,1.0,0.0
4,72,2.7222222222222223,unweighted_centroid,8.582768440246582,0.01209203153848648,0.19393444061279297,1.0,0.0
4,72,2.7222222222222223,operator_aware_J,6.258562088012695,0.0036468072794377804,0.04112529754638672,1.0,0.0
4,72,2.7222222222222223,operator_aware_C_cum,6.817821025848389,0.0037418799474835396,-0.07301044464111328,1.0,0.0
4,72,2.7222222222222223,calibration_J_bar,7.855985164642334,0.011777624487876892,0.15693187713623047,1.0,0.0
5,72,2.7222222222222223,random_pruning,6.9940972328186035,0.00508507527410984,0.08505535125732422,1.0,0.0
5,72,2.7222222222222223,norm_pruning,11.28341007232666,0.04767704755067825,0.46892738342285156,1.0,0.0
5,72,2.7222222222222223,group_mean,6.725193500518799,0.004576368257403374,-0.10559272766113281,1.0,0.0
5,72,2.7222222222222223,medoid,5.727139949798584,0.003152539487928152,-0.042903900146484375,1.0,0.0
5,72,2.7222222222222223,unweighted_centroid,10.158472061157227,0.01205865852534771,0.19326496124267578,1.0,0.0
5,72,2.7222222222222223,operator_aware_J,5.235609531402588,0.00367387430742383,-0.14070701599121094,1.0,0.0
5,72,2.7222222222222223,calibration_J_bar,6.698464870452881,0.004605676978826523,-0.11014938354492188,1.0,0.0
6,72,2.7222222222222223,random_pruning,10.657549858093262,0.03623776137828827,-0.27989959716796875,0.0,0.0
6,72,2.7222222222222223,norm_pruning,16.63608741760254,0.21079111099243164,0.35035228729248047,0.0,0.0
6,72,2.7222222222222223,group_mean,10.286739349365234,0.01850753091275692,0.8459291458129883,0.0,0.0
6,72,2.7222222222222223,medoid,6.843102931976318,0.006679814774543047,0.5584144592285156,0.0,0.0
6,72,2.7222222222222223,unweighted_centroid,10.42557144165039,0.028930723667144775,-0.15122032165527344,0.0,0.0
6,72,2.7222222222222223,operator_aware_J,8.81528091430664,0.01777596026659012,-0.16707134246826172,0.0,0.0
6,72,2.7222222222222223,calibration_J_bar,10.302806854248047,0.018554048612713814,0.8251791000366211,0.0,0.0
7,72,2.7222222222222223,random_pruning,4.7317118644714355,0.019538775086402893,0.15941715240478516,1.0,0.0
7,72,2.7222222222222223,norm_pruning,5.553256034851074,0.02494751662015915,0.11800765991210938,1.0,0.0
7,72,2.7222222222222223,group_mean,5.381502628326416,0.007014293223619461,0.20267391204833984,1.0,0.0
7,72,2.7222222222222223,medoid,4.363833904266357,0.00601072795689106,-0.2000265121459961,1.0,0.0
7,72,2.7222222222222223,unweighted_centroid,5.935672283172607,0.0192219577729702,0.14625930786132812,1.0,0.0
7,72,2.7222222222222223,operator_aware_J,4.155331134796143,0.00852673314511776,0.22726726531982422,1.0,0.0
7,72,2.7222222222222223,calibration_J_bar,5.341306686401367,0.007201900705695152,0.20647335052490234,1.0,0.0
8,72,2.7222222222222223,random_pruning,8.27523136138916,0.0281211007386446,0.0015583038330078125,1.0,0.0
8,72,2.7222222222222223,norm_pruning,7.0022292137146,0.026245534420013428,0.17941665649414062,1.0,0.0
8,72,2.7222222222222223,group_mean,6.226283073425293,0.011856675148010254,-0.1356973648071289,1.0,0.0
8,72,2.7222222222222223,medoid,4.488195896148682,0.006931052543222904,-0.09418582916259766,1.0,0.0
8,72,2.7222222222222223,unweighted_centroid,7.244714260101318,0.020129475742578506,-0.13308334350585938,1.0,0.0
8,72,2.7222222222222223,operator_aware_J,4.971311569213867,0.003096189582720399,-0.08858871459960938,1.0,0.0
8,72,2.7222222222222223,calibration_J_bar,6.2517876625061035,0.011928537860512733,-0.13599491119384766,1.0,0.0
9,72,2.7222222222222223,random_pruning,5.645031452178955,0.004760208539664745,0.22770309448242188,1.0,0.0
9,72,2.7222222222222223,norm_pruning,1.9209100008010864,0.000817060936242342,0.11030769348144531,1.0,0.0
9,72,2.7222222222222223,group_mean,3.537097930908203,0.0011745640076696873,0.08129119873046875,1.0,0.0
9,72,2.7222222222222223,medoid,2.2016584873199463,0.0003256829222664237,-0.033354759216308594,1.0,0.0
9,72,2.7222222222222223,unweighted_centroid,5.396400451660156,0.0053823404014110565,0.25371837615966797,1.0,0.0
9,72,2.7222222222222223,operator_aware_J,2.470564365386963,0.0003543917555361986,-0.02095508575439453,1.0,0.0
9,72,2.7222222222222223,calibration_J_bar,3.5286545753479004,0.0011703451164066792,0.08100318908691406,1.0,0.0
10,72,2.7222222222222223,random_pruning,8.565444946289062,0.01641635037958622,0.04444313049316406,1.0,0.0
10,72,2.7222222222222223,norm_pruning,3.982224941253662,0.0022648153826594353,0.15618515014648438,1.0,0.0
10,72,2.7222222222222223,group_mean,5.734472751617432,0.001809745910577476,0.09384441375732422,1.0,0.0
10,72,2.7222222222222223,medoid,5.742435932159424,0.003343892050907016,-0.1495218276977539,1.0,0.0
10,72,2.7222222222222223,unweighted_centroid,7.4538893699646,0.007005153223872185,0.3375072479248047,1.0,0.0
10,72,2.7222222222222223,operator_aware_J,4.943093299865723,0.0012865534517914057,0.04437446594238281,1.0,0.0
10,72,2.7222222222222223,calibration_J_bar,5.72370719909668,0.001814570277929306,0.0940408706665039,1.0,0.0
11,72,2.7222222222222223,random_pruning,6.3877482414245605,0.006610332056879997,-0.00643157958984375,1.0,0.0
11,72,2.7222222222222223,norm_pruning,2.5718698501586914,0.0025290772318840027,0.07262992858886719,1.0,0.0
11,72,2.7222222222222223,group_mean,4.898162841796875,0.005705531686544418,0.11223506927490234,1.0,0.0
11,72,2.7222222222222223,medoid,3.497382879257202,0.0025521046482026577,-0.036232948303222656,1.0,0.0
11,72,2.7222222222222223,unweighted_centroid,6.637946128845215,0.007303305901587009,0.19234561920166016,1.0,0.0
11,72,2.7222222222222223,operator_aware_J,5.360300064086914,0.011033846065402031,-0.0947561264038086,1.0,0.0
11,72,2.7222222222222223,calibration_J_bar,4.910765647888184,0.005544902756810188,0.10821151733398438,1.0,0.0
12,72,2.7222222222222223,random_pruning,7.921489238739014,0.022906167432665825,0.1472187042236328,1.0,0.0
12,72,2.7222222222222223,norm_pruning,11.99839973449707,0.14246095716953278,-0.03766059875488281,1.0,0.0
12,72,2.7222222222222223,group_mean,6.046405792236328,0.006610941141843796,0.27604198455810547,1.0,0.0
12,72,2.7222222222222223,medoid,5.271714210510254,0.0034602624364197254,0.05629539489746094,1.0,0.0
12,72,2.7222222222222223,unweighted_centroid,8.139653205871582,0.009892161004245281,0.1397228240966797,1.0,0.0
12,72,2.7222222222222223,operator_aware_J,5.948964595794678,0.008004794828593731,0.27403736114501953,1.0,0.0
12,72,2.7222222222222223,calibration_J_bar,6.037281513214111,0.006633104756474495,0.2775382995605469,1.0,0.0
13,72,2.7222222222222223,random_pruning,5.215942859649658,0.020766235888004303,0.44039392471313477,1.0,0.0
13,72,2.7222222222222223,norm_pruning,5.072560787200928,0.011308755725622177,0.18792724609375,1.0,0.0
13,72,2.7222222222222223,group_mean,6.979586124420166,0.018065642565488815,-0.12579917907714844,1.0,0.0
13,72,2.7222222222222223,medoid,6.721388339996338,0.0835348516702652,-0.6003360748291016,1.0,0.0
13,72,2.7222222222222223,unweighted_centroid,8.81677532196045,0.010736395604908466,-0.22565555572509766,1.0,0.0
13,72,2.7222222222222223,operator_aware_J,5.302096366882324,0.013661187142133713,-0.2519092559814453,1.0,0.0
13,72,2.7222222222222223,calibration_J_bar,6.964480876922607,0.019740276038646698,-0.11540412902832031,1.0,0.0
14,72,2.7222222222222223,random_pruning,5.399258136749268,0.004946350120007992,0.23528099060058594,1.0,0.0
14,72,2.7222222222222223,norm_pruning,2.657728910446167,0.0017716819420456886,0.15848255157470703,1.0,0.0
14,72,2.7222222222222223,group_mean,4.758010387420654,0.003376415930688381,0.20272350311279297,1.0,0.0
14,72,2.7222222222222223,medoid,6.176056385040283,0.004143300466239452,-0.19965648651123047,1.0,0.0
14,72,2.7222222222222223,unweighted_centroid,6.5333967208862305,0.008276958018541336,0.3321399688720703,1.0,0.0
14,72,2.7222222222222223,operator_aware_J,5.01381778717041,0.004335802048444748,0.17696857452392578,1.0,0.0
14,72,2.7222222222222223,calibration_J_bar,4.7855095863342285,0.003429456613957882,0.20369911193847656,1.0,0.0
15,72,2.7222222222222223,random_pruning,7.2454705238342285,0.006578624248504639,0.060573577880859375,1.0,0.0
15,72,2.7222222222222223,norm_pruning,3.5236928462982178,0.0015331180766224861,0.03244972229003906,1.0,0.0
15,72,2.7222222222222223,group_mean,14.281217575073242,0.04430406540632248,0.2732887268066406,1.0,0.0
15,72,2.7222222222222223,medoid,5.745337009429932,0.007217711769044399,0.06966114044189453,1.0,0.0
15,72,2.7222222222222223,unweighted_centroid,12.385440826416016,0.03787720948457718,0.29027557373046875,1.0,0.0
15,72,2.7222222222222223,operator_aware_J,9.404682159423828,0.01960388571023941,0.2481708526611328,1.0,0.0
15,72,2.7222222222222223,calibration_J_bar,14.220698356628418,0.04413872957229614,0.27426910400390625,1.0,0.0
16,72,2.7222222222222223,random_pruning,9.384383201599121,0.010811464861035347,-0.038822174072265625,1.0,0.0
16,72,2.7222222222222223,norm_pruning,3.923020601272583,0.002112717367708683,0.11629104614257812,1.0,0.0
16,72,2.7222222222222223,group_mean,5.776180267333984,0.004885869100689888,0.18490028381347656,1.0,0.0
16,72,2.7222222222222223,medoid,4.884745121002197,0.0031712595373392105,-0.12436103820800781,1.0,0.0
16,72,2.7222222222222223,unweighted_centroid,8.13088607788086,0.00658392021432519,0.1368083953857422,1.0,0.0
16,72,2.7222222222222223,operator_aware_J,4.638669967651367,0.002536310348659754,0.08741283416748047,1.0,0.0
16,72,2.7222222222222223,calibration_J_bar,5.791687965393066,0.004988763481378555,0.1878070831298828,1.0,0.0
17,72,2.7222222222222223,random_pruning,5.787909984588623,0.004897706210613251,0.06817340850830078,1.0,0.0
17,72,2.7222222222222223,norm_pruning,3.648712396621704,0.0015342384576797485,0.0640726089477539,1.0,0.0
17,72,2.7222222222222223,group_mean,4.780168533325195,0.0038166195154190063,0.18778514862060547,1.0,0.0
17,72,2.7222222222222223,medoid,3.675048351287842,0.0018088973592966795,-0.09926605224609375,1.0,0.0
17,72,2.7222222222222223,unweighted_centroid,5.927369117736816,0.008980441838502884,0.32918548583984375,1.0,0.0
17,72,2.7222222222222223,operator_aware_J,4.277693748474121,0.002266158349812031,0.12759113311767578,1.0,0.0
17,72,2.7222222222222223,calibration_J_bar,4.796530723571777,0.003894651308655739,0.19056987762451172,1.0,0.0
18,72,2.7222222222222223,random_pruning,8.297284126281738,0.04110031574964523,0.6366519927978516,1.0,0.0
18,72,2.7222222222222223,norm_pruning,12.069777488708496,0.02575419470667839,0.11130905151367188,1.0,0.0
18,72,2.7222222222222223,group_mean,6.393887042999268,0.004430757369846106,-0.098846435546875,1.0,0.0
18,72,2.7222222222222223,medoid,5.249959945678711,0.0025424924679100513,-0.12985992431640625,1.0,0.0
18,72,2.7222222222222223,unweighted_centroid,9.010122299194336,0.009486963972449303,0.08516311645507812,1.0,0.0
18,72,2.7222222222222223,operator_aware_J,4.899272918701172,0.002120162593200803,-0.039956092834472656,1.0,0.0
18,72,2.7222222222222223,calibration_J_bar,6.292132377624512,0.004191095475107431,-0.0838003158569336,1.0,0.0
19,72,2.7222222222222223,random_pruning,8.480914115905762,0.007291682995855808,0.10390758514404297,1.0,0.0
19,72,2.7222222222222223,norm_pruning,5.792965888977051,0.006916975602507591,0.1822052001953125,1.0,0.0
19,72,2.7222222222222223,group_mean,7.067091464996338,0.0037922123447060585,-0.03256416320800781,1.0,0.0
19,72,2.7222222222222223,medoid,7.635423183441162,0.006463299971073866,0.0785055160522461,1.0,0.0
19,72,2.7222222222222223,unweighted_centroid,8.298882484436035,0.008499986492097378,0.122650146484375,1.0,0.0
19,72,2.7222222222222223,operator_aware_J,7.023499488830566,0.006276020314544439,0.1243896484375,1.0,0.0
19,72,2.7222222222222223,calibration_J_bar,7.067626476287842,0.0037898817099630833,-0.029435157775878906,1.0,0.0
0,49,4.0,random_pruning,21.784034729003906,0.17377465963363647,0.6010541915893555,1.0,0.0
0,49,4.0,norm_pruning,10.371431350708008,0.06975243240594864,0.9019384384155273,1.0,0.0
0,49,4.0,group_mean,11.288670539855957,0.040417976677417755,0.4345130920410156,1.0,0.0
0,49,4.0,medoid,18.171178817749023,0.8236701488494873,1.0783138275146484,0.0,1.0
0,49,4.0,unweighted_centroid,11.440655708312988,0.12925779819488525,0.9994072914123535,1.0,0.0
0,49,4.0,operator_aware_J,12.873551368713379,0.07416284084320068,0.5224456787109375,1.0,0.0
0,49,4.0,operator_aware_C_cum,13.725241661071777,0.0627489909529686,0.3678741455078125,1.0,0.0
0,49,4.0,calibration_J_bar,12.22695255279541,0.04888861998915672,0.43319225311279297,1.0,0.0
1,49,4.0,random_pruning,11.524386405944824,0.13515883684158325,0.8795347213745117,1.0,0.0
1,49,4.0,norm_pruning,12.69317626953125,0.028015580028295517,0.06938552856445312,1.0,0.0
1,49,4.0,group_mean,7.480457782745361,0.009137877263128757,0.2654905319213867,1.0,0.0
1,49,4.0,medoid,7.015775680541992,0.019374698400497437,0.1522674560546875,1.0,0.0
1,49,4.0,unweighted_centroid,8.76802921295166,0.06314291059970856,0.9306449890136719,1.0,0.0
1,49,4.0,operator_aware_J,6.858414649963379,0.03445648401975632,0.48749351501464844,1.0,0.0
1,49,4.0,operator_aware_C_cum,5.735236644744873,0.013680145144462585,0.2555351257324219,1.0,0.0
1,49,4.0,calibration_J_bar,7.120382308959961,0.018135860562324524,0.38286781311035156,1.0,0.0
2,49,4.0,random_pruning,10.272865295410156,0.20548275113105774,1.220252513885498,0.0,1.0
2,49,4.0,norm_pruning,5.225363254547119,0.01962677761912346,0.3083047866821289,1.0,0.0
2,49,4.0,group_mean,9.022624015808105,0.031499020755290985,0.0748758316040039,1.0,0.0
2,49,4.0,medoid,6.957921504974365,0.14047738909721375,0.3940134048461914,0.0,1.0
2,49,4.0,unweighted_centroid,10.117396354675293,0.07726168632507324,0.812436580657959,1.0,0.0
2,49,4.0,operator_aware_J,7.400457382202148,0.047838740050792694,0.4184579849243164,1.0,0.0
2,49,4.0,operator_aware_C_cum,9.089643478393555,0.10853638499975204,0.5575990676879883,1.0,0.0
2,49,4.0,calibration_J_bar,8.494502067565918,0.010552166029810905,0.23611736297607422,1.0,0.0
3,49,4.0,random_pruning,8.25336742401123,0.01847269758582115,0.14740848541259766,1.0,0.0
3,49,4.0,norm_pruning,7.544564723968506,0.05413944274187088,0.45942020416259766,1.0,0.0
3,49,4.0,group_mean,5.156222343444824,0.015428867191076279,0.22933006286621094,1.0,0.0
3,49,4.0,medoid,3.136064052581787,0.0010545121040195227,0.04304218292236328,1.0,0.0
3,49,4.0,unweighted_centroid,9.776788711547852,0.02011151611804962,0.27614498138427734,1.0,0.0
3,49,4.0,operator_aware_J,3.6079556941986084,0.0056535229086875916,0.22776126861572266,1.0,0.0
3,49,4.0,operator_aware_C_cum,3.2734060287475586,0.004587031435221434,0.11420917510986328,1.0,0.0
3,49,4.0,calibration_J_bar,4.861385345458984,0.009600626304745674,0.2309732437133789,1.0,0.0
4,49,4.0,random_pruning,9.909590721130371,0.03626801073551178,0.33597469329833984,1.0,0.0
4,49,4.0,norm_pruning,4.20411491394043,0.007571155205368996,0.2709617614746094,1.0,0.0
4,49,4.0,group_mean,9.724782943725586,0.03101995773613453,0.41407108306884766,1.0,0.0
4,49,4.0,medoid,9.09366226196289,0.027289289981126785,-0.004062652587890625,1.0,0.0
4,49,4.0,unweighted_centroid,10.001479148864746,0.031928665935993195,0.6235437393188477,1.0,0.0
4,49,4.0,operator_aware_J,10.32535171508789,0.011388984508812428,0.11020088195800781,1.0,0.0
4,49,4.0,operator_aware_C_cum,14.516775131225586,0.04134073480963707,0.004729270935058594,1.0,0.0
4,49,4.0,calibration_J_bar,9.126654624938965,0.023748422041535378,0.3693971633911133,1.0,0.0
5,49,4.0,random_pruning,8.621870994567871,0.009307464584708214,0.15565872192382812,1.0,0.0
5,49,4.0,norm_pruning,13.925225257873535,0.18911778926849365,1.2065229415893555,1.0,0.0
5,49,4.0,group_mean,7.762863636016846,0.0052008070051670074,-0.03403472900390625,1.0,0.0
5,49,4.0,medoid,6.579718589782715,0.010079347528517246,-0.31690216064453125,1.0,0.0
5,49,4.0,unweighted_centroid,12.081936836242676,0.027165532112121582,0.4151897430419922,1.0,0.0
5,49,4.0,operator_aware_J,5.9999518394470215,0.003881606739014387,-0.1126699447631836,1.0,0.0
5,49,4.0,calibration_J_bar,7.713706016540527,0.005170883610844612,-0.04556751251220703,1.0,0.0
6,49,4.0,random_pruning,12.067279815673828,0.07583822309970856,-0.5750350952148438,0.0,0.0
6,49,4.0,norm_pruning,21.209314346313477,1.2703046798706055,1.5553503036499023,0.0,0.0
6,49,4.0,group_mean,13.600237846374512,0.03940857574343681,1.112785816192627,0.0,0.0
6,49,4.0,medoid,7.77673864364624,0.011537345126271248,0.8552083969116211,0.0,0.0
6,49,4.0,unweighted_centroid,13.684758186340332,0.09199710190296173,0.01683330535888672,0.0,0.0
6,49,4.0,operator_aware_J,13.722195625305176,0.08235550671815872,0.35571956634521484,0.0,0.0
6,49,4.0,calibration_J_bar,13.652828216552734,0.03988439217209816,1.058701515197754,0.0,0.0
7,49,4.0,random_pruning,6.930200576782227,0.04515387862920761,0.2247447967529297,1.0,0.0
7,49,4.0,norm_pruning,8.423702239990234,0.048877548426389694,0.3582735061645508,1.0,0.0
7,49,4.0,group_mean,9.21562385559082,0.020911037921905518,0.33802223205566406,1.0,0.0
7,49,4.0,medoid,6.014749050140381,0.0064867399632930756,-0.1550006866455078,1.0,0.0
7,49,4.0,unweighted_centroid,9.56562328338623,0.04336666315793991,0.1678609848022461,1.0,0.0
7,49,4.0,operator_aware_J,7.674901485443115,0.03723524138331413,0.4722476005554199,1.0,0.0
7,49,4.0,calibration_J_bar,9.189865112304688,0.020947426557540894,0.33783912658691406,1.0,0.0
8,49,4.0,random_pruning,10.177511215209961,0.041917119175195694,0.26242637634277344,1.0,0.0
8,49,4.0,norm_pruning,10.281636238098145,0.09066086262464523,0.40373706817626953,1.0,0.0
8,49,4.0,group_mean,6.7672905921936035,0.004981767851859331,0.0042629241943359375,1.0,0.0
8,49,4.0,medoid,5.421760082244873,0.005751658231019974,0.11404895782470703,1.0,0.0
8,49,4.0,unweighted_centroid,8.891160011291504,0.0236554816365242,-0.0877838134765625,1.0,0.0
8,49,4.0,operator_aware_J,5.2356038093566895,0.003975816071033478,0.009271621704101562,1.0,0.0
8,49,4.0,calibration_J_bar,6.766382694244385,0.004948759917169809,-0.00089263916015625,1.0,0.0
9,49,4.0,random_pruning,7.066410064697266,0.012111065909266472,0.39634132385253906,1.0,0.0
9,49,4.0,norm_pruning,2.9071643352508545,0.0021953722462058067,0.18259143829345703,1.0,0.0
9,49,4.0,group_mean,4.402072429656982,0.0012438450939953327,0.012798309326171875,1.0,0.0
9,49,4.0,medoid,4.684053897857666,0.002040914259850979,-0.13788795471191406,1.0,0.0
9,49,4.0,unweighted_centroid,7.9298882484436035,0.006027361378073692,0.17072486877441406,1.0,0.0
9,49,4.0,operator_aware_J,3.2404651641845703,0.0007318041753023863,-0.059947967529296875,1.0,0.0
9,49,4.0,calibration_J_bar,4.408545970916748,0.0012414833763614297,0.011007308959960938,1.0,0.0
10,49,4.0,random_pruning,10.0060396194458,0.013906238600611687,0.18834304809570312,1.0,0.0
10,49,4.0,norm_pruning,5.590255260467529,0.0038266684859991074,0.16927242279052734,1.0,0.0
10,49,4.0,group_mean,6.7759623527526855,0.003039340488612652,0.09220695495605469,1.0,0.0
10,49,4.0,medoid,8.408655166625977,0.008336718194186687,-0.37293052673339844,1.0,0.0
10,49,4.0,unweighted_centroid,9.260725021362305,0.019154589623212814,0.5015993118286133,1.0,0.0
10,49,4.0,operator_aware_J,5.9713616371154785,0.002598538063466549,0.04346466064453125,1.0,0.0
10,49,4.0,calibration_J_bar,6.701450347900391,0.002870372962206602,0.09648990631103516,1.0,0.0
11,49,4.0,random_pruning,8.707220077514648,0.014708740636706352,0.13640213012695312,1.0,0.0
11,49,4.0,norm_pruning,3.705336809158325,0.004860986955463886,0.06903839111328125,1.0,0.0
11,49,4.0,group_mean,7.787055015563965,0.011251281946897507,0.2348155975341797,1.0,0.0
11,49,4.0,medoid,5.257659435272217,0.0042276037856936455,-0.0371551513671875,1.0,0.0
11,49,4.0,unweighted_centroid,8.979686737060547,0.018963411450386047,0.3760213851928711,1.0,0.0
11,49,4.0,operator_aware_J,7.463684558868408,0.012260682880878448,-0.05279541015625,1.0,0.0
11,49,4.0,calibration_J_bar,7.7695698738098145,0.01115579903125763,0.22945499420166016,1.0,0.0
12,49,4.0,random_pruning,9.815690994262695,0.030298635363578796,0.3073768615722656,1.0,0.0
12,49,4.0,norm_pruning,14.549403190612793,0.20723766088485718,-0.000942230224609375,1.0,0.0
12,49,4.0,group_mean,7.158013343811035,0.011829985305666924,0.36439037322998047,1.0,0.0
12,49,4.0,medoid,7.278050422668457,0.004912915173918009,-0.12331390380859375,1.0,0.0
12,49,4.0,unweighted_centroid,9.66904067993164,0.018193896859884262,0.2759990692138672,1.0,0.0
12,49,4.0,operator_aware_J,7.852018356323242,0.023708362132310867,0.5119152069091797,1.0,0.0
12,49,4.0,calibration_J_bar,7.145305633544922,0.01165440771728754,0.3623819351196289,1.0,0.0
13,49,4.0,random_pruning,6.203866004943848,0.013600528240203857,0.00774383544921875,1.0,0.0
13,49,4.0,norm_pruning,7.411914825439453,0.02947830781340599,0.3640432357788086,1.0,0.0
13,49,4.0,group_mean,8.91342544555664,0.15079425275325775,0.2241506576538086,1.0,0.0
13,49,4.0,medoid,8.104693412780762,0.6208852529525757,0.8108320236206055,0.0,1.0
13,49,4.0,unweighted_centroid,11.678754806518555,0.029024945572018623,-0.11264228820800781,1.0,0.0
13,49,4.0,operator_aware_J,6.807433605194092,0.018226906657218933,-0.29363441467285156,1.0,0.0
13,49,4.0,calibration_J_bar,8.898902893066406,0.15202803909778595,0.22276973724365234,1.0,0.0
14,49,4.0,random_pruning,12.144140243530273,0.20700497925281525,1.062119483947754,1.0,0.0
14,49,4.0,norm_pruning,3.696220874786377,0.00264155026525259,0.18840694427490234,1.0,0.0
14,49,4.0,group_mean,8.767353057861328,0.021339159458875656,0.4777860641479492,1.0,0.0
14,49,4.0,medoid,8.742193222045898,0.008251749910414219,-0.04117584228515625,1.0,0.0
14,49,4.0,unweighted_centroid,10.205893516540527,0.050810325890779495,0.7940950393676758,1.0,0.0
14,49,4.0,operator_aware_J,7.94904899597168,0.013580342754721642,0.32565784454345703,1.0,0.0
14,49,4.0,calibration_J_bar,8.931608200073242,0.0210886113345623,0.46632862091064453,1.0,0.0
15,49,4.0,random_pruning,11.54557991027832,0.09617306292057037,0.3479881286621094,1.0,0.0
15,49,4.0,norm_pruning,4.721039295196533,0.002967124106362462,0.039089202880859375,1.0,0.0
15,49,4.0,group_mean,15.858161926269531,0.08329910039901733,0.4943203926086426,1.0,0.0
15,49,4.0,medoid,9.897375106811523,0.013191865757107735,0.11676216125488281,1.0,0.0
15,49,4.0,unweighted_centroid,14.240490913391113,0.15556809306144714,0.8446240425109863,1.0,0.0
15,49,4.0,operator_aware_J,12.235442161560059,0.0408046655356884,0.3986167907714844,1.0,0.0
15,49,4.0,calibration_J_bar,15.846979141235352,0.08398278802633286,0.495328426361084,1.0,0.0
16,49,4.0,random_pruning,10.641763687133789,0.014478979632258415,0.047713279724121094,1.0,0.0
16,49,4.0,norm_pruning,6.234663963317871,0.004285562317818403,0.10116863250732422,1.0,0.0
16,49,4.0,group_mean,7.1024932861328125,0.0057555437088012695,0.14108562469482422,1.0,0.0
16,49,4.0,medoid,7.766615390777588,0.009258107282221317,-0.27608585357666016,1.0,0.0
16,49,4.0,unweighted_centroid,10.484234809875488,0.01026018988341093,0.11416149139404297,1.0,0.0
16,49,4.0,operator_aware_J,6.193772792816162,0.003777536563575268,0.022165298461914062,1.0,0.0
16,49,4.0,calibration_J_bar,7.105241298675537,0.005754947662353516,0.13959980010986328,1.0,0.0
17,49,4.0,random_pruning,7.17791223526001,0.010813183151185513,0.2242279052734375,1.0,0.0
17,49,4.0,norm_pruning,4.568655014038086,0.002653065137565136,0.08803844451904297,1.0,0.0
17,49,4.0,group_mean,5.501819133758545,0.00549478642642498,0.23743152618408203,1.0,0.0
17,49,4.0,medoid,8.215399742126465,0.00720784068107605,0.0726461410522461,1.0,0.0
17,49,4.0,unweighted_centroid,7.810420513153076,0.025450080633163452,0.5442285537719727,1.0,0.0
17,49,4.0,operator_aware_J,4.9050822257995605,0.0034493496641516685,0.1708841323852539,1.0,0.0
17,49,4.0,calibration_J_bar,5.494698524475098,0.005545513704419136,0.23944568634033203,1.0,0.0
18,49,4.0,random_pruning,11.659890174865723,0.02399824559688568,0.15589237213134766,1.0,0.0
18,49,4.0,norm_pruning,18.12440299987793,0.25552380084991455,1.2480707168579102,1.0,0.0
18,49,4.0,group_mean,7.667051792144775,0.006234784610569477,0.08859729766845703,1.0,0.0
18,49,4.0,medoid,6.8323073387146,0.0040801954455673695,-0.008039474487304688,1.0,0.0
18,49,4.0,unweighted_centroid,11.260628700256348,0.01724236086010933,0.21169185638427734,1.0,0.0
18,49,4.0,operator_aware_J,6.560248374938965,0.0036833910271525383,0.01781463623046875,1.0,0.0
18,49,4.0,calibration_J_bar,7.5962371826171875,0.006128333974629641,0.09316444396972656,1.0,0.0
19,49,4.0,random_pruning,10.545276641845703,0.011568253859877586,0.09700393676757812,1.0,0.0
19,49,4.0,norm_pruning,6.857090473175049,0.01140597090125084,0.2657499313354492,1.0,0.0
19,49,4.0,group_mean,8.673283576965332,0.007427198812365532,-0.014782905578613281,1.0,0.0
19,49,4.0,medoid,11.17820930480957,0.027848832309246063,-0.0962839126586914,1.0,0.0
19,49,4.0,unweighted_centroid,11.778239250183105,0.031466200947761536,0.12218189239501953,1.0,0.0
19,49,4.0,operator_aware_J,8.548334121704102,0.008862854912877083,0.038451194763183594,1.0,0.0
19,49,4.0,calibration_J_bar,8.641611099243164,0.007195497862994671,-0.018695831298828125,1.0,0.0
0,32,6.125,random_pruning,22.163732528686523,0.9601035714149475,2.954045295715332,1.0,0.0
0,32,6.125,norm_pruning,13.35998821258545,0.6908003687858582,2.7749710083007812,1.0,0.0
0,32,6.125,group_mean,13.919303894042969,0.07166840881109238,0.5436391830444336,1.0,0.0
0,32,6.125,medoid,13.246116638183594,0.21217525005340576,0.8393154144287109,1.0,0.0
0,32,6.125,unweighted_centroid,12.185128211975098,0.1109880656003952,1.1454987525939941,1.0,0.0
0,32,6.125,operator_aware_J,15.745155334472656,0.1677011102437973,0.8035802841186523,1.0,0.0
0,32,6.125,operator_aware_C_cum,17.478729248046875,0.4099678695201874,1.1179323196411133,1.0,0.0
0,32,6.125,calibration_J_bar,14.820320129394531,0.08977390825748444,0.6231880187988281,1.0,0.0
1,32,6.125,random_pruning,12.553500175476074,0.3467918634414673,1.6358113288879395,1.0,0.0
1,32,6.125,norm_pruning,13.972455024719238,0.036827683448791504,0.38407039642333984,1.0,0.0
1,32,6.125,group_mean,8.214509963989258,0.016326501965522766,0.3813056945800781,1.0,0.0
1,32,6.125,medoid,9.603452682495117,0.05649338290095329,0.3877735137939453,1.0,0.0
1,32,6.125,unweighted_centroid,9.824152946472168,0.2046698033809662,1.567530632019043,1.0,0.0
1,32,6.125,operator_aware_J,9.641189575195312,0.08687709271907806,0.7223072052001953,1.0,0.0
1,32,6.125,operator_aware_C_cum,7.692437648773193,0.03344544768333435,0.3999967575073242,1.0,0.0
1,32,6.125,calibration_J_bar,8.567061424255371,0.03833799436688423,0.5287132263183594,1.0,0.0
2,32,6.125,random_pruning,11.711830139160156,0.3404507637023926,1.7851791381835938,0.0,1.0
2,32,6.125,norm_pruning,8.733678817749023,0.1758476048707962,1.1963763236999512,0.0,1.0
2,32,6.125,group_mean,9.606912612915039,0.024914590641856194,0.34206390380859375,1.0,0.0
2,32,6.125,medoid,11.849424362182617,0.6907888054847717,1.2445068359375,0.0,1.0
2,32,6.125,unweighted_centroid,11.976722717285156,0.2777754068374634,1.4715547561645508,0.0,1.0
2,32,6.125,operator_aware_J,7.285887241363525,0.03338266909122467,0.4037799835205078,1.0,0.0
2,32,6.125,operator_aware_C_cum,7.6334123611450195,0.02893730439245701,0.26276206970214844,1.0,0.0
2,32,6.125,calibration_J_bar,9.254953384399414,0.027532316744327545,0.4362659454345703,1.0,0.0
3,32,6.125,random_pruning,12.631627082824707,0.03179773688316345,0.5194978713989258,1.0,0.0
3,32,6.125,norm_pruning,11.570169448852539,0.05679912865161896,0.6584300994873047,1.0,0.0
3,32,6.125,group_mean,7.631778240203857,0.04157819598913193,0.32425689697265625,1.0,0.0
3,32,6.125,medoid,4.577620506286621,0.005842977203428745,-0.01863574981689453,1.0,0.0
3,32,6.125,unweighted_centroid,11.278094291687012,0.024603039026260376,0.42352771759033203,1.0,0.0
3,32,6.125,operator_aware_J,5.564436435699463,0.027861300855875015,0.37198638916015625,1.0,0.0
3,32,6.125,operator_aware_C_cum,5.2551188468933105,0.05711066350340843,0.34805965423583984,1.0,0.0
3,32,6.125,calibration_J_bar,7.201902389526367,0.027167435735464096,0.32062625885009766,1.0,0.0
4,32,6.125,random_pruning,12.164587020874023,0.1151968389749527,0.6422109603881836,1.0,0.0
4,32,6.125,norm_pruning,6.2747602462768555,0.016453459858894348,0.3374624252319336,1.0,0.0
4,32,6.125,group_mean,12.50019359588623,0.04416248947381973,0.2803821563720703,1.0,0.0
4,32,6.125,medoid,11.246646881103516,0.016011016443371773,-0.028421401977539062,1.0,0.0
4,32,6.125,unweighted_centroid,12.949252128601074,0.05652669072151184,0.7879400253295898,1.0,0.0
4,32,6.125,operator_aware_J,14.400228500366211,0.02746865525841713,0.2089080810546875,1.0,0.0
4,32,6.125,operator_aware_C_cum,18.690309524536133,0.14036548137664795,0.3702068328857422,1.0,0.0
4,32,6.125,calibration_J_bar,12.111743927001953,0.0374755859375,0.3169260025024414,1.0,0.0
5,32,6.125,random_pruning,11.67167854309082,0.017781678587198257,0.1589374542236328,1.0,0.0
5,32,6.125,norm_pruning,17.008054733276367,2.964266061782837,5.695297002792358,1.0,0.0
5,32,6.125,group_mean,7.981725215911865,0.005503375548869371,0.0007257461547851562,1.0,0.0
5,32,6.125,medoid,7.745187759399414,0.018019866198301315,-0.45966053009033203,1.0,0.0
5,32,6.125,unweighted_centroid,13.655070304870605,0.07347407937049866,0.792168140411377,1.0,0.0
5,32,6.125,operator_aware_J,6.239743232727051,0.0046199047937989235,-0.13784027099609375,1.0,0.0
5,32,6.125,calibration_J_bar,7.965020656585693,0.005451804492622614,-0.011701583862304688,1.0,0.0
6,32,6.125,random_pruning,13.97643756866455,0.17369690537452698,-0.5738258361816406,0.0,0.0
6,32,6.125,norm_pruning,22.127899169921875,3.672826051712036,3.999175548553467,0.0,1.0
6,32,6.125,group_mean,14.430733680725098,0.05193741247057915,1.130950927734375,0.0,0.0
6,32,6.125,medoid,10.696734428405762,0.015542741864919662,0.4715452194213867,0.0,0.0
6,32,6.125,unweighted_centroid,15.319753646850586,0.3279893398284912,-0.4100980758666992,0.0,0.0
6,32,6.125,operator_aware_J,15.745601654052734,0.4508437514305115,1.137204647064209,0.0,0.0
6,32,6.125,calibration_J_bar,14.537202835083008,0.05205351859331131,1.0767393112182617,0.0,0.0
7,32,6.125,random_pruning,9.246603965759277,0.12651409208774567,0.7126016616821289,1.0,0.0
7,32,6.125,norm_pruning,12.316341400146484,0.38366514444351196,1.8190813064575195,1.0,0.0
7,32,6.125,group_mean,9.801273345947266,0.017338208854198456,0.2629528045654297,1.0,0.0
7,32,6.125,medoid,5.944356918334961,0.009335232898592949,-0.012181282043457031,1.0,0.0
7,32,6.125,unweighted_centroid,10.434348106384277,0.05823124200105667,0.2999448776245117,1.0,0.0
7,32,6.125,operator_aware_J,7.661440372467041,0.02145388163626194,0.36736583709716797,1.0,0.0
7,32,6.125,calibration_J_bar,9.846628189086914,0.017660003155469894,0.26491260528564453,1.0,0.0
8,32,6.125,random_pruning,12.595819473266602,0.15004414319992065,1.0471348762512207,1.0,0.0
8,32,6.125,norm_pruning,20.31145668029785,0.6571989059448242,1.605177879333496,0.0,1.0
8,32,6.125,group_mean,9.810352325439453,0.02251802757382393,0.25217628479003906,1.0,0.0
8,32,6.125,medoid,8.852121353149414,0.010659661144018173,-0.049083709716796875,1.0,0.0
8,32,6.125,unweighted_centroid,10.333330154418945,0.04856979846954346,0.19986534118652344,1.0,0.0
8,32,6.125,operator_aware_J,8.742727279663086,0.02508613094687462,0.2547416687011719,1.0,0.0
8,32,6.125,calibration_J_bar,9.666343688964844,0.021325720474123955,0.2364044189453125,1.0,0.0
9,32,6.125,random_pruning,9.121088027954102,0.051123782992362976,0.8498001098632812,1.0,0.0
9,32,6.125,norm_pruning,4.639678955078125,0.003249945119023323,0.18853282928466797,1.0,0.0
9,32,6.125,group_mean,7.490157604217529,0.005153691861778498,-0.223876953125,1.0,0.0
9,32,6.125,medoid,6.283773422241211,0.0043799253180623055,-0.24045181274414062,1.0,0.0
9,32,6.125,unweighted_centroid,10.785905838012695,0.009299581870436668,0.10814571380615234,1.0,0.0
9,32,6.125,operator_aware_J,5.949631214141846,0.0020422539673745632,0.01012420654296875,1.0,0.0
9,32,6.125,calibration_J_bar,7.46121883392334,0.005123000591993332,-0.22337722778320312,1.0,0.0
10,32,6.125,random_pruning,12.479018211364746,0.04884279519319534,0.6982297897338867,1.0,0.0
10,32,6.125,norm_pruning,7.509006023406982,0.007312484085559845,0.2504463195800781,1.0,0.0
10,32,6.125,group_mean,8.1156587600708,0.006158674135804176,0.21278762817382812,1.0,0.0
10,32,6.125,medoid,8.643331527709961,0.0043471804820001125,0.025625228881835938,1.0,0.0
10,32,6.125,unweighted_centroid,11.493219375610352,0.06306304782629013,0.9037904739379883,1.0,0.0
10,32,6.125,operator_aware_J,7.902637004852295,0.00947644654661417,0.24199485778808594,1.0,0.0
10,32,6.125,calibration_J_bar,7.991186141967773,0.005872618407011032,0.21468734741210938,1.0,0.0
11,32,6.125,random_pruning,10.006040573120117,0.024638283997774124,0.2495899200439453,1.0,0.0
11,32,6.125,norm_pruning,5.2260589599609375,0.008436495438218117,0.08561515808105469,1.0,0.0
11,32,6.125,group_mean,9.684276580810547,0.04049896448850632,0.3960275650024414,1.0,0.0
11,32,6.125,medoid,8.228357315063477,0.008128069341182709,0.10822296142578125,1.0,0.0
11,32,6.125,unweighted_centroid,10.02181339263916,0.04575702175498009,0.6718134880065918,1.0,0.0
11,32,6.125,operator_aware_J,10.31744384765625,0.017937203869223595,0.1431283950805664,1.0,0.0
11,32,6.125,calibration_J_bar,9.638501167297363,0.037943966686725616,0.3856039047241211,1.0,0.0
12,32,6.125,random_pruning,18.70301628112793,1.9128066301345825,3.1929469108581543,0.0,1.0
12,32,6.125,norm_pruning,16.414169311523438,0.2842573821544647,0.2243976593017578,1.0,0.0
12,32,6.125,group_mean,10.030069351196289,0.015665410086512566,0.32987022399902344,1.0,0.0
12,32,6.125,medoid,10.243762016296387,0.010672898963093758,-0.18421363830566406,1.0,0.0
12,32,6.125,unweighted_centroid,12.044156074523926,0.03679344803094864,0.4714689254760742,1.0,0.0
12,32,6.125,operator_aware_J,14.164874076843262,0.048869919031858444,0.5397529602050781,1.0,0.0
12,32,6.125,calibration_J_bar,9.944822311401367,0.015437833033502102,0.329193115234375,1.0,0.0
13,32,6.125,random_pruning,8.16697883605957,0.04353635758161545,0.49381113052368164,1.0,0.0
13,32,6.125,norm_pruning,9.862028121948242,0.027851538732647896,0.3347444534301758,1.0,0.0
13,32,6.125,group_mean,10.229769706726074,0.014431323856115341,-0.25237274169921875,1.0,0.0
13,32,6.125,medoid,11.262219429016113,0.1426369696855545,0.08396148681640625,1.0,0.0
13,32,6.125,unweighted_centroid,14.003009796142578,0.04370569810271263,-0.11844062805175781,1.0,0.0
13,32,6.125,operator_aware_J,7.8242034912109375,0.029025137424468994,-0.3592967987060547,1.0,0.0
13,32,6.125,calibration_J_bar,10.178345680236816,0.014130473136901855,-0.25374889373779297,1.0,0.0
14,32,6.125,random_pruning,13.14061450958252,0.5329455733299255,1.961747646331787,1.0,0.0
14,32,6.125,norm_pruning,4.5683274269104,0.0036539165303111076,0.21852970123291016,1.0,0.0
14,32,6.125,group_mean,11.236882209777832,0.01887657307088375,0.3346395492553711,1.0,0.0
14,32,6.125,medoid,12.327004432678223,0.01117552351206541,0.047944068908691406,1.0,0.0
14,32,6.125,unweighted_centroid,13.00856876373291,0.10978243499994278,1.1300077438354492,1.0,0.0
14,32,6.125,operator_aware_J,10.50574779510498,0.048269398510456085,0.6316452026367188,1.0,0.0
14,32,6.125,calibration_J_bar,11.392751693725586,0.018413398414850235,0.3124876022338867,1.0,0.0
15,32,6.125,random_pruning,22.200590133666992,1.443575382232666,2.5748753547668457,0.0,1.0
15,32,6.125,norm_pruning,7.659957408905029,0.020366180688142776,0.21820831298828125,1.0,0.0
15,32,6.125,group_mean,26.969144821166992,0.40813735127449036,1.0036730766296387,1.0,0.0
15,32,6.125,medoid,34.923675537109375,4.292107105255127,6.214191436767578,0.0,1.0
15,32,6.125,unweighted_centroid,21.226701736450195,1.2897557020187378,3.1492199897766113,1.0,0.0
15,32,6.125,operator_aware_J,20.63438606262207,0.15861597657203674,0.5146918296813965,1.0,0.0
15,32,6.125,calibration_J_bar,27.005847930908203,0.4203425347805023,1.027906894683838,1.0,0.0
16,32,6.125,random_pruning,13.142780303955078,0.024293949827551842,0.10057735443115234,1.0,0.0
16,32,6.125,norm_pruning,10.32521915435791,0.013964008539915085,0.0852651596069336,1.0,0.0
16,32,6.125,group_mean,9.777559280395508,0.011172809638082981,0.15233898162841797,1.0,0.0
16,32,6.125,medoid,8.063692092895508,0.006639705039560795,-0.12420368194580078,1.0,0.0
16,32,6.125,unweighted_centroid,12.471336364746094,0.01539757288992405,0.12787532806396484,1.0,0.0
16,32,6.125,operator_aware_J,7.747218132019043,0.005832873284816742,-0.014521598815917969,1.0,0.0
16,32,6.125,calibration_J_bar,9.911372184753418,0.011827039532363415,0.15854835510253906,1.0,0.0
17,32,6.125,random_pruning,8.910245895385742,0.020142389461398125,0.31809329986572266,1.0,0.0
17,32,6.125,norm_pruning,6.1962666511535645,0.006694158539175987,0.19655895233154297,1.0,0.0
17,32,6.125,group_mean,5.978221416473389,0.004593369551002979,0.16909503936767578,1.0,0.0
17,32,6.125,medoid,8.071430206298828,0.005135436076670885,-0.14732646942138672,1.0,0.0
17,32,6.125,unweighted_centroid,9.45178508758545,0.05399051681160927,0.7780771255493164,1.0,0.0
17,32,6.125,operator_aware_J,4.925384044647217,0.002469486091285944,0.0847330093383789,1.0,0.0
17,32,6.125,calibration_J_bar,5.893267631530762,0.004475119523704052,0.16943073272705078,1.0,0.0
18,32,6.125,random_pruning,20.603675842285156,0.4872244596481323,1.5427207946777344,1.0,0.0
18,32,6.125,norm_pruning,22.45249366760254,5.060328483581543,8.251595079898834,0.0,1.0
18,32,6.125,group_mean,12.895249366760254,0.12400892376899719,0.6341152191162109,1.0,0.0
18,32,6.125,medoid,9.832717895507812,0.01317424327135086,-0.02273082733154297,1.0,0.0
18,32,6.125,unweighted_centroid,16.11939239501953,0.28660300374031067,1.3987317085266113,1.0,0.0
18,32,6.125,operator_aware_J,10.45313835144043,0.020762894302606583,0.1779642105102539,1.0,0.0
18,32,6.125,calibration_J_bar,12.917433738708496,0.13338759541511536,0.6703701019287109,1.0,0.0
19,32,6.125,random_pruning,15.556963920593262,0.05265585333108902,0.575016975402832,1.0,0.0
19,32,6.125,norm_pruning,10.582854270935059,0.04291223734617233,0.5998344421386719,1.0,0.0
19,32,6.125,group_mean,8.384289741516113,0.007431600708514452,-0.1599130630493164,1.0,0.0
19,32,6.125,medoid,7.946628093719482,0.005144895985722542,-0.03194427490234375,1.0,0.0
19,32,6.125,unweighted_centroid,13.309012413024902,0.050261348485946655,0.22957611083984375,1.0,0.0
19,32,6.125,operator_aware_J,8.991952896118164,0.010687232948839664,-0.0024175643920898438,1.0,0.0
19,32,6.125,calibration_J_bar,8.380163192749023,0.007324219681322575,-0.1633462905883789,1.0,0.0
