image_idx,budget_B,method,operator_residual,logit_l2,top1_acc
0,147,group_mean,2.836779832839966,2.452580213546753,1.0
0,147,medoid,4.0990471839904785,3.567725896835327,1.0
0,147,operator_aware_J,2.0658655166625977,2.0816333293914795,1.0
0,147,operator_aware_C_cum,0.5954513549804688,2.595486879348755,1.0
0,147,calibration_J_bar,2.4481582641601562,2.1750078201293945,1.0
1,147,group_mean,2.9738597869873047,2.520691156387329,1.0
1,147,medoid,3.4464244842529297,1.9692884683609009,1.0
1,147,operator_aware_J,1.839807391166687,2.0112154483795166,1.0
1,147,operator_aware_C_cum,0.9263372421264648,1.9201939105987549,1.0
1,147,calibration_J_bar,2.4899497032165527,1.823691487312317,1.0
2,147,group_mean,2.3919599056243896,2.3621292114257812,1.0
2,147,medoid,3.402189016342163,1.9694654941558838,1.0
2,147,operator_aware_J,1.7649078369140625,1.74555242061615,1.0
2,147,operator_aware_C_cum,0.8354874849319458,1.6754530668258667,1.0
2,147,calibration_J_bar,2.2467703819274902,2.2071762084960938,1.0
3,147,group_mean,1.6851959228515625,1.2588824033737183,1.0
3,147,medoid,2.651625633239746,1.894667387008667,1.0
3,147,operator_aware_J,1.2196942567825317,0.8218899965286255,1.0
3,147,operator_aware_C_cum,0.7375434637069702,0.7565450668334961,1.0
3,147,calibration_J_bar,1.6169079542160034,1.172957181930542,1.0
4,147,group_mean,3.27774715423584,3.099149703979492,1.0
4,147,medoid,3.912710666656494,5.384962558746338,1.0
4,147,operator_aware_J,2.341862916946411,2.4136343002319336,1.0
4,147,operator_aware_C_cum,0.8582586646080017,2.5557596683502197,1.0
4,147,calibration_J_bar,2.987807035446167,2.7804081439971924,1.0
5,147,group_mean,2.0160560607910156,1.7275100946426392,1.0
5,147,medoid,3.350862741470337,3.5381126403808594,1.0
5,147,operator_aware_J,1.4613230228424072,0.9889037013053894,1.0
5,147,calibration_J_bar,2.0156562328338623,1.7296693325042725,1.0
6,147,group_mean,5.587274551391602,4.403170108795166,0.0
6,147,medoid,4.386259078979492,6.688891410827637,0.0
6,147,operator_aware_J,2.826608180999756,2.792738914489746,0.0
6,147,calibration_J_bar,5.59340763092041,4.402400970458984,0.0
7,147,group_mean,2.2166783809661865,2.037480115890503,1.0
7,147,medoid,3.0055954456329346,1.8243308067321777,1.0
7,147,operator_aware_J,1.556239128112793,1.4101767539978027,1.0
7,147,calibration_J_bar,2.216128349304199,2.0343494415283203,1.0
8,147,group_mean,2.8241994380950928,2.0562567710876465,1.0
8,147,medoid,3.376291036605835,3.142252206802368,1.0
8,147,operator_aware_J,1.9492133855819702,1.4827908277511597,1.0
8,147,calibration_J_bar,2.8394038677215576,2.0708649158477783,1.0
9,147,group_mean,1.378202199935913,1.126126766204834,1.0
9,147,medoid,1.378682017326355,0.8160483241081238,1.0
9,147,operator_aware_J,1.0465317964553833,0.9576093554496765,1.0
9,147,calibration_J_bar,1.3783437013626099,1.1264437437057495,1.0
10,147,group_mean,2.030731439590454,1.7004109621047974,1.0
10,147,medoid,1.6380884647369385,1.6095495223999023,1.0
10,147,operator_aware_J,1.5730985403060913,1.2875779867172241,1.0
10,147,calibration_J_bar,2.012665271759033,1.6851576566696167,1.0
11,147,group_mean,2.2973268032073975,1.8621587753295898,1.0
11,147,medoid,3.966783285140991,2.1244020462036133,1.0
11,147,operator_aware_J,1.4767837524414062,2.015564441680908,1.0
11,147,calibration_J_bar,2.289935827255249,1.8621816635131836,1.0
12,147,group_mean,3.6304831504821777,2.9569239616394043,1.0
12,147,medoid,4.536428928375244,3.335691452026367,1.0
12,147,operator_aware_J,2.271899461746216,1.8541185855865479,1.0
12,147,calibration_J_bar,3.6430740356445312,2.975687026977539,1.0
13,147,group_mean,2.2206385135650635,1.9760513305664062,1.0
13,147,medoid,3.3564491271972656,2.0914864540100098,1.0
13,147,operator_aware_J,1.6019666194915771,1.6794153451919556,1.0
13,147,calibration_J_bar,2.2174413204193115,1.97361159324646,1.0
14,147,group_mean,3.3288636207580566,3.3070268630981445,1.0
14,147,medoid,3.238105058670044,3.4292409420013428,1.0
14,147,operator_aware_J,2.339299440383911,2.6428074836730957,1.0
14,147,calibration_J_bar,3.3388941287994385,3.321845531463623,1.0
15,147,group_mean,4.110654354095459,5.284505367279053,1.0
15,147,medoid,7.472431659698486,5.902523517608643,1.0
15,147,operator_aware_J,2.7744719982147217,3.153485059738159,1.0
15,147,calibration_J_bar,4.1078057289123535,5.278385162353516,1.0
16,147,group_mean,2.8196136951446533,3.2014026641845703,1.0
16,147,medoid,4.248250484466553,3.5832271575927734,1.0
16,147,operator_aware_J,1.9784201383590698,2.516174077987671,1.0
16,147,calibration_J_bar,2.8227953910827637,3.2012200355529785,1.0
17,147,group_mean,2.1438450813293457,2.1440277099609375,1.0
17,147,medoid,2.6651418209075928,1.5319111347198486,1.0
17,147,operator_aware_J,1.6234396696090698,1.588266134262085,1.0
17,147,calibration_J_bar,2.1456663608551025,2.1499879360198975,1.0
18,147,group_mean,4.194203853607178,4.2929205894470215,1.0
18,147,medoid,4.4384660720825195,2.774980068206787,1.0
18,147,operator_aware_J,2.8981821537017822,2.68520450592041,1.0
18,147,calibration_J_bar,4.16241455078125,4.262143611907959,1.0
19,147,group_mean,2.6876344680786133,3.1681296825408936,1.0
19,147,medoid,4.524088382720947,4.603189945220947,1.0
19,147,operator_aware_J,1.7146648168563843,2.1093742847442627,1.0
19,147,calibration_J_bar,2.7072174549102783,3.1941378116607666,1.0
0,98,group_mean,5.192691326141357,5.567934989929199,1.0
0,98,medoid,6.762540340423584,6.546971797943115,1.0
0,98,operator_aware_J,3.936053514480591,4.845245361328125,1.0
0,98,operator_aware_C_cum,1.0268012285232544,4.823111057281494,1.0
0,98,calibration_J_bar,4.607732772827148,5.234769821166992,1.0
1,98,group_mean,6.340545177459717,5.102281093597412,1.0
1,98,medoid,6.622162342071533,3.0695159435272217,1.0
1,98,operator_aware_J,2.8990297317504883,4.548233509063721,1.0
1,98,operator_aware_C_cum,1.377537727355957,4.068366527557373,1.0
1,98,calibration_J_bar,4.598486423492432,3.0031185150146484,1.0
2,98,group_mean,5.160225868225098,4.829722881317139,1.0
2,98,medoid,6.395262241363525,3.190464496612549,1.0
2,98,operator_aware_J,3.2213282585144043,3.3864190578460693,1.0
2,98,operator_aware_C_cum,1.43291175365448,3.537195920944214,1.0
2,98,calibration_J_bar,4.486474990844727,4.201776504516602,1.0
3,98,group_mean,4.293667316436768,3.4429359436035156,1.0
3,98,medoid,6.148276329040527,3.177363157272339,1.0
3,98,operator_aware_J,2.6431479454040527,2.131006956100464,1.0
3,98,operator_aware_C_cum,1.278082251548767,2.181366443634033,1.0
3,98,calibration_J_bar,4.002407550811768,3.1351776123046875,1.0
4,98,group_mean,5.431303024291992,5.292186260223389,1.0
4,98,medoid,6.517615795135498,6.34368371963501,1.0
4,98,operator_aware_J,3.824450969696045,4.1101179122924805,1.0
4,98,operator_aware_C_cum,1.4328303337097168,4.7071685791015625,1.0
4,98,calibration_J_bar,5.003969669342041,4.869949817657471,1.0
5,98,group_mean,4.221056938171387,4.326892375946045,1.0
5,98,medoid,4.958942413330078,4.059164047241211,1.0
5,98,operator_aware_J,3.097398281097412,2.9071974754333496,1.0
5,98,calibration_J_bar,4.2112812995910645,4.318867206573486,1.0
6,98,group_mean,10.1842041015625,7.3646464347839355,0.0
6,98,medoid,9.551995277404785,5.571539402008057,0.0
6,98,operator_aware_J,5.144845485687256,7.096669673919678,0.0
6,98,calibration_J_bar,10.149463653564453,7.316598415374756,0.0
7,98,group_mean,3.7990171909332275,4.155364513397217,1.0
7,98,medoid,4.469684600830078,3.9316391944885254,1.0
7,98,operator_aware_J,2.5393402576446533,3.0700764656066895,1.0
7,98,calibration_J_bar,3.8104496002197266,4.175830841064453,1.0
8,98,group_mean,4.681643962860107,4.456727981567383,1.0
8,98,medoid,5.573551177978516,3.9955787658691406,1.0
8,98,operator_aware_J,3.060560703277588,3.113278388977051,1.0
8,98,calibration_J_bar,4.683053493499756,4.434204578399658,1.0
9,98,group_mean,3.286262273788452,3.346717119216919,1.0
9,98,medoid,3.5556814670562744,1.611052393913269,1.0
9,98,operator_aware_J,2.1683003902435303,2.5729269981384277,1.0
9,98,calibration_J_bar,3.282838821411133,3.342538833618164,1.0
10,98,group_mean,3.2920901775360107,3.1115119457244873,1.0
10,98,medoid,3.165811777114868,2.8693573474884033,1.0
10,98,operator_aware_J,2.4999215602874756,2.45526385307312,1.0
10,98,calibration_J_bar,3.268612861633301,3.1031992435455322,1.0
11,98,group_mean,4.629621982574463,3.4630799293518066,1.0
11,98,medoid,5.24990701675415,2.9967377185821533,1.0
11,98,operator_aware_J,2.747422218322754,3.8338124752044678,1.0
11,98,calibration_J_bar,4.621212005615234,3.4556517601013184,1.0
12,98,group_mean,5.522299766540527,4.436290740966797,1.0
12,98,medoid,6.547219276428223,3.0229580402374268,1.0
12,98,operator_aware_J,3.5089035034179688,3.7272236347198486,1.0
12,98,calibration_J_bar,5.500504493713379,4.432814598083496,1.0
13,98,group_mean,3.8681399822235107,5.426924705505371,1.0
13,98,medoid,4.475797653198242,3.9935858249664307,0.0
13,98,operator_aware_J,2.941389322280884,4.543559551239014,1.0
13,98,calibration_J_bar,3.868037223815918,5.43328332901001,1.0
14,98,group_mean,5.260743141174316,5.679871082305908,1.0
14,98,medoid,6.671358108520508,5.653805732727051,1.0
14,98,operator_aware_J,3.644005060195923,5.911365509033203,1.0
14,98,calibration_J_bar,5.2648396492004395,5.677351474761963,1.0
15,98,group_mean,4.564579963684082,7.157656669616699,1.0
15,98,medoid,7.987862586975098,9.5259428024292,1.0
15,98,operator_aware_J,3.378366708755493,4.837263107299805,1.0
15,98,calibration_J_bar,4.541193962097168,7.049691200256348,1.0
16,98,group_mean,3.9505503177642822,5.099298000335693,1.0
16,98,medoid,4.836691379547119,4.848984241485596,1.0
16,98,operator_aware_J,2.8292226791381836,4.066588878631592,1.0
16,98,calibration_J_bar,3.959571599960327,5.091582775115967,1.0
17,98,group_mean,3.234393358230591,3.0146877765655518,1.0
17,98,medoid,4.029943466186523,3.483412027359009,1.0
17,98,operator_aware_J,2.608358860015869,2.6611111164093018,1.0
17,98,calibration_J_bar,3.245931625366211,3.027689218521118,1.0
18,98,group_mean,5.734440326690674,5.694798469543457,1.0
18,98,medoid,6.1559224128723145,3.1647047996520996,1.0
18,98,operator_aware_J,4.021515846252441,3.666731357574463,1.0
18,98,calibration_J_bar,5.6903204917907715,5.638776779174805,1.0
19,98,group_mean,4.5598297119140625,5.196346282958984,1.0
19,98,medoid,5.85777473449707,4.786674499511719,1.0
19,98,operator_aware_J,3.2051849365234375,4.739655494689941,1.0
19,98,calibration_J_bar,4.582305431365967,5.211920738220215,1.0
0,72,group_mean,6.741260528564453,10.375693321228027,1.0
0,72,medoid,8.636223793029785,8.643778800964355,1.0
0,72,operator_aware_J,5.053517818450928,9.411213874816895,1.0
0,72,operator_aware_C_cum,1.2744179964065552,9.360498428344727,1.0
0,72,calibration_J_bar,6.018226146697998,9.823452949523926,1.0
1,72,group_mean,6.121501922607422,5.813286781311035,1.0
1,72,medoid,7.864247798919678,4.354337215423584,1.0
1,72,operator_aware_J,4.032985210418701,6.144237041473389,1.0
1,72,operator_aware_C_cum,1.9047023057937622,4.406214237213135,1.0
1,72,calibration_J_bar,5.323757648468018,5.847597599029541,1.0
2,72,group_mean,5.9558491706848145,6.505477428436279,1.0
2,72,medoid,5.372918128967285,3.901155471801758,1.0
2,72,operator_aware_J,3.878169059753418,4.851785182952881,1.0
2,72,operator_aware_C_cum,1.6777822971343994,5.132229328155518,1.0
2,72,calibration_J_bar,5.2661004066467285,5.940446376800537,1.0
3,72,group_mean,4.5587897300720215,3.9681544303894043,1.0
3,72,medoid,5.001014232635498,3.2311956882476807,1.0
3,72,operator_aware_J,3.0544850826263428,2.7815802097320557,1.0
3,72,operator_aware_C_cum,1.4991365671157837,2.655884027481079,1.0
3,72,calibration_J_bar,4.320629119873047,3.728781223297119,1.0
4,72,group_mean,7.233948230743408,9.078083992004395,1.0
4,72,medoid,6.035313129425049,6.382765293121338,1.0
4,72,operator_aware_J,4.466075897216797,6.258562088012695,1.0
4,72,operator_aware_C_cum,1.653678297996521,6.817821025848389,1.0
4,72,calibration_J_bar,6.254045486450195,7.855985164642334,1.0
5,72,group_mean,5.877315998077393,6.725193500518799,1.0
5,72,medoid,6.427051067352295,5.727139949798584,1.0
5,72,operator_aware_J,4.27288818359375,5.235609531402588,1.0
5,72,calibration_J_bar,5.88372278213501,6.698464870452881,1.0
6,72,group_mean,13.752610206604004,10.286739349365234,0.0
6,72,medoid,14.316864013671875,6.843102931976318,0.0
6,72,operator_aware_J,6.772139549255371,8.81528091430664,0.0
6,72,calibration_J_bar,13.74448013305664,10.302806854248047,0.0
7,72,group_mean,4.40509557723999,5.381502628326416,1.0
7,72,medoid,5.1873884201049805,4.363833904266357,1.0
7,72,operator_aware_J,2.941453695297241,4.155331134796143,1.0
7,72,calibration_J_bar,4.360970497131348,5.341306686401367,1.0
8,72,group_mean,5.514057159423828,6.226283073425293,1.0
8,72,medoid,5.7188215255737305,4.488195896148682,1.0
8,72,operator_aware_J,3.7350821495056152,4.971311569213867,1.0
8,72,calibration_J_bar,5.541965007781982,6.2517876625061035,1.0
9,72,group_mean,3.9385874271392822,3.537097930908203,1.0
9,72,medoid,4.090384006500244,2.2016584873199463,1.0
9,72,operator_aware_J,2.462247610092163,2.470564365386963,1.0
9,72,calibration_J_bar,3.9366583824157715,3.5286545753479004,1.0
10,72,group_mean,4.893775939941406,5.734472751617432,1.0
10,72,medoid,4.942936897277832,5.742435932159424,1.0
10,72,operator_aware_J,3.6138272285461426,4.943093299865723,1.0
10,72,calibration_J_bar,4.882544994354248,5.72370719909668,1.0
11,72,group_mean,5.189069747924805,4.898162841796875,1.0
11,72,medoid,6.437198162078857,3.497382879257202,1.0
11,72,operator_aware_J,3.5000357627868652,5.360300064086914,1.0
11,72,calibration_J_bar,5.190120220184326,4.910765647888184,1.0
12,72,group_mean,8.302377700805664,6.046405792236328,1.0
12,72,medoid,10.203144073486328,5.271714210510254,1.0
12,72,operator_aware_J,4.668809413909912,5.948964595794678,1.0
12,72,calibration_J_bar,8.315837860107422,6.037281513214111,1.0
13,72,group_mean,5.080489635467529,6.979586124420166,1.0
13,72,medoid,5.7285332679748535,6.721388339996338,1.0
13,72,operator_aware_J,3.5902740955352783,5.302096366882324,1.0
13,72,calibration_J_bar,5.071326732635498,6.964480876922607,1.0
14,72,group_mean,4.594741344451904,4.758010387420654,1.0
14,72,medoid,6.497647762298584,6.176056385040283,1.0
14,72,operator_aware_J,3.263293981552124,5.01381778717041,1.0
14,72,calibration_J_bar,4.59733247756958,4.7855095863342285,1.0
15,72,group_mean,6.450326919555664,14.281217575073242,1.0
15,72,medoid,6.7598066329956055,5.745337009429932,1.0
15,72,operator_aware_J,4.917227745056152,9.404682159423828,1.0
15,72,calibration_J_bar,6.4255852699279785,14.220698356628418,1.0
16,72,group_mean,4.995786666870117,5.776180267333984,1.0
16,72,medoid,5.925957202911377,4.884745121002197,1.0
16,72,operator_aware_J,3.3868672847747803,4.638669967651367,1.0
16,72,calibration_J_bar,5.002306938171387,5.791687965393066,1.0
17,72,group_mean,3.71954083442688,4.780168533325195,1.0
17,72,medoid,4.574657440185547,3.675048351287842,1.0
17,72,operator_aware_J,2.98409366607666,4.277693748474121,1.0
17,72,calibration_J_bar,3.7296597957611084,4.796530723571777,1.0
18,72,group_mean,6.0844197273254395,6.393887042999268,1.0
18,72,medoid,6.555967330932617,5.249959945678711,1.0
18,72,operator_aware_J,4.546707630157471,4.899272918701172,1.0
18,72,calibration_J_bar,6.017594337463379,6.292132377624512,1.0
19,72,group_mean,6.049281597137451,7.067091464996338,1.0
19,72,medoid,6.552645206451416,7.635423183441162,1.0
19,72,operator_aware_J,4.4039177894592285,7.023499488830566,1.0
19,72,calibration_J_bar,6.044372081756592,7.067626476287842,1.0
0,49,group_mean,8.434260368347168,11.288670539855957,1.0
0,49,medoid,9.661746978759766,18.171178817749023,0.0
0,49,operator_aware_J,6.092014312744141,12.873551368713379,1.0
0,49,operator_aware_C_cum,1.5326950550079346,13.725241661071777,1.0
0,49,calibration_J_bar,7.30112886428833,12.22695255279541,1.0
1,49,group_mean,7.68660306930542,7.480457782745361,1.0
1,49,medoid,6.947335720062256,7.015775680541992,1.0
1,49,operator_aware_J,4.6046929359436035,6.858414649963379,1.0
1,49,operator_aware_C_cum,2.084380865097046,5.735236644744873,1.0
1,49,calibration_J_bar,6.303311824798584,7.120382308959961,1.0
2,49,group_mean,7.863734245300293,9.022624015808105,1.0
2,49,medoid,8.083549499511719,6.957921504974365,0.0
2,49,operator_aware_J,5.083779811859131,7.400457382202148,1.0
2,49,operator_aware_C_cum,2.1215078830718994,9.089643478393555,1.0
2,49,calibration_J_bar,6.971372604370117,8.494502067565918,1.0
3,49,group_mean,5.527802467346191,5.156222343444824,1.0
3,49,medoid,4.887113571166992,3.136064052581787,1.0
3,49,operator_aware_J,3.607405662536621,3.6079556941986084,1.0
3,49,operator_aware_C_cum,1.7282415628433228,3.2734060287475586,1.0
3,49,calibration_J_bar,5.145851135253906,4.861385345458984,1.0
4,49,group_mean,8.153179168701172,9.724782943725586,1.0
4,49,medoid,9.416933059692383,9.09366226196289,1.0
4,49,operator_aware_J,5.029373645782471,10.32535171508789,1.0
4,49,operator_aware_C_cum,1.829172134399414,14.516775131225586,1.0
4,49,calibration_J_bar,7.082746982574463,9.126654624938965,1.0
5,49,group_mean,6.564497947692871,7.762863636016846,1.0
5,49,medoid,6.674169540405273,6.579718589782715,1.0
5,49,operator_aware_J,4.86299991607666,5.9999518394470215,1.0
5,49,calibration_J_bar,6.564764976501465,7.713706016540527,1.0
6,49,group_mean,17.395273208618164,13.600237846374512,0.0
6,49,medoid,17.027252197265625,7.77673864364624,0.0
6,49,operator_aware_J,8.046467781066895,13.722195625305176,0.0
6,49,calibration_J_bar,17.36858367919922,13.652828216552734,0.0
7,49,group_mean,5.862117290496826,9.21562385559082,1.0
7,49,medoid,5.549949645996094,6.014749050140381,1.0
7,49,operator_aware_J,3.6959917545318604,7.674901485443115,1.0
7,49,calibration_J_bar,5.8655266761779785,9.189865112304688,1.0
8,49,group_mean,6.696197509765625,6.7672905921936035,1.0
8,49,medoid,7.951779842376709,5.421760082244873,1.0
8,49,operator_aware_J,4.524157524108887,5.2356038093566895,1.0
8,49,calibration_J_bar,6.692756175994873,6.766382694244385,1.0
9,49,group_mean,4.710505962371826,4.402072429656982,1.0
9,49,medoid,4.987281799316406,4.684053897857666,1.0
9,49,operator_aware_J,2.942857027053833,3.2404651641845703,1.0
9,49,calibration_J_bar,4.711800575256348,4.408545970916748,1.0
10,49,group_mean,5.143685340881348,6.7759623527526855,1.0
10,49,medoid,6.378789901733398,8.408655166625977,1.0
10,49,operator_aware_J,3.875819444656372,5.9713616371154785,1.0
10,49,calibration_J_bar,5.1517815589904785,6.701450347900391,1.0
11,49,group_mean,5.688079357147217,7.787055015563965,1.0
11,49,medoid,5.743203163146973,5.257659435272217,1.0
11,49,operator_aware_J,4.151887893676758,7.463684558868408,1.0
11,49,calibration_J_bar,5.682873249053955,7.7695698738098145,1.0
12,49,group_mean,8.278119087219238,7.158013343811035,1.0
12,49,medoid,9.277555465698242,7.278050422668457,1.0
12,49,operator_aware_J,4.904073715209961,7.852018356323242,1.0
12,49,calibration_J_bar,8.268285751342773,7.145305633544922,1.0
13,49,group_mean,6.302092552185059,8.91342544555664,1.0
13,49,medoid,7.198874473571777,8.104693412780762,0.0
13,49,operator_aware_J,4.084326267242432,6.807433605194092,1.0
13,49,calibration_J_bar,6.279467582702637,8.898902893066406,1.0
14,49,group_mean,5.827975749969482,8.767353057861328,1.0
14,49,medoid,7.288802623748779,8.742193222045898,1.0
14,49,operator_aware_J,3.978996753692627,7.94904899597168,1.0
14,49,calibration_J_bar,5.873620510101318,8.931608200073242,1.0
15,49,group_mean,6.457339763641357,15.858161926269531,1.0
15,49,medoid,7.381843090057373,9.897375106811523,1.0
15,49,operator_aware_J,5.153081893920898,12.235442161560059,1.0
15,49,calibration_J_bar,6.459022045135498,15.846979141235352,1.0
16,49,group_mean,5.198210716247559,7.1024932861328125,1.0
16,49,medoid,6.127108573913574,7.766615390777588,1.0
16,49,operator_aware_J,3.6769258975982666,6.193772792816162,1.0
16,49,calibration_J_bar,5.191025733947754,7.105241298675537,1.0
17,49,group_mean,4.188169479370117,5.501819133758545,1.0
17,49,medoid,5.757737159729004,8.215399742126465,1.0
17,49,operator_aware_J,3.3718292713165283,4.9050822257995605,1.0
17,49,calibration_J_bar,4.1908650398254395,5.494698524475098,1.0
18,49,group_mean,7.159698963165283,7.667051792144775,1.0
18,49,medoid,7.8088202476501465,6.8323073387146,1.0
18,49,operator_aware_J,5.310324668884277,6.560248374938965,1.0
18,49,calibration_J_bar,7.108898639678955,7.5962371826171875,1.0
19,49,group_mean,5.905251979827881,8.673283576965332,1.0
19,49,medoid,7.196863651275635,11.17820930480957,1.0
19,49,operator_aware_J,4.506166458129883,8.548334121704102,1.0
19,49,calibration_J_bar,5.943780899047852,8.641611099243164,1.0
0,32,group_mean,9.2603759765625,13.919303894042969,1.0
0,32,medoid,11.197068214416504,13.246116638183594,1.0
0,32,operator_aware_J,6.718283176422119,15.745155334472656,1.0
0,32,operator_aware_C_cum,1.6531133651733398,17.478729248046875,1.0
0,32,calibration_J_bar,8.178580284118652,14.820320129394531,1.0
1,32,group_mean,8.296217918395996,8.214509963989258,1.0
1,32,medoid,8.073372840881348,9.603452682495117,1.0
1,32,operator_aware_J,5.020997047424316,9.641189575195312,1.0
1,32,operator_aware_C_cum,2.2478184700012207,7.692437648773193,1.0
1,32,calibration_J_bar,7.045968055725098,8.567061424255371,1.0
2,32,group_mean,7.776219844818115,9.606912612915039,1.0
2,32,medoid,8.946830749511719,11.849424362182617,0.0
2,32,operator_aware_J,5.360678195953369,7.285887241363525,1.0
2,32,operator_aware_C_cum,2.2710342407226562,7.6334123611450195,1.0
2,32,calibration_J_bar,7.035156726837158,9.254953384399414,1.0
3,32,group_mean,7.16680908203125,7.631778240203857,1.0
3,32,medoid,6.194604873657227,4.577620506286621,1.0
3,32,operator_aware_J,4.2817206382751465,5.564436435699463,1.0
3,32,operator_aware_C_cum,2.015411853790283,5.2551188468933105,1.0
3,32,calibration_J_bar,6.552064418792725,7.201902389526367,1.0
4,32,group_mean,10.393507957458496,12.50019359588623,1.0
4,32,medoid,10.394964218139648,11.246646881103516,1.0
4,32,operator_aware_J,6.112056732177734,14.400228500366211,1.0
4,32,operator_aware_C_cum,1.934078335762024,18.690309524536133,1.0
4,32,calibration_J_bar,9.16569995880127,12.111743927001953,1.0
5,32,group_mean,6.969145774841309,7.981725215911865,1.0
5,32,medoid,7.644809722900391,7.745187759399414,1.0
5,32,operator_aware_J,5.038183689117432,6.239743232727051,1.0
5,32,calibration_J_bar,6.9494853019714355,7.965020656585693,1.0
6,32,group_mean,19.10527229309082,14.430733680725098,0.0
6,32,medoid,18.003217697143555,10.696734428405762,0.0
6,32,operator_aware_J,8.926885604858398,15.745601654052734,0.0
6,32,calibration_J_bar,19.057369232177734,14.537202835083008,0.0
7,32,group_mean,6.343918800354004,9.801273345947266,1.0
7,32,medoid,5.51623010635376,5.944356918334961,1.0
7,32,operator_aware_J,3.9756693840026855,7.661440372467041,1.0
7,32,calibration_J_bar,6.341540336608887,9.846628189086914,1.0
8,32,group_mean,8.51585578918457,9.810352325439453,1.0
8,32,medoid,9.216596603393555,8.852121353149414,1.0
8,32,operator_aware_J,5.269119739532471,8.742727279663086,1.0
8,32,calibration_J_bar,8.44455337524414,9.666343688964844,1.0
9,32,group_mean,6.448263645172119,7.490157604217529,1.0
9,32,medoid,7.093890190124512,6.283773422241211,1.0
9,32,operator_aware_J,3.8342442512512207,5.949631214141846,1.0
9,32,calibration_J_bar,6.426131725311279,7.46121883392334,1.0
10,32,group_mean,6.558806419372559,8.1156587600708,1.0
10,32,medoid,7.19988489151001,8.643331527709961,1.0
10,32,operator_aware_J,4.7676920890808105,7.902637004852295,1.0
10,32,calibration_J_bar,6.49283504486084,7.991186141967773,1.0
11,32,group_mean,6.48626184463501,9.684276580810547,1.0
11,32,medoid,7.70205020904541,8.228357315063477,1.0
11,32,operator_aware_J,4.481939792633057,10.31744384765625,1.0
11,32,calibration_J_bar,6.455146312713623,9.638501167297363,1.0
12,32,group_mean,10.98000717163086,10.030069351196289,1.0
12,32,medoid,11.191534042358398,10.243762016296387,1.0
12,32,operator_aware_J,5.707050800323486,14.164874076843262,1.0
12,32,calibration_J_bar,10.92010498046875,9.944822311401367,1.0
13,32,group_mean,6.285011291503906,10.229769706726074,1.0
13,32,medoid,7.502647399902344,11.262219429016113,1.0
13,32,operator_aware_J,4.499786376953125,7.8242034912109375,1.0
13,32,calibration_J_bar,6.260236740112305,10.178345680236816,1.0
14,32,group_mean,7.665338516235352,11.236882209777832,1.0
14,32,medoid,9.564793586730957,12.327004432678223,1.0
14,32,operator_aware_J,4.998900890350342,10.50574779510498,1.0
14,32,calibration_J_bar,7.687791347503662,11.392751693725586,1.0
15,32,group_mean,8.068469047546387,26.969144821166992,1.0
15,32,medoid,10.29763412475586,34.923675537109375,0.0
15,32,operator_aware_J,6.055019378662109,20.63438606262207,1.0
15,32,calibration_J_bar,8.092145919799805,27.005847930908203,1.0
16,32,group_mean,6.696643352508545,9.777559280395508,1.0
16,32,medoid,7.327950477600098,8.063692092895508,1.0
16,32,operator_aware_J,4.57004451751709,7.747218132019043,1.0
16,32,calibration_J_bar,6.7192463874816895,9.911372184753418,1.0
17,32,group_mean,4.889525413513184,5.978221416473389,1.0
17,32,medoid,5.0347065925598145,8.071430206298828,1.0
17,32,operator_aware_J,3.9438512325286865,4.925384044647217,1.0
17,32,calibration_J_bar,4.901961803436279,5.893267631530762,1.0
18,32,group_mean,8.9044771194458,12.895249366760254,1.0
18,32,medoid,9.378918647766113,9.832717895507812,1.0
18,32,operator_aware_J,6.415090560913086,10.45313835144043,1.0
18,32,calibration_J_bar,8.785284042358398,12.917433738708496,1.0
19,32,group_mean,7.048584461212158,8.384289741516113,1.0
19,32,medoid,8.591547012329102,7.946628093719482,1.0
19,32,operator_aware_J,5.27396297454834,8.991952896118164,1.0
19,32,calibration_J_bar,7.126689434051514,8.380163192749023,1.0
