sample_id,layer,site,token_type,cos_sim,r_mag,q_contract,c_l1,x_norm,delta_norm,is_extreme,clean_correct,margin,flipped,patch_extreme_frac,pair_id,group,matching_dist
465,0,mlp,patch,-0.2736532986164093,1.016269326210022,1.2152258157730103,1.7763235569000244,10.01392936706543,9.658659934997559,True,1.0,5.186174392700195,0.0,0.0714285671710968,0,extreme,0.8267728167303114
683,0,mlp,patch,-0.19955895841121674,1.1879831552505493,1.406115174293518,1.634351134300232,8.1471529006958,8.934000968933105,False,0.0,4.534599304199219,0.0,0.0,0,control,0.8267728167303114
558,0,mlp,patch,-0.34237515926361084,1.0585516691207886,1.1880958080291748,1.8091131448745728,10.884227752685547,10.896927833557129,True,0.0,0.7827277183532715,1.0,0.05102040618658066,1,extreme,1.3398622385361632
598,0,mlp,patch,-0.19596920907497406,1.2648131847381592,1.4674224853515625,1.6295884847640991,8.050661087036133,9.175092697143555,False,1.0,0.9804220199584961,0.0,0.020408162847161293,1,control,1.3398622385361632
740,0,mlp,patch,-0.3089357018470764,0.9993156790733337,1.178612470626831,1.7856248617172241,10.74218463897705,10.210469245910645,True,1.0,0.8930397033691406,1.0,0.06122449040412903,2,extreme,1.0791279650004741
312,0,mlp,patch,-0.19678185880184174,1.0977286100387573,1.3392701148986816,1.6609562635421753,8.498419761657715,8.818875312805176,False,1.0,0.6266002655029297,0.0,0.0,2,control,1.0791279650004741
843,0,mlp,patch,-0.22066397964954376,1.1366411447525024,1.3476539850234985,1.6956197023391724,8.875982284545898,9.245383262634277,True,1.0,0.34372711181640625,1.0,0.05102040618658066,3,extreme,0.29752529523045634
56,0,mlp,patch,-0.15110370516777039,1.1600868701934814,1.431883454322815,1.5990992784500122,8.377799987792969,8.81663990020752,False,1.0,0.21440649032592773,1.0,0.005102040711790323,3,control,0.29752529523045634
952,0,mlp,patch,-0.3352351486682892,1.041969895362854,1.1884185075759888,1.7931368350982666,10.681890487670898,10.262762069702148,True,0.0,2.09867000579834,0.0,0.11734693497419357,4,extreme,0.8764506073446269
892,0,mlp,patch,-0.18874704837799072,1.165238618850708,1.38600492477417,1.6674766540527344,8.511486053466797,9.358597755432129,False,1.0,2.165464401245117,0.0,0.0,4,control,0.8764506073446269
13,1,mlp,patch,-0.5135576725006104,0.5271302461624146,0.85064697265625,1.8608602285385132,10.231627464294434,5.4395833015441895,True,1.0,0.7530097961425781,1.0,0.06122449040412903,5,extreme,0.926828457332014
662,1,mlp,patch,-0.1956486999988556,0.6474456787109375,1.0759036540985107,1.6388393640518188,7.628730297088623,4.851861953735352,False,0.0,0.6013340950012207,1.0,0.030612245202064514,5,control,0.926828457332014
14,1,mlp,patch,-0.39375779032707214,0.6305180788040161,0.9459289908409119,1.8842638731002808,10.119466781616211,6.167141437530518,True,1.0,2.7715625762939453,0.0,0.13775509595870972,6,extreme,1.1632395513042553
602,1,mlp,patch,-0.18617893755435944,0.7418175935745239,1.1446324586868286,1.6474870443344116,7.566744327545166,5.236101150512695,False,0.0,1.7106013298034668,0.0,0.02551020309329033,6,control,1.1632395513042553
22,1,mlp,patch,-0.5691589117050171,0.5540031790733337,0.8191735148429871,1.9976924657821655,10.837512016296387,5.999054431915283,True,1.0,4.732452869415283,0.0,0.0714285671710968,7,extreme,1.1283995439511105
701,1,mlp,patch,-0.1941824108362198,0.663411021232605,1.0942094326019287,1.6612526178359985,7.898065090179443,4.971973896026611,False,1.0,4.663809776306152,0.0,0.02551020309329033,7,control,1.1283995439511105
38,1,mlp,patch,-0.2643401324748993,0.6671172976493835,1.0520484447479248,1.7302395105361938,8.329923629760742,5.255556583404541,True,0.0,0.41117095947265625,0.0,0.08163265138864517,8,extreme,0.4257788866106774
841,1,mlp,patch,-0.1718432456254959,0.6291654109954834,1.0995615720748901,1.5872386693954468,7.7049970626831055,4.593240737915039,False,0.0,0.539947509765625,1.0,0.0,8,control,0.4257788866106774
40,1,mlp,patch,-0.2164882868528366,0.6583706736564636,1.0819330215454102,1.6420072317123413,7.659958839416504,4.772532939910889,True,1.0,0.8935308456420898,0.0,0.05612244829535484,9,extreme,0.13988689037512256
809,1,mlp,patch,-0.18504582345485687,0.6286821961402893,1.0814505815505981,1.6038625240325928,7.720662593841553,4.700221538543701,False,0.0,1.1240310668945312,0.0,0.020408162847161293,9,control,0.13988689037512256
41,1,mlp,patch,-0.603801429271698,0.5501551032066345,0.7965914607048035,2.026865005493164,11.278596878051758,6.210341453552246,True,0.0,0.4239826202392578,1.0,0.08163265138864517,10,extreme,1.4814684220816383
56,1,mlp,patch,-0.1537894755601883,0.5784894227981567,1.0852924585342407,1.5296592712402344,7.945732116699219,4.433250904083252,False,1.0,0.21440649032592773,1.0,0.0,10,control,1.4814684220816383
43,1,mlp,patch,-0.4672456383705139,0.5489591360092163,0.8860158324241638,1.8795379400253296,9.81852912902832,5.336245536804199,True,1.0,1.5658917427062988,0.0,0.05102040618658066,11,extreme,0.7677676443434465
639,1,mlp,patch,-0.18277931213378906,0.66888427734375,1.108082890510559,1.6206393241882324,7.672575950622559,4.82512092590332,False,1.0,1.4747180938720703,0.0,0.010204081423580647,11,control,0.7677676443434465
45,1,mlp,patch,-0.6156436800956726,0.5588864684104919,0.7877752780914307,2.0689175128936768,10.847891807556152,6.0694580078125,True,1.0,4.0457563400268555,0.0,0.1071428582072258,12,extreme,1.2028341998599577
451,1,mlp,patch,-0.19595971703529358,0.6489055156707764,1.0844788551330566,1.6399610042572021,7.9012250900268555,4.875219821929932,False,1.0,4.4645490646362305,0.0,0.020408162847161293,12,control,1.2028341998599577
49,1,mlp,patch,-0.5794615149497986,0.5487461090087891,0.810358464717865,2.0012805461883545,10.271882057189941,5.639764785766602,True,1.0,2.93422794342041,0.0,0.05612244829535484,13,extreme,1.0338009742263978
92,1,mlp,patch,-0.17543478310108185,0.6430395245552063,1.0846785306930542,1.6243195533752441,7.533967018127441,4.756354808807373,False,1.0,3.0712552070617676,0.0,0.040816325694322586,13,control,1.0338009742263978
53,1,mlp,patch,-0.5109233856201172,0.5302891135215759,0.8538116216659546,1.8744651079177856,9.905313491821289,5.264876842498779,True,1.0,3.742238998413086,0.0,0.07653061300516129,14,extreme,0.9494542742029619
861,1,mlp,patch,-0.16705162823200226,0.623281717300415,1.0892579555511475,1.5892785787582397,7.382985591888428,4.483314037322998,False,1.0,3.527468681335449,0.0,0.020408162847161293,14,control,0.9494542742029619
62,1,mlp,patch,-0.5342759490013123,0.5479084849357605,0.8390492796897888,1.942125916481018,10.327390670776367,5.6885809898376465,True,0.0,0.5520997047424316,1.0,0.05102040618658066,15,extreme,1.0815236923080331
819,1,mlp,patch,-0.18366923928260803,0.6177783012390137,1.0797487497329712,1.6037582159042358,7.660674095153809,4.560444355010986,False,1.0,0.5092811584472656,1.0,0.0,15,control,1.0815236923080331
68,1,mlp,patch,-0.6236040592193604,0.5447233319282532,0.7814125418663025,2.0862326622009277,10.600481986999512,5.7866411209106445,True,0.0,2.355250358581543,1.0,0.07653061300516129,16,extreme,1.1744471769351683
896,1,mlp,patch,-0.1677345335483551,0.7081865668296814,1.1321519613265991,1.6288071870803833,7.384124755859375,4.9632158279418945,False,1.0,2.0359411239624023,0.0,0.040816325694322586,16,control,1.1744471769351683
71,1,mlp,patch,-0.5104571580886841,0.5511202812194824,0.8549429178237915,1.9182440042495728,10.387479782104492,5.721682548522949,True,1.0,4.493988037109375,0.0,0.06632652878761292,17,extreme,1.2135569640174684
450,1,mlp,patch,-0.18514247238636017,0.6732529401779175,1.1131529808044434,1.6164724826812744,7.50133752822876,4.7514543533325195,False,1.0,5.396632671356201,0.0,0.005102040711790323,17,control,1.2135569640174684
74,1,mlp,patch,-0.24429982900619507,0.6857010722160339,1.0726592540740967,1.7188726663589478,8.086618423461914,5.236259460449219,True,0.0,1.3462028503417969,0.0,0.05102040618658066,18,extreme,0.32089394511757274
617,1,mlp,patch,-0.18845681846141815,0.6961838603019714,1.1320881843566895,1.625702142715454,7.547199726104736,4.786349296569824,False,0.0,1.1755127906799316,0.0,0.015306122601032257,18,control,0.32089394511757274
76,1,mlp,patch,-0.6001711487770081,0.5427740216255188,0.7992330193519592,2.0366506576538086,10.382270812988281,5.652576446533203,True,1.0,3.5565385818481445,0.0,0.06122449040412903,19,extreme,1.184905955039279
320,1,mlp,patch,-0.17292708158493042,0.6088535189628601,1.0767611265182495,1.604811668395996,7.576241493225098,4.5192484855651855,False,1.0,2.889288902282715,0.0,0.02551020309329033,19,control,1.184905955039279
83,1,mlp,patch,-0.24132715165615082,0.695029079914093,1.0830177068710327,1.7101550102233887,7.916440010070801,5.121413230895996,True,1.0,3.79931640625,0.0,0.06632652878761292,20,extreme,0.4679541846090464
648,1,mlp,patch,-0.1378495842218399,0.6644420623779297,1.119705080986023,1.5765483379364014,6.908239841461182,4.533066749572754,False,0.0,3.718242645263672,0.0,0.005102040711790323,20,control,0.4679541846090464
84,1,mlp,patch,-0.5366047024726868,0.5376420021057129,0.8365890979766846,1.9387222528457642,11.080157279968262,5.970180988311768,True,1.0,5.267435550689697,0.0,0.06122449040412903,21,extreme,1.4188108873630652
925,1,mlp,patch,-0.18133603036403656,0.6285743713378906,1.0917130708694458,1.6004968881607056,7.537657260894775,4.530155658721924,False,1.0,5.1881842613220215,0.0,0.010204081423580647,21,control,1.4188108873630652
85,1,mlp,patch,-0.3247908055782318,0.6013028621673584,0.9796088933944702,1.770873785018921,9.002714157104492,5.29473876953125,True,1.0,2.5216851234436035,0.0,0.12755101919174194,22,extreme,0.6294579926093535
851,1,mlp,patch,-0.1775965392589569,0.6800227165222168,1.119035243988037,1.6160035133361816,7.391427516937256,4.761999607086182,False,1.0,2.2516584396362305,0.0,0.020408162847161293,22,control,0.6294579926093535
98,1,mlp,patch,-0.5062088370323181,0.5670416951179504,0.8612401485443115,1.8778032064437866,9.094510078430176,5.153863906860352,True,1.0,5.983642578125,0.0,0.08163265138864517,23,extreme,0.7741018057180346
111,1,mlp,patch,-0.18258515000343323,0.7094281911849976,1.1273622512817383,1.6334916353225708,7.05387020111084,4.727398872375488,False,1.0,5.476374626159668,0.0,0.020408162847161293,23,control,0.7741018057180346
99,1,mlp,patch,-0.4885927140712738,0.5545016527175903,0.8688390254974365,1.8884010314941406,10.084543228149414,5.59746789932251,True,1.0,3.2061657905578613,0.0,0.09693877398967743,24,extreme,1.0444453827609308
940,1,mlp,patch,-0.18762604892253876,0.6139724850654602,1.068314790725708,1.6046991348266602,7.520874977111816,4.540449619293213,False,1.0,2.914102077484131,0.0,0.02551020309329033,24,control,1.0444453827609308
101,1,mlp,patch,-0.42755359411239624,0.5639439225196838,0.9133260846138,1.8315256834030151,9.682890892028809,5.38291072845459,True,0.0,0.36379575729370117,1.0,0.0714285671710968,25,extreme,0.8688030789718393
309,1,mlp,patch,-0.1644289791584015,0.6386783719062805,1.1072765588760376,1.5975382328033447,7.548696994781494,4.543632984161377,False,1.0,0.01807880401611328,1.0,0.0,25,control,0.8688030789718393
102,1,mlp,patch,-0.40753185749053955,0.6082324981689453,0.9410635232925415,1.8513911962509155,9.354538917541504,5.4890875816345215,True,1.0,4.654349327087402,0.0,0.13265305757522583,26,extreme,0.8741553477859556
141,1,mlp,patch,-0.15618038177490234,0.7873390316963196,1.1934996843338013,1.6387248039245605,6.966291427612305,4.960257053375244,False,1.0,5.045987129211426,0.0,0.0357142835855484,26,control,0.8741553477859556
106,1,mlp,patch,-0.43473517894744873,0.5554655194282532,0.9043676257133484,1.8358774185180664,9.43029499053955,5.206185817718506,True,0.0,0.15665149688720703,1.0,0.0714285671710968,27,extreme,0.7453815151842655
742,1,mlp,patch,-0.1581842452287674,0.6755458116531372,1.1191067695617676,1.6069849729537964,7.310240268707275,4.761074066162109,False,1.0,0.13472843170166016,1.0,0.020408162847161293,27,control,0.7453815151842655
110,1,mlp,patch,-0.28723448514938354,0.6215591430664062,1.0073014497756958,1.7557018995285034,8.706437110900879,5.3357133865356445,True,0.0,2.397794246673584,0.0,0.13775509595870972,28,extreme,0.6130109034360413
578,1,mlp,patch,-0.19639952480793,0.634915292263031,1.0808842182159424,1.6152801513671875,7.41558837890625,4.555494785308838,False,1.0,2.2435145378112793,0.0,0.015306122601032257,28,control,0.6130109034360413
114,1,mlp,patch,-0.5745669007301331,0.5633381605148315,0.8088129758834839,2.072066068649292,10.660884857177734,6.023855209350586,True,1.0,0.2519664764404297,1.0,0.18367347121238708,29,extreme,1.3198083647935248
485,1,mlp,patch,-0.19092999398708344,0.700360119342804,1.1138322353363037,1.6509047746658325,7.229519367218018,4.848230838775635,False,0.0,0.530522346496582,0.0,0.020408162847161293,29,control,1.3198083647935248
127,1,mlp,patch,-0.500840961933136,0.5138033628463745,0.8575219511985779,1.8449357748031616,9.870006561279297,5.115413188934326,True,1.0,2.698394298553467,0.0,0.05612244829535484,30,extreme,0.7944140720439465
310,1,mlp,patch,-0.17203600704669952,0.5474774837493896,1.0568933486938477,1.5361586809158325,7.921914577484131,4.278407573699951,False,1.0,2.7451767921447754,0.0,0.0,30,control,0.7944140720439465
128,1,mlp,patch,-0.5155818462371826,0.6011292338371277,0.8575920462608337,1.990229845046997,9.252435684204102,5.53203821182251,True,1.0,3.8365793228149414,0.0,0.17346937954425812,31,extreme,0.9271443589930342
304,1,mlp,patch,-0.15492072701454163,0.648840606212616,1.1143931150436401,1.5680410861968994,7.188080787658691,4.468040466308594,False,1.0,3.45882511138916,0.0,0.0,31,control,0.9271443589930342
129,1,mlp,patch,-0.43115127086639404,0.5636306405067444,0.9070627689361572,1.8405580520629883,9.854124069213867,5.492544174194336,True,1.0,5.269396781921387,0.0,0.06632652878761292,32,extreme,1.075642255156117
990,1,mlp,patch,-0.17411231994628906,0.6711670160293579,1.1323964595794678,1.597503900527954,7.301113605499268,4.42292594909668,False,1.0,4.741330146789551,0.0,0.0,32,control,1.075642255156117
132,1,mlp,patch,-0.2994743287563324,0.6015095710754395,0.9959890842437744,1.7273067235946655,8.442242622375488,5.017462253570557,True,1.0,3.3839454650878906,0.0,0.10204081237316132,33,extreme,0.5109742020106851
572,1,mlp,patch,-0.13799676299095154,0.6096274852752686,1.1065508127212524,1.5362240076065063,7.390535354614258,4.3432841300964355,False,0.0,3.3140764236450195,0.0,0.010204081423580647,33,control,0.5109742020106851
135,1,mlp,patch,-0.29252222180366516,0.6308679580688477,1.0076326131820679,1.780582308769226,8.67908000946045,5.325037002563477,True,1.0,5.290813446044922,0.0,0.11734693497419357,34,extreme,0.7647675094859837
749,1,mlp,patch,-0.11652524024248123,0.665337085723877,1.1442595720291138,1.5592831373214722,6.949151515960693,4.407350540161133,False,1.0,5.272311687469482,0.0,0.02551020309329033,34,control,0.7647675094859837
140,1,mlp,patch,-0.2514776587486267,0.7115107774734497,1.0899405479431152,1.7068626880645752,7.75687313079834,5.115796089172363,True,1.0,2.0340938568115234,0.0,0.08673468977212906,35,extreme,0.35153376200240294
401,1,mlp,patch,-0.18240197002887726,0.617965579032898,1.0806951522827148,1.5960288047790527,7.618315696716309,4.547127723693848,False,1.0,1.7670464515686035,1.0,0.02551020309329033,35,control,0.35153376200240294
143,1,mlp,patch,-0.441825270652771,0.6186503767967224,0.9106923937797546,1.9009953737258911,9.334468841552734,5.67857027053833,True,1.0,5.0694379806518555,0.0,0.178571417927742,36,extreme,1.1270245192313855
318,1,mlp,patch,-0.14933356642723083,0.6613403558731079,1.1311053037643433,1.5668309926986694,6.93245267868042,4.338153839111328,False,1.0,4.546679973602295,0.0,0.015306122601032257,36,control,1.1270245192313855
144,1,mlp,patch,-0.4057502746582031,0.5922734141349792,0.9270948767662048,1.8481992483139038,8.93114185333252,5.265387058258057,True,1.0,3.8558106422424316,0.0,0.08163265138864517,37,extreme,0.7704716752499142
954,1,mlp,patch,-0.15002697706222534,0.5875109434127808,1.082938551902771,1.5595108270645142,7.356707572937012,4.2369384765625,False,1.0,3.8848447799682617,0.0,0.0,37,control,0.7704716752499142
163,1,mlp,patch,-0.5978915691375732,0.561013400554657,0.7971227169036865,2.075969696044922,10.784673690795898,6.05549430847168,True,0.0,2.3105826377868652,0.0,0.07653061300516129,38,extreme,1.3628156820025823
855,1,mlp,patch,-0.19848260283470154,0.6057360172271729,1.0600193738937378,1.598490834236145,7.744167804718018,4.640939235687256,False,0.0,1.472114086151123,0.0,0.005102040711790323,38,control,1.3628156820025823
194,1,mlp,patch,-0.39595356583595276,0.6238880157470703,0.965222954750061,1.8206660747528076,9.031871795654297,5.2787766456604,True,1.0,5.052368640899658,0.0,0.1071428582072258,39,extreme,0.9679699967962279
948,1,mlp,patch,-0.12685666978359222,0.670648992061615,1.1523823738098145,1.5588951110839844,7.102689743041992,4.432285308837891,False,1.0,4.084673881530762,0.0,0.0,39,control,0.9679699967962279
196,1,mlp,patch,-0.529869794845581,0.5459478497505188,0.8426015377044678,1.9301215410232544,10.29945182800293,5.665348052978516,True,1.0,0.8771944046020508,0.0,0.14795918762683868,40,extreme,1.0857865582088435
108,1,mlp,patch,-0.186910018324852,0.6587284207344055,1.1071934700012207,1.6131267547607422,7.629696846008301,4.706128120422363,False,0.0,1.4661192893981934,0.0,0.0,40,control,1.0857865582088435
197,1,mlp,patch,-0.42097216844558716,0.6339712142944336,0.9393776059150696,1.8800278902053833,9.231194496154785,5.6220316886901855,True,0.0,0.33762216567993164,1.0,0.11734693497419357,41,extreme,0.8559011061201309
712,1,mlp,patch,-0.190137580037117,0.6164159178733826,1.0689890384674072,1.61020028591156,7.440622806549072,4.517764091491699,False,0.0,0.16283464431762695,1.0,0.02551020309329033,41,control,0.8559011061201309
206,1,mlp,patch,-0.5690315961837769,0.529736340045929,0.8172724843025208,1.963410496711731,10.478744506835938,5.58365535736084,True,1.0,1.999532699584961,0.0,0.05102040618658066,42,extreme,1.255084718870939
900,1,mlp,patch,-0.18154564499855042,0.6849231719970703,1.1211519241333008,1.6184934377670288,7.250232696533203,4.644661903381348,False,0.0,1.3055095672607422,1.0,0.0,42,control,1.255084718870939
209,1,mlp,patch,-0.5171700119972229,0.532664954662323,0.8509300947189331,1.8824996948242188,10.256791114807129,5.469706058502197,True,1.0,0.04650545120239258,1.0,0.0714285671710968,43,extreme,1.1027021679505882
250,1,mlp,patch,-0.1869792938232422,0.5862718224525452,1.0738298892974854,1.5504220724105835,7.5931010246276855,4.272493839263916,False,1.0,0.0567784309387207,1.0,0.0,43,control,1.1027021679505882
212,1,mlp,patch,-0.407950222492218,0.5628314018249512,0.9264793992042542,1.7903152704238892,9.023214340209961,4.997766017913818,True,1.0,0.26018238067626953,1.0,0.06122449040412903,44,extreme,0.6221441460204212
941,1,mlp,patch,-0.1726202666759491,0.5966406464576721,1.0747987031936646,1.590545654296875,7.481439113616943,4.3592305183410645,False,1.0,0.18992853164672852,1.0,0.0,44,control,0.6221441460204212
222,1,mlp,patch,-0.4634249210357666,0.5397018194198608,0.8826737403869629,1.8509197235107422,9.242191314697266,4.985411167144775,True,0.0,0.8874773979187012,0.0,0.06122449040412903,45,extreme,0.6508082233490201
307,1,mlp,patch,-0.15319034457206726,0.6286224722862244,1.0986318588256836,1.5801520347595215,7.435296535491943,4.5269269943237305,False,1.0,0.8785610198974609,0.0,0.0,45,control,0.6508082233490201
228,1,mlp,patch,-0.5497733354568481,0.52919602394104,0.8283094763755798,1.9467673301696777,10.16594409942627,5.407649993896484,True,1.0,5.409682273864746,0.0,0.05612244829535484,46,extreme,1.425118268220136
908,1,mlp,patch,-0.07036053389310837,0.7054164409637451,1.1889444589614868,1.5340261459350586,6.383726596832275,4.353100776672363,False,1.0,4.813880920410156,0.0,0.0,46,control,1.425118268220136
230,1,mlp,patch,-0.5639457106590271,0.5362445712089539,0.8201418519020081,1.971642017364502,11.036319732666016,5.954555034637451,True,1.0,0.6231160163879395,1.0,0.08673468977212906,47,extreme,1.4658534503574627
782,1,mlp,patch,-0.16534623503684998,0.7022678256034851,1.1322962045669556,1.6212806701660156,7.14860200881958,4.799785137176514,False,1.0,1.1117782592773438,0.0,0.010204081423580647,47,control,1.4658534503574627
239,1,mlp,patch,-0.3704057037830353,0.6664232611656189,0.9741542339324951,1.8598253726959229,8.62253475189209,5.588383674621582,True,1.0,3.2759060859680176,0.0,0.16326530277729034,48,extreme,0.7454916688564054
920,1,mlp,patch,-0.11341509222984314,0.7396312355995178,1.1894451379776,1.5872454643249512,6.890118598937988,4.734842777252197,False,1.0,3.160130023956299,0.0,0.010204081423580647,48,control,0.7454916688564054
273,1,mlp,patch,-0.45099616050720215,0.5408574342727661,0.8921634554862976,1.81711745262146,9.176827430725098,4.97790002822876,True,0.0,1.0579876899719238,0.0,0.09693877398967743,49,extreme,0.7105369727795491
460,1,mlp,patch,-0.17319250106811523,0.6339106559753418,1.0972518920898438,1.6017224788665771,7.318253517150879,4.444309234619141,False,0.0,1.3964605331420898,1.0,0.015306122601032257,49,control,0.7105369727795491
284,1,mlp,patch,-0.1810300350189209,0.7015816569328308,1.1283024549484253,1.6342437267303467,7.2995686531066895,4.810003280639648,True,1.0,4.116204738616943,0.0,0.05612244829535484,50,extreme,0.391498806545672
773,1,mlp,patch,-0.10947885364294052,0.7605922222137451,1.209062099456787,1.5499131679534912,6.403196334838867,4.506505489349365,False,1.0,3.7826085090637207,0.0,0.005102040711790323,50,control,0.391498806545672
285,1,mlp,patch,-0.5122056007385254,0.5599219799041748,0.8569555282592773,1.9264816045761108,9.58243179321289,5.349881649017334,True,0.0,3.9356775283813477,0.0,0.06122449040412903,51,extreme,1.086992382851377
613,1,mlp,patch,-0.12904195487499237,0.7806732654571533,1.2050296068191528,1.6107724905014038,6.580398082733154,4.661818981170654,False,1.0,3.56772518157959,0.0,0.020408162847161293,51,control,1.086992382851377
288,1,mlp,patch,-0.4238414168357849,0.5477483868598938,0.9006836414337158,1.844653606414795,10.278069496154785,5.628081321716309,True,1.0,1.0545177459716797,0.0,0.05612244829535484,52,extreme,1.1710939413591006
445,1,mlp,patch,-0.1494518220424652,0.737921416759491,1.1714229583740234,1.6039217710494995,7.049590110778809,4.775223731994629,False,0.0,0.9706387519836426,1.0,0.010204081423580647,52,control,1.1710939413591006
291,1,mlp,patch,-0.5190014839172363,0.5471901297569275,0.8498128652572632,1.9173568487167358,10.281638145446777,5.654913425445557,True,1.0,4.485543727874756,0.0,0.11734693497419357,53,extreme,1.487500308723881
1,1,mlp,patch,-0.08148067444562912,0.6524605751037598,1.1561329364776611,1.5165910720825195,6.549328327178955,4.1609015464782715,False,1.0,4.416955471038818,0.0,0.0,53,control,1.487500308723881
298,1,mlp,patch,-0.5804210305213928,0.5358507037162781,0.8098303079605103,1.9894357919692993,10.420056343078613,5.60563325881958,True,0.0,2.42236328125,0.0,0.06122449040412903,54,extreme,1.2360936126661468
557,1,mlp,patch,-0.15341483056545258,0.6664140820503235,1.1238998174667358,1.5821125507354736,7.158833026885986,4.563260555267334,False,1.0,2.7062954902648926,0.0,0.010204081423580647,54,control,1.2360936126661468
314,1,mlp,patch,-0.09390340000391006,0.76724773645401,1.2123812437057495,1.5760821104049683,6.420738697052002,4.6258673667907715,True,1.0,2.5082335472106934,0.0,0.05102040618658066,55,extreme,0.26460964570770146
3,1,mlp,patch,-0.1162179708480835,0.6237394213676453,1.1146372556686401,1.517840027809143,6.810220241546631,4.217254638671875,False,1.0,2.416761875152588,0.0,0.0,55,control,0.26460964570770146
332,1,mlp,patch,-0.5325840711593628,0.5947256088256836,0.8429115414619446,1.9898951053619385,10.196685791015625,6.088003635406494,True,1.0,3.183681011199951,0.0,0.25,56,extreme,1.4721636548800128
4,1,mlp,patch,-0.13472825288772583,0.6950127482414246,1.1643099784851074,1.5562217235565186,6.837152004241943,4.378557205200195,False,1.0,2.841479778289795,0.0,0.0,56,control,1.4721636548800128
337,1,mlp,patch,-0.5250562429428101,0.5459765195846558,0.8451394438743591,1.9064174890518188,9.934818267822266,5.4527716636657715,True,1.0,4.440037250518799,0.0,0.06122449040412903,57,extreme,1.363721431535481
21,1,mlp,patch,-0.08687973022460938,0.7051572203636169,1.1802327632904053,1.5466511249542236,6.386647701263428,4.294678688049316,False,1.0,3.993328094482422,0.0,0.015306122601032257,57,control,1.363721431535481
339,1,mlp,patch,-0.5263380408287048,0.5381867289543152,0.844935953617096,1.9261925220489502,10.257651329040527,5.539174556732178,True,1.0,2.67965030670166,0.0,0.05102040618658066,58,extreme,1.3241213014129982
437,1,mlp,patch,-0.12385471910238266,0.7256302237510681,1.1704680919647217,1.578058123588562,6.898492336273193,4.755584716796875,False,1.0,1.6907615661621094,0.0,0.030612245202064514,58,control,1.3241213014129982
341,1,mlp,patch,-0.5658077001571655,0.5433759093284607,0.8204997777938843,1.9624638557434082,10.739058494567871,5.855556964874268,True,0.0,0.051699161529541016,1.0,0.06632652878761292,59,extreme,1.383008016475367
810,1,mlp,patch,-0.1484513282775879,0.7059051990509033,1.144673228263855,1.6003658771514893,7.029069423675537,4.715631008148193,False,1.0,0.13251399993896484,0.0,0.02551020309329033,59,control,1.383008016475367
344,1,mlp,patch,-0.47858431935310364,0.5547155737876892,0.8744286894798279,1.8829193115234375,9.621341705322266,5.359377861022949,True,1.0,5.4615349769592285,0.0,0.11224489659070969,60,extreme,1.2702759586448769
607,1,mlp,patch,-0.07597891986370087,0.8414978384971619,1.278152585029602,1.570622444152832,6.044376373291016,4.607381343841553,False,1.0,5.150486946105957,0.0,0.010204081423580647,60,control,1.2702759586448769
351,1,mlp,patch,-0.557084858417511,0.5357859134674072,0.8241235017776489,1.9376912117004395,10.469758987426758,5.631571292877197,True,1.0,3.675605297088623,0.0,0.05102040618658066,61,extreme,1.4414845481146346
27,1,mlp,patch,-0.11566184461116791,0.6790431141853333,1.161876916885376,1.5478184223175049,6.793032169342041,4.32264518737793,False,1.0,3.2183847427368164,0.0,0.005102040711790323,61,control,1.4414845481146346
355,1,mlp,patch,-0.39874452352523804,0.569331705570221,0.930343747138977,1.7965987920761108,9.155047416687012,5.174936771392822,True,1.0,4.289834499359131,0.0,0.05102040618658066,62,extreme,1.073016647326259
574,1,mlp,patch,-0.024283388629555702,0.7289546728134155,1.2264676094055176,1.5132614374160767,6.22401762008667,4.3582658767700195,False,1.0,4.203160285949707,0.0,0.010204081423580647,62,control,1.073016647326259
360,1,mlp,patch,-0.44275638461112976,0.5519537329673767,0.8971449732780457,1.8509384393692017,9.80830192565918,5.400390625,True,1.0,1.3525705337524414,0.0,0.06122449040412903,63,extreme,1.0536286913540913
863,1,mlp,patch,-0.12104857712984085,0.7030972838401794,1.154455542564392,1.5883358716964722,6.908843040466309,4.675503730773926,False,1.0,1.081212043762207,1.0,0.040816325694322586,63,control,1.0536286913540913
375,1,mlp,patch,-0.5231167078018188,0.5620570182800293,0.8461464047431946,1.9778813123703003,10.218406677246094,5.722096920013428,True,1.0,3.169661521911621,0.0,0.07653061300516129,64,extreme,1.3679936381518347
417,1,mlp,patch,-0.1451239138841629,0.6618581414222717,1.1269769668579102,1.583886981010437,6.8327250480651855,4.326480865478516,False,1.0,2.934237480163574,0.0,0.005102040711790323,64,control,1.3679936381518347
393,1,mlp,patch,-0.36143189668655396,0.5967296361923218,0.9568781852722168,1.7649167776107788,8.87090015411377,5.2585248947143555,True,1.0,2.770026683807373,0.0,0.05102040618658066,65,extreme,0.8894561312311791
783,1,mlp,patch,-0.10741964727640152,0.7604302763938904,1.2296483516693115,1.5194913148880005,6.598235130310059,4.429876327514648,False,1.0,2.9753990173339844,0.0,0.0,65,control,0.8894561312311791
399,1,mlp,patch,-0.21519611775875092,0.6926992535591125,1.092260718345642,1.6863529682159424,7.781103610992432,5.149380207061768,True,1.0,2.824531078338623,0.0,0.06632652878761292,66,extreme,0.5912827186331083
489,1,mlp,patch,-0.07692886888980865,0.6619257926940918,1.1638226509094238,1.5237421989440918,6.720740795135498,4.285848140716553,False,1.0,2.828622817993164,0.0,0.0,66,control,0.5912827186331083
403,1,mlp,patch,-0.2198951095342636,0.6862531304359436,1.0835280418395996,1.6995811462402344,7.73516845703125,5.084479331970215,True,0.0,0.05931663513183594,0.0,0.05612244829535484,67,extreme,0.3449628739812926
700,1,mlp,patch,-0.19265933334827423,0.7397916913032532,1.1371304988861084,1.6602916717529297,6.837479591369629,4.7711615562438965,False,1.0,0.0964822769165039,1.0,0.02551020309329033,67,control,0.3449628739812926
404,1,mlp,patch,-0.4359055757522583,0.5927357077598572,0.9173015356063843,1.8705309629440308,9.616806030273438,5.563464164733887,True,1.0,1.6112451553344727,0.0,0.06122449040412903,68,extreme,1.1273196161459191
722,1,mlp,patch,-0.08045530319213867,0.6220454573631287,1.1371772289276123,1.511325716972351,7.01691198348999,4.259103298187256,False,1.0,1.7922015190124512,0.0,0.0,68,control,1.1273196161459191
412,1,mlp,patch,-0.2575392425060272,0.6221310496330261,1.022796869277954,1.7112395763397217,8.11125373840332,5.011135578155518,True,1.0,1.832554817199707,1.0,0.09183673560619354,69,extreme,0.6017723755811082
720,1,mlp,patch,-0.12206700444221497,0.6875948905944824,1.1548491716384888,1.5537405014038086,6.753814697265625,4.402222633361816,False,0.0,1.4564809799194336,0.0,0.015306122601032257,69,control,0.6017723755811082
424,1,mlp,patch,-0.46711939573287964,0.580148458480835,0.8874995112419128,1.8945109844207764,10.089709281921387,5.8011698722839355,True,1.0,0.8138837814331055,1.0,0.07653061300516129,70,extreme,1.2131457555503977
435,1,mlp,patch,-0.1522694230079651,0.6666550040245056,1.1174895763397217,1.5959035158157349,7.104488372802734,4.593522548675537,False,1.0,0.4330587387084961,0.0,0.020408162847161293,70,control,1.2131457555503977
436,1,mlp,patch,-0.42283692955970764,0.5803366899490356,0.9146649837493896,1.834045648574829,9.379377365112305,5.416455268859863,True,1.0,1.050501823425293,0.0,0.08673468977212906,71,extreme,0.9643639889743849
812,1,mlp,patch,-0.13320951163768768,0.6847907900810242,1.1462123394012451,1.593065619468689,7.039966583251953,4.552161693572998,False,1.0,0.4990377426147461,0.0,0.020408162847161293,71,control,0.9643639889743849
446,1,mlp,patch,-0.39396876096725464,0.5751574039459229,0.9361119270324707,1.7906631231307983,9.527815818786621,5.392894268035889,True,0.0,0.25601673126220703,1.0,0.05102040618658066,72,extreme,0.9255205826001569
16,1,mlp,patch,-0.1146155521273613,0.6314197778701782,1.1202524900436401,1.555791974067688,7.232203960418701,4.4497294425964355,False,0.0,0.11636066436767578,1.0,0.005102040711790323,72,control,0.9255205826001569
454,1,mlp,patch,-0.46059510111808777,0.5572437047958374,0.887481689453125,1.8468258380889893,9.872949600219727,5.496489524841309,True,0.0,0.2801785469055176,1.0,0.06122449040412903,73,extreme,1.066084445946983
818,1,mlp,patch,-0.09193764626979828,0.7278976440429688,1.1894832849502563,1.583691954612732,6.913161754608154,4.746573448181152,False,0.0,0.23656892776489258,1.0,0.0357142835855484,73,control,1.066084445946983
461,1,mlp,patch,-0.3469596207141876,0.597344696521759,0.9653715491294861,1.7878377437591553,8.724793434143066,5.134343147277832,True,1.0,0.7118558883666992,0.0,0.07653061300516129,74,extreme,0.7070370327457521
767,1,mlp,patch,-0.11632465571165085,0.6601638793945312,1.1348884105682373,1.5728833675384521,6.96302604675293,4.458334922790527,False,0.0,0.46941375732421875,0.0,0.0,74,control,0.7070370327457521
470,1,mlp,patch,-0.38836669921875,0.570645272731781,0.9407107830047607,1.7918463945388794,9.374975204467773,5.239724636077881,True,1.0,2.763540267944336,0.0,0.05102040618658066,75,extreme,1.335318199876246
528,1,mlp,patch,-0.10965542495250702,0.7291544675827026,1.198546051979065,1.537384033203125,6.586758136749268,4.417288303375244,False,1.0,1.2869973182678223,0.0,0.0,75,control,1.335318199876246
471,1,mlp,patch,-0.25227996706962585,0.6645854711532593,1.0585353374481201,1.7304636240005493,7.92854118347168,4.975910186767578,True,1.0,0.6750602722167969,0.0,0.05612244829535484,76,extreme,0.4737312573153662
238,1,mlp,patch,-0.1026105210185051,0.695354700088501,1.172748327255249,1.5707842111587524,6.827742576599121,4.428094387054443,False,1.0,0.6832747459411621,1.0,0.005102040711790323,76,control,0.4737312573153662
473,1,mlp,patch,-0.16534757614135742,0.7642855048179626,1.1636372804641724,1.669334888458252,6.702698707580566,4.784740924835205,True,0.0,0.9850420951843262,1.0,0.06122449040412903,77,extreme,0.22264556628824417
315,1,mlp,patch,-0.145804762840271,0.6795710921287537,1.1363747119903564,1.5713807344436646,6.8618574142456055,4.393200397491455,False,0.0,0.9509167671203613,1.0,0.0,77,control,0.22264556628824417
478,1,mlp,patch,-0.34601810574531555,0.6007036566734314,0.9672519564628601,1.7714955806732178,8.979325294494629,5.317056179046631,True,1.0,1.2930607795715332,0.0,0.05102040618658066,78,extreme,1.0108660972876213
898,1,mlp,patch,-0.11843441426753998,0.6742866635322571,1.1521176099777222,1.5532796382904053,6.843313217163086,4.3718390464782715,False,0.0,0.4264202117919922,1.0,0.005102040711790323,78,control,1.0108660972876213
479,1,mlp,patch,-0.4674683213233948,0.5542493462562561,0.8823598623275757,1.8669129610061646,9.564425468444824,5.293300151824951,True,0.0,0.6191463470458984,0.0,0.06632652878761292,79,extreme,1.0884436917871725
55,1,mlp,patch,-0.0951855480670929,0.6834590435028076,1.1735196113586426,1.531352162361145,6.731555938720703,4.3154826164245605,False,0.0,0.43939876556396484,1.0,0.0,79,control,1.0884436917871725
487,1,mlp,patch,-0.4574264883995056,0.5859635472297668,0.8906790018081665,1.8993651866912842,9.884428024291992,5.7870283126831055,True,0.0,1.029282569885254,1.0,0.11224489659070969,80,extreme,1.362696684625979
672,1,mlp,patch,-0.08859369158744812,0.6965541839599609,1.1852728128433228,1.524147629737854,6.621631145477295,4.3600664138793945,False,0.0,0.5787444114685059,1.0,0.005102040711790323,80,control,1.362696684625979
490,1,mlp,patch,-0.22590135037899017,0.6826810240745544,1.0797467231750488,1.7201703786849976,8.340605735778809,5.34368896484375,True,1.0,0.5892720222473145,0.0,0.06632652878761292,81,extreme,0.859040953876489
636,1,mlp,patch,-0.08205535262823105,0.6982683539390564,1.1772377490997314,1.5215595960617065,6.499215126037598,4.378249645233154,False,1.0,0.09114837646484375,1.0,0.015306122601032257,81,control,0.859040953876489
492,1,mlp,patch,-0.4108481705188751,0.575838029384613,0.9237927794456482,1.8198299407958984,9.116631507873535,5.199346542358398,True,1.0,0.21513843536376953,1.0,0.07653061300516129,82,extreme,1.1445990597713913
696,1,mlp,patch,-0.027113914489746094,0.7248271107673645,1.2324525117874146,1.5222326517105103,6.1714091300964355,4.222184658050537,False,0.0,0.658057689666748,1.0,0.0,82,control,1.1445990597713913
495,1,mlp,patch,-0.3815111815929413,0.6234412789344788,0.9462794065475464,1.8486467599868774,8.707674026489258,5.4219207763671875,True,0.0,0.5244913101196289,1.0,0.1071428582072258,83,extreme,1.0514341066583257
679,1,mlp,patch,-0.06108561158180237,0.7875680327415466,1.2596535682678223,1.5183347463607788,6.1836748123168945,4.4329118728637695,False,1.0,1.0937681198120117,1.0,0.0,83,control,1.0514341066583257
502,1,mlp,patch,-0.24524348974227905,0.6367451548576355,1.0490211248397827,1.678748607635498,8.099812507629395,4.957361221313477,True,0.0,0.41486167907714844,1.0,0.07653061300516129,84,extreme,0.8283239030787861
968,1,mlp,patch,-0.023827116936445236,0.7865858674049377,1.2677375078201294,1.5059908628463745,5.837551593780518,4.352663516998291,False,0.0,0.23016834259033203,0.0,0.0,84,control,0.8283239030787861
525,1,mlp,patch,-0.2872173488140106,0.6268391609191895,1.0153404474258423,1.726709008216858,8.080412864685059,4.933417797088623,True,1.0,1.0286903381347656,1.0,0.06632652878761292,85,extreme,1.1702662214549882
680,1,mlp,patch,0.025562366470694542,0.9121605753898621,1.3804216384887695,1.4738246202468872,4.8752031326293945,4.220396518707275,False,0.0,0.5273680686950684,1.0,0.0,85,control,1.1702662214549882
