condition,seed,cross_vs_seed_margin_diff,cohens_dz,ci_lower,ci_upper,p_value,acc_diff,mcnemar_p
random_sphere,6501,1.4518496338129043,0.6102779313608667,1.304011759454012,1.598018493440747,8.855860607427765e-71,0.124,1.5273140879580486e-20
random_sphere,6502,1.4427692207694054,0.6050821558467505,1.2937692812904715,1.5907256057858468,8.934596784772666e-70,0.10499999999999998,7.43754976983154e-15
random_sphere,6503,1.4576031363606452,0.6127690968642848,1.309085203740001,1.602153348597884,2.914417349003828e-71,0.126,4.5820363978827675e-20
random_sphere,6504,1.4442780967950821,0.6078610998691653,1.295459040130675,1.591247665669024,2.5981107594006238e-70,0.11199999999999999,1.4259446734856474e-16
random_sphere,6505,1.4551239427924156,0.6092883744204769,1.3064205730766059,1.6027182830944657,1.376313747471604e-70,0.11699999999999999,1.389330873133533e-17
gaussian,7501,-0.49811252307891846,-0.4808096739976804,-0.5627692462980747,-0.4347488509714603,4.047452637240799e-47,-0.027000000000000024,0.00035528111863147854
gaussian,7502,-0.4988797297477722,-0.49279419099669564,-0.5619766042113304,-0.4367398678004742,3.5542986553694274e-49,-0.030000000000000027,0.00010049669926914809
gaussian,7503,-0.4875533788204193,-0.47296116742043237,-0.5518601162016392,-0.4241914815962315,8.649731689722053e-46,-0.028000000000000025,9.021490107130603e-05
gaussian,7504,-0.4869066932201386,-0.4817324332045896,-0.5505540971517563,-0.42375501357316975,2.818024374852216e-47,-0.030000000000000027,1.5221826110689564e-05
gaussian,7505,-0.4980931429862976,-0.4904659998773732,-0.5619945849716663,-0.4354602014958859,8.96707895000442e-49,-0.027000000000000024,0.00035528111863147854
feature_shuffle,8501,1.2336500329971314,0.5747457775352269,1.1007916457742453,1.3644664450913668,5.382947145869231e-64,0.11199999999999999,9.395730660306564e-17
feature_shuffle,8502,1.7022920724749566,0.6911226173438028,1.5479219785213472,1.8522591464191673,7.498520238025073e-87,0.21399999999999997,5.2065274375494423e-45
feature_shuffle,8503,1.5732949200868607,0.6625837139359153,1.4258425080418586,1.7179049764752388,4.3502538355238235e-81,0.18200000000000005,1.9273163060501774e-36
