model,method,budget,rem_frac,top1_acc,margin_damage,logit_l2
DINOv2 ViT-S/14,Group-Mean Merging,42,0.1640625,0.722,0.7149767459705472,32.14636880111694
DINOv2 ViT-S/14,Group-Mean Merging,64,0.25,0.752,0.40664149352908135,23.1405485329628
DINOv2 ViT-S/14,Group-Mean Merging,94,0.3671875,0.778,0.1805946535449475,16.054367312431335
DINOv2 ViT-S/14,Group-Mean Merging,128,0.5,0.782,0.08748404326289892,10.785497600793839
DINOv2 ViT-S/14,Group-Mean Merging,192,0.75,0.786,0.034002497941255566,4.321589156389236
DINOv2 ViT-S/14,Oracle Rank-32,42,0.1640625,0.765,1.0848557305336,34.29430609703064
DINOv2 ViT-S/14,Oracle Rank-32,64,0.25,0.83,0.5989465928077697,24.316779685020446
DINOv2 ViT-S/14,Oracle Rank-32,94,0.3671875,0.835,0.27892542123794556,16.996242327690126
DINOv2 ViT-S/14,Oracle Rank-32,128,0.5,0.86,0.11303935527801513,11.600660227537155
DINOv2 ViT-S/14,Oracle Rank-32,192,0.75,0.87,0.033825135231018065,4.711718744337559
DINOv2 ViT-S/14,Predicted Rank-32,42,0.1640625,0.726,0.7066072126701474,32.02808232212067
DINOv2 ViT-S/14,Predicted Rank-32,64,0.25,0.752,0.40001164719462395,23.061692476272583
DINOv2 ViT-S/14,Predicted Rank-32,94,0.3671875,0.777,0.177072557926178,16.009426878929137
DINOv2 ViT-S/14,Predicted Rank-32,128,0.5,0.783,0.08609334971755743,10.761880406856537
DINOv2 ViT-S/14,Predicted Rank-32,192,0.75,0.786,0.033802171558141705,4.3156229435205455
DINOv2 ViT-S/14,Static Subspace (r=32),42,0.1640625,0.727,0.7125785858258605,31.99023761177063
DINOv2 ViT-S/14,Static Subspace (r=32),64,0.25,0.751,0.40455936148762706,23.040713253974914
DINOv2 ViT-S/14,Static Subspace (r=32),94,0.3671875,0.779,0.17959603142738342,15.993521456718446
DINOv2 ViT-S/14,Static Subspace (r=32),128,0.5,0.782,0.08690289851278067,10.754998307943344
DINOv2 ViT-S/14,Static Subspace (r=32),192,0.75,0.786,0.03382462725043297,4.313972859025002
DeiT-Small,Group-Mean Merging,32,0.16326530612244897,0.764,0.05731640309095383,6.343130058288574
DeiT-Small,Group-Mean Merging,49,0.25,0.763,0.03258641412854195,4.987530070483684
DeiT-Small,Group-Mean Merging,72,0.3673469387755102,0.764,0.00883044046163559,3.6517025398015974
DeiT-Small,Group-Mean Merging,98,0.5,0.765,0.006394201494753361,2.553608541280031
DeiT-Small,Group-Mean Merging,147,0.75,0.761,0.005340967863798142,1.1504439125582575
DeiT-Small,Oracle Rank-32,32,0.16326530612244897,0.825,0.04866640657186508,5.0511845034360885
DeiT-Small,Oracle Rank-32,49,0.25,0.83,0.008533961474895477,3.932923659682274
DeiT-Small,Oracle Rank-32,72,0.3673469387755102,0.84,-0.0019137820601463319,2.9052071431279183
DeiT-Small,Oracle Rank-32,98,0.5,0.84,-0.005288455188274383,2.0780894438922406
DeiT-Small,Oracle Rank-32,147,0.75,0.825,0.008197121322154999,1.015282430499792
DeiT-Small,Predicted Rank-32,32,0.16326530612244897,0.766,0.05688544374704361,6.370576709508896
DeiT-Small,Predicted Rank-32,49,0.25,0.764,0.03207223203778267,5.00674374294281
DeiT-Small,Predicted Rank-32,72,0.3673469387755102,0.764,0.008862304866313935,3.663187112867832
DeiT-Small,Predicted Rank-32,98,0.5,0.765,0.00647644517570734,2.559792486578226
DeiT-Small,Predicted Rank-32,147,0.75,0.761,0.005319915115833283,1.1514581227600575
DeiT-Small,Static Subspace (r=32),32,0.16326530612244897,0.765,0.05726348616182804,6.329240061998368
DeiT-Small,Static Subspace (r=32),49,0.25,0.763,0.03250374917685986,4.978244484663009
DeiT-Small,Static Subspace (r=32),72,0.3673469387755102,0.764,0.008640463680028916,3.6462715600728988
DeiT-Small,Static Subspace (r=32),98,0.5,0.765,0.006364101082086563,2.5506308382153513
DeiT-Small,Static Subspace (r=32),147,0.75,0.761,0.00540638855099678,1.1502345881909133
DeiT-Tiny,Group-Mean Merging,32,0.16326530612244897,0.665,0.09679897685348987,7.897717626571655
DeiT-Tiny,Group-Mean Merging,49,0.25,0.682,0.044461083978414535,5.963021674990654
DeiT-Tiny,Group-Mean Merging,72,0.3673469387755102,0.678,0.024763459488749504,4.222426551342011
DeiT-Tiny,Group-Mean Merging,98,0.5,0.673,0.010484879523515702,2.85520518630743
DeiT-Tiny,Group-Mean Merging,147,0.75,0.68,0.004573824614286423,1.151216648504138
DeiT-Tiny,Oracle Rank-32,32,0.16326530612244897,0.76,0.09617757976055145,6.655915416479111
DeiT-Tiny,Oracle Rank-32,49,0.25,0.78,0.029614621996879576,5.075207162499428
DeiT-Tiny,Oracle Rank-32,72,0.3673469387755102,0.76,0.012067128419876099,3.6435223883390426
DeiT-Tiny,Oracle Rank-32,98,0.5,0.77,0.0013361620903015138,2.478216049671173
DeiT-Tiny,Oracle Rank-32,147,0.75,0.77,0.009135664701461791,1.0945576438307763
DeiT-Tiny,Predicted Rank-32,32,0.16326530612244897,0.666,0.09390564115345477,7.875236670732498
DeiT-Tiny,Predicted Rank-32,49,0.25,0.684,0.04251351477205753,5.947116510152817
DeiT-Tiny,Predicted Rank-32,72,0.3673469387755102,0.677,0.02343674759566784,4.209970449864865
DeiT-Tiny,Predicted Rank-32,98,0.5,0.675,0.009619239062070847,2.8456943422853946
DeiT-Tiny,Predicted Rank-32,147,0.75,0.68,0.004276436001062393,1.147010463245213
DeiT-Tiny,Static Subspace (r=32),32,0.16326530612244897,0.665,0.09656593628227711,7.892690036296845
DeiT-Tiny,Static Subspace (r=32),49,0.25,0.682,0.044341059803962704,5.9589728696346285
DeiT-Tiny,Static Subspace (r=32),72,0.3673469387755102,0.678,0.02444215129315853,4.220762893676758
DeiT-Tiny,Static Subspace (r=32),98,0.5,0.674,0.010343657314777373,2.8541114455759526
DeiT-Tiny,Static Subspace (r=32),147,0.75,0.68,0.004525099784135818,1.1508960334435105
ViT-B/16,Group-Mean Merging,32,0.16326530612244897,0.732,0.23440722972154618,8.106849967479706
ViT-B/16,Group-Mean Merging,49,0.25,0.746,0.1226802440136671,6.40611213195324
ViT-B/16,Group-Mean Merging,72,0.3673469387755102,0.746,0.07780707366764546,4.518423245966434
ViT-B/16,Group-Mean Merging,98,0.5,0.751,0.03809422694146633,2.719970053344965
ViT-B/16,Group-Mean Merging,147,0.75,0.758,0.010995248287916183,0.8289710052385926
ViT-B/16,Oracle Rank-32,32,0.16326530612244897,0.78,0.31153255224227905,6.487446131706238
ViT-B/16,Oracle Rank-32,49,0.25,0.77,0.205632221698761,5.089005509018898
ViT-B/16,Oracle Rank-32,72,0.3673469387755102,0.78,0.11121608018875122,3.3493354973196983
ViT-B/16,Oracle Rank-32,98,0.5,0.78,0.07379761457443237,1.938567903637886
ViT-B/16,Oracle Rank-32,147,0.75,0.8,0.02228996992111206,0.6864551059901715
ViT-B/16,Predicted Rank-32,32,0.16326530612244897,0.732,0.23432546727359294,8.086003760159016
ViT-B/16,Predicted Rank-32,49,0.25,0.746,0.12231158137321473,6.380874824047089
ViT-B/16,Predicted Rank-32,72,0.3673469387755102,0.748,0.07713961528241635,4.493857525646686
ViT-B/16,Predicted Rank-32,98,0.5,0.752,0.03813180130720138,2.7035474790632725
ViT-B/16,Predicted Rank-32,147,0.75,0.758,0.01113922706246376,0.8234216604977846
ViT-B/16,Static Subspace (r=32),32,0.16326530612244897,0.732,0.2360064321309328,8.114408932328224
ViT-B/16,Static Subspace (r=32),49,0.25,0.746,0.12457557706534862,6.4111499949097634
ViT-B/16,Static Subspace (r=32),72,0.3673469387755102,0.746,0.07880821657180787,4.521636665791273
ViT-B/16,Static Subspace (r=32),98,0.5,0.752,0.03911117060482502,2.7213706062287093
ViT-B/16,Static Subspace (r=32),147,0.75,0.758,0.011417841792106628,0.8303541009649634
